,YEAR,DP01,DP10,DP1X,DSND,DSNW,EMSD,EMSN,EMXP,PRCP,SNOW,DYFG,DYTS,AWND,CDSD,CLDD,DT00,DT32,DX32,DX70,DX90,EMNT,EMXT,EVAP,HDSD,HTDD,MNPN,MXPN,TAVG,TMAX,TMIN,WDMV,WDFG,WSFG,HX01,LX01,MX01,DYHF,TSUN,WDF2,WDF5,WSF2,WSF5,PSUN,WDF1,WDFM,WSF1,WSFM,HN01,LN01,MN01,HN02,HX02,LN02,LX02,MN02,MX02,HN03,HX03,LN03,LX03,MN03,MX03
0,1960.0,10.018899425913814,7.225383070167243,1.607226945716154,0.0,0.0,0.0,0.0,47.9780840003322,140.0292347161232,0.0,5.3390052819298095,7.305533164153854,,774.2622396250869,150.20723451219212,0.0,0.9570184288404628,0.0,26.005765279917824,6.992917981265439,10.15350181598063,31.50419748330765,137.15272727272728,214.87184726336042,40.763047515102606,,,21.915644706752758,27.424305619756893,16.440286646733682,2037.8757575757577,226.50281005544164,18.559168375484173,,,,,,,,,,,,,,,,,,,,,,,,,,,,,
0,1961.0,7.928512677798392,5.523149866007009,1.0859415584415586,0.0,0.0,0.0,0.0,34.604355236033804,93.70542857142856,0.0,6.199563091229758,6.338811042758412,,774.4417187041081,150.39334200346806,0.0,0.40487679920453035,0.0,27.719713946184534,7.354008573126221,10.002645421805084,32.28310096765979,146.78070247933883,213.4175851925852,24.80057962578971,,,22.467140544096424,28.19360364145658,16.739922326506363,1827.371212121212,202.94668489405328,18.610443153337894,,,,,,,,,,,,,,,,,,,,,,,,,,,,,
0,1962.0,8.784885548241713,6.091366453181521,1.1602030579770308,0.0,0.0,0.0,0.0,36.58432739824863,102.97885029354208,0.0,6.869160529225465,6.449840314913844,,842.625215114104,152.48386581832148,0.0,0.6532972582972584,0.010327272727272727,26.479417027417032,8.801401154401155,9.188939191919193,32.22747950937951,135.2453271728272,188.45684230503798,34.93473417935112,,,22.17770856277056,27.903399145743148,16.436535096681098,1922.1252525252526,247.66770334928228,17.347819548872177,,,,,,,,,,,,,,,,,,,,,,,,,,,,,
0,1963.0,8.578796708342162,5.968411386593204,1.286377763650491,0.0,0.0,0.0,0.0,41.400815674224766,109.8711519036519,0.0,6.204487141473443,6.710698600915992,,853.5426962614348,150.82959971374603,0.0,0.938951946878776,0.0,25.753264644118303,8.127651955090979,9.943994357043138,31.846582755546173,144.00109168609168,239.47519116737604,40.65778511010218,16.171666666666667,26.14166666666667,21.914181618742596,27.507915921702512,16.314811653116532,2096.742032570604,212.24148629148632,19.322208994708994,,,,,,,,,,,,,,,,,,,,,,,,,,,,,
0,1964.0,9.118992371265097,6.429504838595747,1.496715405806315,0.0,0.0,0.0,0.0,48.60445963127781,126.51444497421768,0.0,10.81496632996633,5.083335645835646,,791.4838497809959,151.8274555462459,0.0,0.4094289670902574,0.0,26.532308976865426,6.688990713587488,10.975373289345063,31.772521994134898,143.87306915306914,240.70382291033116,28.569994646930134,18.757323232323234,29.77636363636363,22.392005396709028,27.626178335777123,17.176602028348,2575.4472402597403,220.25752259436473,18.614938862307284,,,,,,,,,,,,,,,,,,,,,,,,,,,,,
0,1965.0,9.439869134696723,6.744590486142211,1.4132477484201622,0.0,0.0,0.0,0.0,40.67984661889834,119.68128180823008,0.0,11.401103628881408,6.23475328683662,,780.5447434119279,153.71623577363496,0.0,0.4577107480333287,0.0,27.18225981008239,6.2186577759158395,10.892686106456267,31.728323150863474,135.95620999915118,153.01783140933142,25.805769096494906,18.996032467532466,30.631029220779215,22.551586920472,27.846312564004098,17.21572196329656,2329.3352272727275,208.866028708134,17.747511961722488,,,,4.4739718614718615,13801.636363636364,,,,,60.84734848484849,179.54545454545456,198.0,12.413636363636364,12.93,,,,,,,,,,,,,,,
0,1966.0,9.2481081519125,6.527859861555514,1.450628960411569,0.0,0.0,0.0,0.0,41.49776677227764,118.87151538678712,0.0,9.877104377104377,6.618239080143842,,742.0837494208135,140.81864559639982,0.0,0.68577176119549,0.0,26.264420010428413,5.551669152509489,9.780335681267886,31.14445687365855,133.03283501683504,228.94890252459058,34.44950525228068,18.69889256198347,29.31754545454545,21.80005779343068,27.042784210653956,16.50032663499401,4719.878172026386,222.32034632034635,17.44588744588745,,,,2.6607623857623857,13651.636363636364,,,,,61.1090909090909,221.81818181818184,249.54545454545453,12.763636363636364,13.045454545454543,,,,,,,,,,,,,,,
0,1967.0,8.116371732593107,5.770458400801912,1.2465340427172489,0.0,0.0,0.0,0.0,39.786043449764826,106.10326817796283,0.0,10.745707070707072,6.96935700834006,,831.1257697255575,143.7955505308184,0.0,0.5566829004329004,0.0,27.555256739327536,6.274951793535864,9.900349283652856,31.863983003230796,145.91372912801484,216.79963103254772,26.28236639352711,18.006462626262625,30.040990909090908,22.17378807526799,27.868583483379943,16.421335678210678,2250.0391414141413,211.0861244019139,16.605837320574164,,,,3.316743626743626,14379.409090909092,,,,,64.31363636363636,164.54545454545453,188.1818181818182,12.627272727272727,13.018181818181818,,,,,,,,,,,,,,,
0,1968.0,8.720213498622591,6.425321122480213,1.5155262035943855,0.0,0.0,0.0,0.00202020202020202,40.71996493615812,121.69828189907736,0.00202020202020202,10.627797202797202,5.832033388067871,,738.63054135101,142.3719138924006,0.0,1.5265145130189377,0.0,25.266953351466626,7.027642097332363,9.026589025527079,31.65723942969518,138.44396103896105,278.90192090811024,50.934072169227036,16.927536363636364,29.492663636363638,21.341263101942303,27.188975018835638,15.492075543679526,2068.883922558922,211.6658236500342,17.3022305764411,,,,3.37131398013751,15270.954545454546,,,,,67.49545454545455,185.9090909090909,163.63636363636363,13.131818181818183,12.27272727272727,,,,,,,,,,,,,,,
0,1969.0,9.77829475860972,7.049882685118905,1.737345899944325,0.0,0.0,0.0,0.0,48.53315060049312,136.66878429968983,0.0,9.832917082917083,5.933803574593049,,770.858375974026,147.13336285528945,0.0,0.6941408941408942,0.0,24.83490095762823,6.909533648170012,10.764619684619685,31.23536691591237,131.21200396825398,253.36702100757927,43.52210837073223,16.278605667060212,28.067590318772137,21.6150955988456,27.00194432638069,16.18040353990354,2031.3209790209792,174.93759820426487,18.289938271604942,,,,2.2927637721755367,13857.409090909092,,,,,61.659090909090914,207.27272727272728,167.72727272727272,13.254545454545452,14.19090909090909,,,,,,,,,,,,,,,
0,1970.0,8.21587960099865,5.917127339151149,1.3893796239034335,0.0,0.0,0.0,0.0,40.87264547401452,110.73467824503538,0.0,11.357300275482094,6.011042969376303,,732.1497794665652,149.3574581796804,0.0,0.7908299262465929,0.0,26.383219150879704,7.34611051537657,9.54263808722142,31.75668556469015,140.18503607503607,247.98773256139762,35.673418944738394,17.73819834710744,29.471380165289258,21.998415921783977,27.65148843944027,16.366959933327987,2403.9679924242423,197.2213716108453,17.190321637426898,,,,3.6833139083139077,15669.872727272728,,,,,69.31454545454547,210.9090909090909,159.54545454545453,12.636363636363637,13.709090909090907,,,,,,,,,,,,,,,
0,1971.0,9.173754273754273,6.46018486018486,1.242962442962443,0.0,0.0,0.0,0.0,37.81555607555608,107.9057837057837,0.0,13.268531468531467,6.50825517075517,,800.7499716263761,154.62487958532697,0.0,0.6204492291334396,0.0,27.640206755050503,7.663360164141413,10.183843965975544,32.28926741372054,135.29299367299367,189.03692095558762,26.644795055821373,18.03052272727273,30.806386363636364,22.561778123338645,28.288118450126262,16.799346916533757,2138.6812354312356,212.36363636363635,18.243500000000004,,,,3.7427350427350423,16233.204545454546,,,,,72.70159090909091,240.0,135.0,11.890909090909092,11.58181818181818,,,,,,,,,,,,,,,
0,1972.0,8.782881898936946,6.158724201384751,1.355834557898778,0.0,0.0,0.0,0.0,44.54452797966559,114.21089747408556,0.0,11.902597402597404,5.1612640378944725,,831.2310365290141,154.28133120680488,0.0,0.4554955570745044,0.0,27.190773904458112,7.292674489253437,10.524902863218651,32.31941045796309,142.75020202020204,128.1657822202766,27.388967646388696,17.936505050505055,30.251262626262626,22.50940088099036,28.168677895496316,16.8442129718235,2203.737944925445,221.74242424242425,18.296212121212122,,,,3.3676434676434677,16755.545454545452,,,,,73.99545454545455,204.0909090909091,225.0,11.65909090909091,14.154545454545454,,,,,,,,,,,,,,,
0,1973.0,9.17102095723591,6.673907297271784,1.440909090909091,0.007839866555462885,0.010341951626355296,0.39899916597164303,0.5047539616346957,40.70316057774002,119.05347729632777,0.5047539616346957,11.549650349650351,6.206924729017752,,764.2830587121211,149.931155642446,0.0,0.7973932877158684,0.0,26.58062499030241,7.4774096572483675,9.586647930922124,31.67585668513088,134.50086940836943,193.55084439904664,34.740543840866415,17.541511363636364,29.901590909090906,22.085589760896212,27.72897444490993,16.48026933311611,2075.8922558922563,191.85596221959858,18.203305785123966,,,,3.3788766788766784,16968.0,,,,,75.63181818181818,202.72727272727272,241.3636363636364,11.940909090909091,12.563636363636364,,,,,,,,,,,,,,,
0,1974.0,8.386761482752048,5.889148561082523,1.2105233602875114,0.0,0.0,0.0,0.0,35.960859436684906,103.6179376650603,0.0,11.353896103896105,7.1495633417508415,,848.3198408131952,143.85329545454545,0.0,0.716123188405797,0.0,27.210766045548656,6.9620718050065875,9.974090909090908,31.928315687935257,138.83818181818182,144.85682419432422,30.323360507246374,16.824383838383838,29.647939393939396,22.05202420948617,27.967616706662902,16.14985440193864,1894.7436026936023,200.9848484848485,17.588030303030305,,,,3.6463151927437636,15635.727272727272,,,,,69.81136363636364,185.63636363636365,204.54545454545453,11.398181818181817,11.78181818181818,,,,,,,,,,,,,,,
0,1975.0,10.152866161616162,6.9724949494949495,1.307606782106782,0.0,0.0,0.0,0.0,39.256781204906204,118.31092261904763,0.0,15.322314049586778,7.302070355119136,,859.9630204643843,155.1291610094451,0.0,0.7456681260658534,0.0,27.29011219741557,8.052631856283542,9.941556596812278,32.190031778458746,136.18783216783217,170.93818181818182,29.936734922274695,18.36395061728395,30.86842873176207,22.48346516299358,28.323568116964186,16.63795510297783,1788.1429752066115,226.4848484848485,18.303636363636365,,,,3.132611832611833,15123.477272727272,,,,,68.3880681818182,192.1212121212121,225.0,11.481818181818179,11.866666666666667,,,,,,,,,,,,,,,
0,1976.0,9.750681096681097,6.678794011544012,1.3056406926406925,0.0,0.0,0.0,0.0,38.03429343434343,114.65378989898988,0.0,14.98989898989899,6.326094014680971,,700.8839671717171,133.47534804393138,0.0,0.7999326599326598,0.0,26.363913467484892,5.688956678242393,9.338728395061729,31.500953173810316,137.36253443526172,232.4776606240981,35.5797361311528,17.345622895622895,29.710841750841755,21.56839201138368,27.38519673183959,15.677408605900274,1771.21189674523,234.0454545454545,16.087272727272726,,,,4.079298941798942,14310.984848484848,,,,,64.13358585858586,217.57575757575754,257.72727272727275,11.578787878787878,9.79090909090909,,,,,,,,,,,,,,,
0,1977.0,9.121800107109385,6.30601783668794,1.154011767156097,0.0,0.0,0.0,0.0028708133971291866,36.090613052468726,103.72058140313295,0.0028708133971291866,13.583333333333334,6.85476358267056,,752.8134766584766,150.23830820379115,0.0,1.07604945559491,0.0,26.5476961170143,8.599989751410206,9.22056121277712,32.392122195985834,138.77647727272725,256.8365909090909,37.03783656368884,17.613730639730637,30.322907968574636,21.99545533254624,27.97235425685426,15.95725265233504,2012.375757575758,198.50378787878785,16.680037878787882,,,,2.87172619047619,13533.0,,,,,61.929545454545455,178.18181818181816,265.90909090909093,11.312121212121212,10.927272727272726,,,,,,,,,,,,,,,
0,1978.0,9.369922254616132,6.32371602320582,1.4086904025679536,0.0,0.0,0.0,0.0,42.37693207586065,114.87263885207763,0.0,15.579545454545453,7.558401188758332,,782.5523381070982,154.28480085769414,0.0,0.8262918105614734,0.0,26.62495743956418,8.676153185141949,10.898301311672096,32.1706050877961,135.5963825757576,253.8777094474153,34.32580187914458,17.317262626262625,29.471107744107744,22.18167503283233,28.061911004102015,16.315596283865947,1622.6436363636362,233.6060606060606,14.26818181818182,,,,3.3952741702741704,13722.337662337663,,,,,59.93982683982684,182.12121212121212,245.45454545454547,11.045454545454547,10.445454545454544,,,,,,,,,,,,,,,
0,1979.0,8.935700897041103,6.267000267773464,1.4417715446065962,0.0,0.0,0.0,0.0,42.186371446422996,120.83956025646748,0.0,12.762626262626263,6.61468253968254,,725.4734652967061,150.66352613435947,0.0,0.7455399230399231,0.0,26.912338864838866,7.924800384800384,10.039302268718936,31.94939125380792,145.19218855218855,205.11658403361344,34.745572631072626,16.88418308080808,28.034486066017315,22.136797049863716,27.957709892576563,16.338976186467853,1821.5329545454547,199.4772727272727,18.287499999999998,,,,3.0409812409812407,16612.8,,,,,70.9,206.06060606060603,212.72727272727272,10.387878787878789,10.445454545454544,,,,,,,,,,,,,,,
0,1980.0,8.840627705627705,6.082424242424243,1.2891630591630592,0.0,0.0,0.0,0.003099173553719008,37.77234126984127,104.80072434664103,0.003099173553719008,11.10909090909091,5.854517704517704,,805.8919392555695,153.68987738731855,0.0,1.106305067481538,0.00106951871657754,26.272399626517274,9.51630846277905,9.161586452762924,32.480555725320436,128.7883950617284,199.5261626533189,40.66194215261862,17.059887626262626,27.149624368686865,22.017073554876497,27.991517069858247,16.061825999490704,1873.213692480359,214.88636363636363,17.83159090909091,,,,2.83968253968254,13358.181818181818,,,,,58.66363636363637,242.4242424242424,208.63636363636363,11.230303030303032,13.654545454545456,,,,,,,,,,,,,,,
0,1981.0,8.293993303824767,5.564067642719328,1.2956446487345366,0.0,0.0,0.0,0.0,38.40158636931108,104.20011377823175,0.0,11.636363636363637,6.603452896310039,,748.5368299632858,147.67245030133267,0.0,1.0124293353705118,0.0,27.06438417791359,9.242269756387403,8.677789152024447,32.5372217129276,137.00462401795733,275.7295384133938,36.673482089805624,16.65991702741703,27.963695346320346,21.99163242509125,28.269824344283165,15.66974486461251,1628.6113636363636,196.88257575757575,17.43670454545455,,,,2.875,17591.454545454544,,,,,77.75454545454546,178.78787878787878,216.0,10.936363636363637,9.92,,,,,,,,,,,,,,,
0,1982.0,10.25259453299226,7.06050603436967,1.6370699691722417,0.0,0.0,0.0,0.0,48.013988669159126,138.24593212973895,0.0,5.341303588884235,7.168793930084252,,884.6899604743082,158.34795772349347,0.0,0.3434910327767471,0.0,27.637097162097163,7.739120799835085,10.528642032570605,32.42469593898165,128.0820622895623,167.71644431326249,19.24036581804439,17.74994227994228,29.906493506493508,22.9183797541744,28.51351415515701,17.34748634302206,1427.7232142857142,210.8806818181818,18.00539772727273,32.4012987012987,22.224675324675324,27.97532467532468,3.7035714285714283,14654.181818181818,,,,,64.53636363636363,176.66666666666666,212.72727272727272,10.821212121212122,10.563636363636364,24.726406926406927,15.651082251082252,20.68138528138528,24.75454545454545,28.20909090909091,18.37727272727273,20.977272727272727,21.627272727272725,24.986363636363635,24.0,27.727272727272727,17.518181818181816,20.209090909090907,20.809090909090912,24.081818181818186
0,1983.0,10.37869978858351,7.496009513742072,1.8558403805496828,0.0,0.0,0.0,0.0,46.74457188160677,143.23622915198496,0.0,5.476070226070226,5.446742939600083,,697.9736218347862,145.8561882938735,0.0,0.7081458322199062,0.01995565410199556,25.956565656565655,7.699162355259916,9.370804339693228,31.81082471051983,139.0374494949495,194.17490620490622,35.76922915219212,17.000626262626263,30.703077922077917,21.871339203320687,27.51292612096576,16.143072056544277,1760.5777777777778,196.46590909090912,19.58477272727273,31.63362193362193,22.71616161616161,27.73896103896104,2.0385714285714287,14390.181818181818,,,,,63.40909090909091,177.5,210.0,9.800909090909093,14.9,24.274891774891778,16.66767676767677,20.709812409812407,23.31388888888889,26.21055555555556,18.374444444444443,20.862222222222222,20.905,23.82277777777778,23.633333333333336,26.36666666666666,18.522222222222226,20.866666666666664,21.111111111111114,23.722222222222225
0,1984.0,8.479913173947265,5.700175865800865,1.2942456218024398,0.0,0.0,0.0,0.0,42.162821354781585,107.77771534336877,0.0,6.521290491118077,5.176090142496392,3.3647727272727272,769.3425899621212,143.0767704354469,0.0,0.5680837789661319,0.0,27.522276546982432,6.699167303284951,9.162914438502675,32.114427170868346,141.32154040404038,177.37261137596582,25.342576691282577,17.735404040404042,29.906565656565657,22.237523440285205,28.015880956625075,16.443902584670234,1964.9479797979798,189.39730639730638,17.7356228956229,32.346818181818186,21.641212121212124,27.50969696969697,2.65015873015873,17594.090909090908,,,,,,217.0181818181818,,9.450545454545454,,24.55121212121212,15.63060606060606,20.46727272727273,23.240909090909092,28.563636363636363,15.831818181818182,20.07272727272727,19.96818181818182,24.78636363636364,23.11818181818182,26.21818181818181,16.772727272727273,19.000000000000004,20.25454545454545,23.1
0,1985.0,9.5336379669713,6.48690075356742,1.3950553150553153,0.0,0.0,0.0,0.0,41.673213083213085,116.8561718775052,0.0,7.2861111111111105,6.593223665223665,3.4056818181818183,720.4713472563473,165.25061991010267,0.0,0.7786021130848717,0.0,26.91852017714087,8.547359473221542,10.583895150188253,33.01366198935165,138.6086616161616,156.4261332840601,25.721876275065934,19.03923933209648,31.132847866419294,22.95764220198703,28.574492067638616,17.216287741951533,1878.7199494949496,196.17355371900828,19.904157483930213,32.823787878787876,21.81742424242424,27.735757575757578,1.9484848484848485,16464.545454545456,,,,,,223.23636363636365,,11.268363636363636,,25.095151515151514,16.339545454545455,20.988333333333333,24.375,29.980000000000004,16.28,20.580000000000002,20.490000000000002,25.505000000000003,23.71,25.83,17.77,19.72,20.89,23.0
0,1986.0,9.172770316804408,6.329967286501378,1.335376492194674,0.0,0.0,0.0,0.008556149732620321,39.55248163452709,112.74125688705234,0.008556149732620321,11.261297036297037,6.7120670995671,3.0691287878787876,766.0876359180036,161.45912977564763,0.0,0.42182797361368785,0.0,27.211146327217755,9.277119408369408,11.29782957122243,32.921478432282,142.98437710437713,157.3413135013135,22.39799766371195,18.690651996151995,31.15065127465128,23.00699184446506,28.663150956847392,17.20473541537827,1738.2949494949494,206.70454545454547,16.548966942148763,32.41717171717172,22.812289562289564,28.08956228956229,2.211904761904762,15729.90909090909,,,,,,151.5151515151515,,11.002164502164502,,25.138383838383835,16.921717171717173,21.246632996632997,24.83131313131313,29.3979797979798,17.506565656565655,21.385353535353534,21.266666666666666,25.57878787878788,24.488888888888887,25.98888888888889,18.744444444444447,20.433333333333334,21.73333333333333,23.5
0,1987.0,8.88684546615581,6.09486822245443,1.4199117612910714,0.0,0.0,0.0,0.0,40.691950539881574,114.44444461030669,0.0,11.354312354312356,5.587288786482334,3.411931818181818,690.7384106213651,145.56559311603428,0.0,0.49180035650623877,0.0,26.549553942789235,8.117449707155588,9.824433494609965,32.005511374246666,138.85292929292928,133.70208059064225,30.573927552839315,18.74628138528138,31.11487445887446,22.142982369917664,27.813185183770475,16.46038418215771,2063.417668751002,193.8842975206612,16.542231404958677,31.166969696969698,21.49712121212121,26.838131313131314,2.8107936507936504,14292.90909090909,,,,,,211.63636363636365,,9.735454545454548,,23.47484848484849,15.222323232323234,19.563535353535354,24.060000000000002,28.755000000000003,16.275,20.445,20.295,24.900000000000002,23.770000000000003,26.48888888888889,18.17,20.31111111111111,21.19,23.83333333333333
0,1988.0,8.266094559035736,5.757022324081149,1.3946265172735761,0.0,0.0,0.0,0.0,41.44149847211612,111.35972795178677,0.0,12.532954545454544,4.969723092998955,3.314204545454545,788.5700854588355,146.27421525930563,0.0,0.7014803648732221,0.0,26.98330942818895,7.690956901197865,9.939093915343914,32.306505545993495,137.88271043771044,198.6570705244123,30.10179584137415,18.0304329004329,30.347581168831173,22.19583481979868,28.06689652549592,16.273776497972925,2397.6944203944204,240.46831955922863,17.129109274563824,31.672178932178927,21.357979797979798,27.277777777777782,2.6157671957671957,12757.0,,,,,,223.63636363636365,,10.76,,23.63616883116883,15.113867243867242,19.429256854256852,23.92142857142857,29.700714285714284,15.875000000000002,20.03714285714286,19.762857142857143,25.700714285714284,23.985714285714284,27.05714285714286,17.785714285714285,20.1,20.471428571428568,23.8
0,1989.0,8.718623108157992,6.038993758179805,1.2512038994597134,0.0033953997809419495,0.0065717415115005475,0.11336254107338446,0.37020810514786423,40.11704654518608,109.15710745327027,0.3734939759036145,9.700623749010846,5.697192706283616,3.1636363636363636,876.5232880755608,158.35631360372432,0.0,1.0448938969527206,0.03412397787397786,26.646953377310517,9.131428657321512,8.845013581190052,32.72929383116883,142.6635044893378,141.56003431527822,37.03623694427266,18.618103896103896,31.2768961038961,22.355857108499965,28.270195668418882,16.37772879636703,1940.5992143658814,222.08382526564347,17.676269185360095,31.03007575757576,20.85518759018759,26.700863997113995,2.524905303030303,14264.818181818182,,,,,,233.0909090909091,,10.250909090909094,,24.261056998557,16.239879148629143,20.616700937950938,24.969696969696976,29.420454545454547,17.2469696969697,20.140151515151516,21.35909090909091,25.356818181818184,25.08333333333333,27.766666666666666,17.983333333333334,20.266666666666666,21.966666666666665,24.15
0,1990.0,7.830019405881474,5.338314176245212,1.1273871722147584,0.0,0.0,0.0,0.0,36.767478728168385,93.99842447463136,0.0,9.354281829281831,6.57779452690167,3.25125,868.7913901207194,162.6153357880944,0.0,0.18478462788807615,0.0,28.336568476223643,9.58479001841071,10.639112554112554,32.67780419133867,142.53291806958472,207.08585890151517,18.143573833573832,19.032584595959598,31.100306818181817,23.134117969514524,29.01361396808811,17.269198607586535,1976.8484848484845,207.06611570247935,16.76942148760331,29.948996212121212,22.51283143939394,26.649242424242424,3.1055555555555556,15696.272727272728,,,,,,226.54545454545456,,10.60181818181818,,24.06695075757576,17.35495265151515,20.98258522727273,24.690909090909095,27.772727272727273,18.89545454545454,21.66818181818182,21.940909090909095,25.06818181818182,24.145454545454548,26.018181818181816,18.93636363636364,21.00909090909091,21.89090909090909,23.6
0,1991.0,9.935719205037387,6.839367293060476,1.4707484750098387,0.0,0.0,0.0,0.0,39.74334698445494,125.16967487373739,0.0,7.995365418894831,7.506521739130435,3.2221590909090905,910.3190442014127,170.20593865585246,0.0,0.43141679520989873,0.0,27.35362243120864,8.29927725531174,11.325837811613672,32.43908597468943,132.7983164983165,119.19597325937949,23.287669842928466,19.18268181818182,30.959244318181817,23.16022404670681,28.403500174155344,17.90279766880629,1881.5968434343433,226.47933884297518,17.38611570247934,28.975714285714282,21.284935064935066,25.322337662337663,2.45,15931.727272727272,,,,,,181.45454545454544,,11.398181818181818,,24.19142857142857,17.467532467532468,21.03857142857143,24.872727272727275,27.036363636363635,18.922727272727272,20.77727272727273,21.995454545454542,24.03181818181818,24.536363636363635,25.463636363636365,19.4,20.3,22.0,23.027272727272727
0,1992.0,9.498075862963503,6.607346336559819,1.4325161729656113,0.0,0.0,0.0,0.0,41.61932316746924,124.12426966292134,0.0,10.873061786698148,6.160455747955747,3.214204545454545,705.5940582132354,148.21937422110716,0.0,0.19571854912764006,0.0,26.90346074380165,6.8997577233372684,10.632391610914338,31.81109110586383,130.12536475869808,170.43882007909787,26.470072191066514,18.527437499999998,30.214653409090914,22.369875065590975,27.766521419552667,16.993187151547946,1761.0644886363636,184.13223140495865,16.356198347107437,28.181465677179965,20.431280148423006,24.645491651205937,3.0536507936507937,10454.0,,,,,,237.0909090909091,,9.5,,23.329202226345082,16.904211502782932,20.297922077922074,24.44,26.611363636363635,19.029090909090908,20.601363636363637,21.78090909090909,23.745,23.890000000000004,25.01,19.08,20.16,21.7,22.68
0,1993.0,8.644931669637552,5.917278669043375,1.1918419489007723,0.0,0.001082251082251082,0.0,0.0551948051948052,38.33831045751634,102.51525757575757,0.0551948051948052,10.203463203463205,5.852174809317667,3.354545454545455,774.8056580269239,151.64509220108056,0.0,0.48227625088090204,0.0,25.944497298567068,8.669235964294103,10.327376967347895,31.741675182053086,135.83252525252524,161.36466265441874,34.59907710829222,17.83737914862915,30.161399711399707,22.18692051327226,27.7681209184872,16.656440245478038,1950.0805555555557,207.62626262626262,17.032323232323233,27.617083333333333,20.55378787878788,24.551174242424242,2.0871794871794873,,,,,,,214.24242424242425,,11.436363636363632,,22.60026515151515,16.280151515151513,19.883901515151518,23.613636363636367,26.813636363636363,17.699999999999996,20.663636363636364,21.081818181818182,24.02727272727273,23.181818181818183,25.809090909090912,16.654545454545453,19.463636363636365,20.736363636363635,22.736363636363635
0,1994.0,10.282146174387552,7.113266076197111,1.6013579970476524,0.002114164904862579,0.002114164904862579,0.052854122621564484,0.0835095137420719,46.162390199200544,134.40001409828994,0.0835095137420719,11.676721763085398,7.149541713430602,3.0801136363636363,905.9309908762124,167.21933047249908,0.0,0.15157052250075506,0.0,27.60951332259472,7.0597729789590264,12.39352696399208,32.33129702339004,137.12969696969697,184.70697985957133,18.016040345313602,18.74455681818182,30.17126136363636,23.306960787274743,28.47869930199,18.131583073257488,1762.9711399711398,205.6565656565657,16.685858585858586,29.909025974025973,21.830681818181816,26.269318181818186,2.6345765345765346,,,,,,,193.75757575757575,,10.5,,24.290162337662338,17.380941558441556,21.15659090909091,24.877272727272725,28.199999999999996,18.522727272727273,21.03181818181818,22.022727272727273,24.81818181818182,24.245454545454542,26.927272727272733,18.83636363636364,20.42727272727273,21.790909090909093,23.490909090909096
0,1995.0,9.349893848169708,6.484175913486258,1.5365183028976133,0.0,0.0,0.0,0.0,46.297902464712806,135.7591101076446,0.0,9.875636363636366,5.657056832056832,3.310369318181818,762.8240373895511,163.27938539748885,0.0,0.8506319351146937,0.0,26.698387819077475,8.15640642882022,10.886857532633396,32.58423910699773,138.0317011383678,176.29202833031948,30.932800127713925,18.49081534090909,30.61561647727273,22.70396837007182,28.052508201887512,17.35029285880148,1979.7990259740259,216.36363636363637,19.549494949494953,29.203703703703706,19.920875420875422,25.126936026936026,2.6548752834467115,,,,,,,210.68181818181816,,10.940909090909093,,24.046127946127942,15.83855218855219,20.073063973063974,24.854545454545452,26.69090909090909,18.836363636363636,20.859090909090906,21.950000000000003,23.918181818181814,24.33636363636364,25.16363636363636,18.63636363636364,20.05454545454545,21.727272727272727,22.663636363636364
0,1996.0,8.591299903799904,5.990154521404522,1.4294131794131795,0.0,0.0,0.0,0.0,39.856381072631066,117.16621632996633,0.0,8.875291375291376,4.924969696969697,3.5804545454545456,765.3030128992629,148.18819914212767,0.0,0.7490025847168704,0.008391608391608392,26.588721199435486,7.295408559694274,9.301347660276233,32.072928579357146,138.6278206168831,175.48285661492977,35.91460376924663,17.30937987012987,29.645272727272726,22.042852373816658,27.678065192743766,16.40728302649731,1943.6446608946608,217.0580808080808,18.221464646464646,30.69147727272727,21.576742424242425,26.57227272727273,3.3356060606060605,,181.66666666666663,178.33333333333334,14.316666666666668,17.55,,278.0,,11.52,,24.449772727272727,16.858636363636364,20.889924242424243,23.777272727272724,27.472159090909088,15.883333333333335,18.2375,19.790909090909093,23.10340909090909,21.825,26.125,14.0375,16.4625,18.3125,20.6625
0,1997.0,9.866027501909853,6.7915830574654095,1.553958068075715,0.0,0.0,0.0,0.0,46.17622570240217,134.90691701063793,0.0,10.933014354066986,6.551549586776859,3.337770562770563,772.0268598636972,152.6305143323112,0.0,0.3002946127946128,0.0,26.706879810004818,7.549375826719577,10.84398817039442,32.188246565355946,140.104154491342,152.71687938205585,25.80179646164021,19.37348653198653,31.428074074074072,22.622840856481485,28.08246027612434,17.188946240680618,1749.1033858998144,200.68181818181816,17.28181818181818,30.33685746352413,23.359340628507297,27.039716610549945,2.349047619047619,,230.9090909090909,241.8181818181818,13.69090909090909,18.254545454545458,,,,,,25.437752525252527,19.29489337822671,22.47388047138047,24.289204545454545,26.291414141414144,18.93636363636364,20.792929292929294,21.817045454545458,23.596464646464646,23.342857142857145,26.7375,17.000000000000004,19.85,21.214285714285715,22.25
0,1998.0,8.889933842052487,5.52334849707731,1.3957205224154376,0.0,0.0,0.0,0.0,43.29056118081542,119.03854724606842,0.0,11.225555555555555,5.6638383838383835,3.111878453524795,821.6510973544973,178.01237763220067,0.0,0.21643553103730095,0.0,27.18439596465912,9.396100731627046,12.565081280568007,32.668303302448045,136.2667255892256,156.41556586270875,21.442782311100895,18.209621212121213,29.107181818181818,23.580944083694085,28.736799789878734,18.279623159534665,2148.4285714285716,168.8068181818182,18.396875,31.542886002886004,23.823968253968253,27.95619769119769,2.286111111111111,,177.29747940231812,178.10871386677834,13.429966834241029,16.771620350975194,,,,,,25.975719696969698,19.282348484848484,22.863654401154403,25.17012987012987,27.243506493506498,19.900649350649353,21.622077922077928,22.68636363636364,24.437012987012988,24.54,25.65,19.56,19.1,22.380000000000003,22.183333333333334
0,1999.0,9.53501776001776,5.825672167338834,1.2184318767652103,0.0,0.0,0.0,0.0,36.65334159667493,104.79962185962187,0.0,9.821320346320347,7.178266178266179,3.0383143939393937,777.3374744637384,155.36549049279137,0.0,0.39246664641401485,0.0,27.50376968164579,7.2682842968241195,10.860806055542897,32.17325083962252,143.312025012025,103.94124568817426,23.87992676448429,19.916183982683982,29.905346320346318,22.743550690214406,28.306260876783,17.123631885901624,1886.944624819625,,,29.825909090909093,22.930795454545454,26.712386363636362,3.1801587301587304,,179.09264918088448,179.76440879382054,13.046678125795772,17.411242572786687,,,,,,24.793409090909094,18.235681818181817,21.809545454545457,24.704040404040402,26.198484848484853,19.429292929292927,21.215656565656566,22.35757575757576,23.867171717171715,23.275,24.25,18.325,19.55,20.8,21.85
0,2000.0,8.364942518454916,5.0654562150429925,1.044946513541555,0.0010570824524312895,0.0,0.026427061310782242,0.0,35.76031963674526,90.7499858383123,0.0,10.625715488215489,5.109656084656084,3.1503815937149273,748.2341445279867,152.7350535460866,0.0,0.7585304043981729,0.0,27.12914654216307,7.819679677530917,10.435146088989065,32.44495009123108,138.37524891774893,135.37333404134807,29.30243527363362,21.161,31.623696969696976,22.46564356075513,28.238449411470075,16.673419558632368,2400.176767676767,,,30.499909812409815,22.929834054834057,27.058603896103897,2.191287878787879,,186.17765894236484,194.951871657754,12.967085561497326,18.219260249554367,,,,,,24.97537878787879,18.127669552669552,21.957106782106784,24.284415584415587,25.88484848484848,18.235714285714288,20.54242424242424,21.713636363636365,23.23181818181818,22.66,26.22,16.78,20.24,19.98,23.1
0,2001.0,9.42329898362507,6.050622686492251,1.4017616642616642,0.0,0.0,0.0,0.0,40.932435587761674,115.67061703996487,0.0,6.690530303030303,6.351140873015872,3.2444444444444445,846.5820732288208,157.89234569106748,0.0,0.221107150994369,0.0,27.679863668669636,6.937169671124895,11.317114268354869,32.15859121599793,191.19549242424242,172.3810316573227,18.68442372164177,20.34227272727273,32.345454545454544,23.004536012650668,28.322371580948076,17.648263789885966,2477.3431818181816,203.6103896103896,17.68961038961039,31.155292929292933,22.397207070707072,27.295015151515152,3.0885416666666665,0.0,179.35178856231485,184.04420141262247,12.885816814764185,16.730029619503306,,,,,,25.021454545454542,17.69995959595959,21.76539898989899,22.475,23.78,15.675,17.119999999999997,19.325,20.14,21.3,22.03333333333333,15.933333333333332,17.433333333333334,18.83333333333333,20.0
0,2002.0,10.234233073213336,6.617786416799575,1.556476892990051,0.0,0.0,0.0,0.0,44.08359767790688,124.09575304264447,0.0,5.987460815047021,5.433536665354848,3.1804940711462453,814.3249983930211,174.2619021954928,0.0,0.4733374008541794,0.0,26.7510953252564,7.9465537445403225,12.247165979061952,32.608963024298596,148.85046296296298,120.33708298910591,26.104424687914623,21.46,31.175,23.29110694432338,28.364578609682635,18.00613232516924,2438.5867003367007,187.31601731601728,16.8,32.045818181818184,23.976363636363637,28.382181818181824,2.689594356261023,0.0,188.89510489510488,193.967365967366,12.712121212121211,16.89219114219114,,,,,,26.00181818181818,18.680363636363637,22.505454545454548,,,,,,,,,,,,
0,2003.0,10.734616508667141,7.1448040531901285,1.5939439603996568,0.0,0.0,0.0,0.0,43.392747547810835,133.37311363636363,0.0,6.496280991735537,6.427324717765894,3.1125889328063243,785.4323750237704,167.12305216537146,0.0,0.3709202611311045,0.0,27.10900289469567,6.4132932161546625,12.197515777395296,31.827640996887983,124.03357142857142,163.61518571331072,22.862574149411493,,,23.16495011213686,28.29572222439542,17.958579799718354,1816.5353535353534,193.73051948051946,16.515075757575758,31.720202020202017,23.719191919191918,28.44020202020202,3.52020202020202,0.0,203.26798472530183,211.35897435897436,12.904366839122938,17.977762237762242,,,,,,24.907272727272733,18.54525252525253,22.12121212121212,,,,,,,,,,,,
0,2004.0,8.749541688220935,5.748225970395781,1.341158212856326,0.0,0.0,0.0,0.0,39.10542990552425,114.56525538402897,0.0,7.524261083743843,5.295543345543345,3.338826728826729,682.4572983595352,154.5728530705831,0.0,0.3100837472003116,0.0,26.863462807517685,6.871851573223525,11.59368881629618,31.9918010021821,138.52589285714288,168.56338781151283,27.103236461902107,,,22.60455210961499,27.861645107433223,17.26302515514479,1871.5324675324678,172.15454545454546,18.479727272727274,32.17217893217893,23.67350649350649,28.15861471861472,2.91965367965368,0.0,182.54892462035318,195.3045843045843,14.211854342747198,18.806363636363635,,,,,,24.784213564213566,18.713102453102454,21.805685425685425,,,,,,,,,,,,
0,2005.0,9.810693703024992,6.6665577776007225,1.6143775617701996,0.0,0.0,0.0,0.0,45.92837407820537,134.25527822041627,0.0,6.520866560340245,4.092262367262367,3.2594172494172495,709.5042269331975,153.95694756387405,0.0,0.4710648501824972,0.0,25.76619450810627,7.230595662507428,11.334323975044564,31.711200237670827,130.0875,120.29915825712185,33.49968860877684,,,22.311886609795437,27.461043476784653,17.12927538197097,1500.6363636363635,154.41558441558442,17.73780663780664,31.71463203463203,22.899480519480516,27.922337662337657,2.7436868686868685,,193.24770431588612,202.18026418026415,14.352412764003672,18.738896658896657,,,,,,24.74164502164502,18.416277056277057,21.727532467532466,,,,,,,,,,,,
0,2006.0,7.667572731927573,5.043687334171206,1.1413878415491319,0.0,0.0,0.0,0.0,35.86426060140576,92.17885581622677,0.0,10.8195228143504,5.029652477152477,3.137522727272727,873.7907336208955,162.9965016510415,0.0,0.5522027903929745,0.0,27.298818376579113,8.770821271434768,10.924782753034286,32.633229955116455,126.10666666666667,143.10508869059888,26.265153484892746,12.38,15.52,22.85674227153215,28.53872055568835,17.126323829885177,1810.3454545454545,,,29.924242424242426,21.896969696969695,26.23333333333333,3.186230436230436,,203.25795454545454,197.4284090909091,12.839102272727274,17.923318181818182,,,,,,24.069696969696974,17.827272727272728,21.26666666666667,,,,,,,,,,,,
0,2007.0,7.098442328281038,4.2651576022543765,0.845615406099277,0.0,0.0,0.0,0.0,33.88392466852144,77.20504395229032,0.0,10.780852770778143,6.040382028517622,3.0938131313131314,871.6953921406525,166.79021437059674,0.0,0.5013112214582802,0.0,27.53644172820643,8.58762796027502,11.54953395297513,32.410127026568205,142.64999999999998,137.21262633290232,24.43410353535353,21.645,26.605,23.025665609880317,28.530522786690433,17.44814118071471,1980.8777777777782,,,29.209090909090907,22.342424242424244,26.145454545454545,3.4248466810966818,,180.65677609427607,182.20075757575754,13.296595117845117,19.185136784511787,,,,,,24.44545454545455,19.066666666666666,21.790909090909093,,,,,,,,,,,,
0,2008.0,8.85493298225257,5.8233160024397135,1.2353794449155275,0.0,0.0,0.0,0.0,42.09563998477658,110.75946287130519,0.0,8.64836644836645,5.11500481000481,3.1557954545454545,802.3321471471472,154.35674282981975,0.0,0.6509424072659367,0.0,27.330022706052112,6.593750530515237,9.931280366692132,31.926270965962143,141.73166666666665,131.01182734805377,27.823849547888013,,,22.456049320940494,27.921685977421273,16.96448067863509,2332.3636363636365,,,28.127272727272725,22.179292929292927,25.439393939393938,2.856109799291618,,200.0307765151515,203.55539772727275,13.726082702020202,19.918437500000007,,,,,,24.269191919191915,18.505050505050505,21.68535353535354,,,,,,,,,,,,
0,2009.0,9.614979091680873,6.391044854659117,1.4282640599091165,0.0,0.0,0.0,0.0,41.45715692465288,121.4975167967206,0.0,8.983277833277835,6.1242058263797405,2.9747564935064936,804.270062962963,165.77674570179144,0.0,0.6217875726966635,0.0,26.858366548762888,8.536377494456763,9.99245290568018,32.33514355224721,118.46666666666664,183.06996577746577,30.962949838102283,,,22.76690418558406,28.106561785098375,17.393071732476276,1370.111111111111,,,28.69090909090909,22.71818181818182,26.145454545454548,2.982598714416896,,198.91585497835501,196.77922077922076,13.64061147186147,20.692099567099564,,,,,,25.91818181818182,20.92727272727273,23.69090909090909,,,,,,,,,,,,
0,2010.0,8.591062172476647,5.687217095769728,1.190003239633174,0.0,0.0,0.0,0.0,38.78560203776486,104.34289961301324,0.0,8.85645592833093,5.535087216704864,2.999897716662422,814.1724524372397,157.53423748647185,0.0,1.4985391865079365,0.0,24.891116296897547,8.973186102092352,11.035455131673881,31.70441630591631,553.388888888889,244.1081614154793,51.965312094155856,,,21.76047704951299,27.353643765782827,16.131318217893217,1637.3333333333333,,,27.06363636363637,22.018181818181823,24.61818181818182,2.552503607503607,,206.6231856378915,199.88706391647568,13.019181945505476,18.78719230116289,,,,,,25.145454545454548,20.21818181818181,22.30909090909091,,,,,,,,,,,,
0,2011.0,8.282107629506958,5.418736017897092,1.1714185842122085,0.0,0.0,0.0,0.0,40.00636129390744,102.34103054951314,0.0,10.16034239453357,6.0982003211841915,2.882947118241236,911.1152500220868,172.19758818091628,0.0,0.27217131879708567,0.0,28.051042216590997,9.794534412064898,11.677798249807454,32.8559719142646,,187.16504282455895,19.595355271464648,,,23.26322463681513,28.99023057447295,17.578037923051728,,,,28.427272727272733,23.6,26.063636363636363,3.458494468494468,,198.23933209647495,199.65862708719854,13.936827458256026,20.771558441558444,,,,,,25.518181818181816,20.90909090909091,23.29090909090909,,,,,,,,,,,,
0,2012.0,9.9626422361497,6.514736801801479,1.4170286135460264,0.0,0.0,0.0,0.0,44.27331844864183,126.69626293970147,0.0,9.025725108225108,5.785071301247772,2.9879095904095907,966.9523793849829,164.35844265637746,0.0,0.2987730006363547,0.0,28.162270441773543,6.62271830998539,11.165332069586729,32.159394902888685,,120.85109485361131,18.840908956467963,,,23.118851066118147,28.381238745036878,17.859318103394195,1993.0,,,28.29090909090909,23.12727272727273,26.145454545454538,3.004861503231069,,204.28461081402259,204.60224089635855,13.425355233002293,19.325267804091336,,,,,,25.463636363636365,21.10909090909091,23.727272727272727,,,,,,,,,,,,
0,2013.0,10.620591359439398,6.897634609399316,1.547088060813551,0.0,0.0,0.0,0.0,42.63936386507465,130.5430181435533,0.0,8.51396687462864,5.7049699374699365,3.061451048951049,879.2494259719791,161.3951485826002,0.0,0.5032469859889214,0.0,27.072893450635387,6.066019876181167,11.521817413769025,31.95138563049853,,119.18424931581828,27.66459351580319,,,22.7222353372434,27.863458292603454,17.585763138295395,,,,27.87272727272727,22.47272727272728,25.63636363636364,2.5547828786200877,,196.22459893048133,195.3172905525847,13.328966131907308,18.81404634581105,,,,,,25.60909090909091,21.10909090909091,23.59090909090909,,,,,,,,,,,,
0,2014.0,10.318058934184311,6.8500700792996865,1.5202458878818397,0.0,0.0,0.0,0.0,45.099613305040045,128.92566614106303,0.0,7.731333172999839,5.480806719485965,2.9323207792207797,875.8778075015751,162.12490089975384,0.0,0.28442878835035695,0.0,27.114546491997473,7.825954691640966,11.951493223552047,32.24844257231512,,155.3649517466128,25.10153024172632,,,22.849876958190684,28.176542377557084,17.545800747908594,,,,28.227272727272727,22.87272727272727,25.73636363636364,3.039362519201229,,211.39305592366816,215.8167388167388,13.515291545189505,18.269307506552405,,,,,,25.663636363636364,20.66363636363636,23.154545454545456,,,,,,,,,,,,
0,2015.0,10.78667893786004,6.86266267852882,1.373304416493393,0.0,0.0,0.0,0.0,39.79212135983002,121.08810730914485,0.0,7.99905303030303,6.233855839501,3.093144991582492,1019.4072023943136,194.7896654040404,0.0,0.2771301333801333,0.0,28.326305526305525,9.051995583245583,13.479269626769627,32.85688194688195,,160.72736584269194,16.03358171483172,,,24.196228028353026,29.144750923813422,19.238014356889355,,,,29.08181818181817,23.93636363636364,26.827272727272728,2.6115760782427446,,184.232215774769,185.60552331828927,12.980308403180745,17.47674081237911,,,,,,26.309090909090912,21.91818181818182,24.30909090909091,,,,,,,,,,,,
0,2016.0,8.947980152816218,5.7195651479667875,1.2144051167411825,0.0,0.0,0.0,0.0,41.664603003098904,109.97475011758637,0.0,7.054375225468976,6.1166816516816525,3.17790872248319,950.8070073260074,182.526383318118,0.0,0.2195718114085461,0.0,28.26549680478252,9.306265522081848,12.504416222477447,32.6718831659648,,111.00657461136184,17.783644363950483,,,23.780305751882285,28.998132842025697,18.526372382719323,,,,29.60909090909091,24.181818181818183,27.072727272727267,2.3017038517038517,,203.0895274937828,201.9285253753339,13.274896380215528,17.98230174081238,,,,,,26.26363636363636,21.18181818181818,23.881818181818183,,,,,,,,,,,,
0,2017.0,9.855366109784212,6.421678919739264,1.5147539122754643,0.0,0.0,0.0,0.0,50.459180148156435,135.73688036206218,0.0,8.657173295454546,6.378249158249158,3.1749630230880226,869.5759930499189,175.61134869825014,0.0,0.17784179826433347,0.0,28.30382954291405,8.339690923317683,11.771949957319675,32.5089343129484,,81.0304965701794,17.389880139422395,,,23.562531316688005,28.788124517305857,18.343014252179746,,,,28.59999999999999,23.736363636363635,26.454545454545453,3.1260109599395314,,193.1714101501336,193.41834215167546,13.695150287065182,18.5902937309604,,,,,,26.40909090909091,21.827272727272728,24.20909090909091,,,,,,,,,,,,
0,2018.0,11.095688148515125,7.293557509701924,1.4796779098890815,0.0,0.0,0.0,0.0,40.61218340469703,130.82996015585937,0.0,8.878755411255412,7.5257883282473435,3.066767676767677,926.382312984459,188.8114014855818,0.0,0.1705130934639131,0.0,28.116024117048706,9.32568601707946,12.980697194426703,32.69165998391408,,120.11019832019835,17.455370626641116,,,23.984817448489583,29.05392384914721,18.89158709755636,,,,,,,2.289492936004564,,197.76015473887813,197.51851851851853,13.502385557704704,18.18931313131313,,,,,,,,,,,,,,,,,,,,
0,2019.0,10.827791921103179,7.034407318215265,1.3097407853368117,0.0,0.0,0.0,0.0,38.42844393318234,119.18022885333454,0.0,9.934466945483896,6.155299084595959,3.145111688311688,1009.6418920277252,195.10034414439176,0.0,0.09308819487390915,0.0,28.393508783984977,10.16720149339197,14.147324864289152,33.204671774433685,,96.33635145364651,12.955640045580523,,,24.378859126984125,29.37911883574979,19.37806726848989,,,,,,,2.275280401416765,,188.42664988073153,192.44363083724787,13.133690697058045,17.643691627521413,,,,,,,,,,,,,,,,,,,,
0,2020.0,11.480774182314619,7.710290600855427,1.5164485030017762,0.0,0.0,0.0,0.0,44.39646874947901,140.38799278589693,0.0,9.269908688761149,6.8293302272115834,3.30207175925926,1006.1209521805354,195.10519979557478,0.0,0.25290193602693606,0.0,28.09371876975183,9.639641396252966,13.364016925204426,33.175723289566264,,101.87698710159236,17.259247775372778,,,24.243980778018276,29.17599798754964,19.306764517195766,,,,,,,2.1373737373737374,,191.607833655706,193.10050505050506,14.082013217279174,19.076571829405164,,,,,,,,,,,,,,,,,,,,
0,2021.0,10.92832061608026,7.353317083509961,1.5201992369648158,0.0,0.0,0.0,0.0,40.39451427158401,133.39329686209746,0.0,9.12734126984127,7.293707482993198,3.298164682539683,528.6359943977591,178.27360514117152,0.0,0.28517126148705096,0.0,27.44968394437421,8.186241045090602,12.353761487050962,32.824230931310574,,205.79922619047622,18.86238938053097,,,23.62565191740413,28.726277918246943,18.515321010860482,,,,,,,2.417431972789115,,198.62208713272543,199.4478216818642,13.976798378926038,18.997619047619047,,,,,,,,,,,,,,,,,,,,
