,YEAR,DP01,DP10,DP1X,DSND,DSNW,EMSD,EMSN,EMXP,PRCP,SNOW,DYFG,DYTS,AWND,CDSD,CLDD,DT00,DT32,DX32,DX70,DX90,EMNT,EMXT,EVAP,HDSD,HTDD,MNPN,MXPN,TAVG,TMAX,TMIN,WDMV,WDFG,WSFG,HX01,LX01,MX01,DYHF,TSUN,WDF2,WDF5,WSF2,WSF5,PSUN,HN01,LN01,MN01,WDF1,WDFM,WSF1,WSFM
0,1960.0,6.705793826769437,4.76318956111639,0.5858469714567276,3.1824536854839884,1.0686214941291083,54.99555967321119,31.438788354905107,25.858994280786963,64.41156780347025,82.89649229788823,3.3358036143750427,3.7796608946608945,,298.2778746650175,66.57507614607616,0.5807226107226107,9.42322732822733,2.6407781107781108,16.804978909978907,4.641540681540682,-3.131452214452214,29.486282162282162,163.0107142857143,1338.9158422939067,223.44211605061608,,,12.947864812964815,19.53691456321456,6.290139410589411,3296.017857142857,281.2244318181818,18.426420454545458,,,,,,,,,,,,,,,,,
0,1961.0,7.261304993058547,5.153892000574465,1.0574022212647805,1.886881376579869,0.7032003200320032,28.888338155423586,27.55237648764877,37.021601560629996,89.3388517880224,44.45325532553255,3.831153370439085,3.488337924701561,,297.4442764003673,60.3764613997114,0.2769264069264069,8.921316738816738,1.4915584415584415,15.369754689754691,4.28007215007215,-1.7695685425685426,30.113767676767676,157.46874999999997,1030.530096379574,207.94434163059162,,,13.179909884559883,19.878040692640695,6.406103607503607,3539.9303571428572,247.37301136363635,19.799318181818183,,,,,,,,,,,,,,,,,
0,1962.0,6.5380427497726075,4.508038065147069,0.758910362938799,0.7331536943781842,0.26895536746283016,10.849236534440616,9.900008614933988,27.305673372178113,68.53058913440431,14.546621869009929,3.74962794253839,4.787815990593769,,361.95931581439396,72.63362928918123,0.37051559551559543,8.075046250046249,1.1781500906500906,17.220396270396268,4.963805638805638,-2.4670012395012395,30.936348697598703,163.4979166666667,1090.2811220760234,187.9688199715148,,,14.435533355533357,21.391531598031595,7.500185356310357,3255.473214285714,260.80748106060605,19.72561553030303,,,,,,,,,,,,,,,,,
0,1963.0,5.240774736685952,3.5347134563256057,0.5037595581988105,0.9679586266707478,0.22823701298701293,9.180686190913464,8.908671356421358,22.974107850871874,50.70134725087996,14.557993686868686,2.9207611832611833,3.8807973710317456,,464.5379074996541,90.99991258741258,0.46664724164724164,8.256209531209532,1.43012082853855,18.73487223044185,7.072389354667835,-0.7168240093240095,32.10099589931868,182.78750000000002,1198.8692615255115,176.1527968790469,12.732916666666666,25.563750000000002,15.382860676360675,22.740164661990615,7.965087602212602,3572.2083333333335,277.2434659090909,20.127812500000005,,,,,,,,,,,,,,,,,
0,1964.0,6.089476766382596,4.229194410472438,0.7062715560473409,0.8140662724809067,0.35068034716092966,15.785169992609017,17.127828037658134,26.637598049683252,64.46447650754826,23.87010517799353,4.939204545454545,4.467521893814997,,416.5730900554844,72.80937674083023,0.21071760295898223,9.3551276309897,1.0941839491258096,17.022052333970937,5.807377764354509,-3.265881765105903,30.870086957616024,195.1845238095238,1183.49101010101,204.85962108627803,14.575761904761904,28.065595238095238,13.899867428437195,21.09258301453069,6.746988397936675,4161.075396825397,226.40909090909088,20.834090909090907,,,,,,,,,,,,,,,,,
0,1965.0,6.536013032106782,4.645614467377861,0.9079754818594103,1.0323018744660535,0.4550096318569225,15.670593640742894,14.83990485431372,29.67942693838899,78.80576074842816,28.15181832398581,5.302016404647984,5.069268077601412,,347.11861327561326,65.82299152236652,0.21212121212121207,8.113248556998556,1.477041245791246,17.14160052910053,3.9431126743626743,-1.1992977392977395,30.01262355699856,187.50058201058198,1176.955303255772,189.3810076960077,13.755212585034014,27.08508503401361,14.073458363395863,20.823815235690233,7.20734632034632,4227.9375,233.36363636363637,21.77372159090909,,,,2.0005291005291004,14502.545454545454,,,,,63.39090909090908,,,,,241.3636363636364,,16.945454545454545
0,1966.0,4.5666025332692,3.098915504248838,0.44965848965848965,0.8258073344280241,0.3157949689199689,18.946327810120913,16.706944444444446,21.277796151996153,44.130287093153754,23.911550602175602,5.613648989898991,3.8550164719976037,,351.92705128205125,67.3300209411185,0.22929908844542987,9.273823601872383,1.6266191325014856,17.307504456327987,4.679007724301842,-2.4123435575264844,30.127613190730834,202.31316017316018,1194.2422163710276,205.26706454791824,13.619285714285715,27.44976984126984,13.610576866223207,21.177040760546642,6.234188162108895,4507.062012987013,226.64935064935068,20.454545454545457,,,,2.1087962962962963,15448.363636363636,,,,,67.95454545454545,,,,,270.0,,16.172727272727272
0,1967.0,6.672031563208034,4.798739659033777,0.8601331674861088,0.5065597667638484,0.29957781492434954,7.512444414995435,9.329909419513381,27.67760456863398,76.34259397465281,16.743914391439144,6.948510313216196,5.5723192239858905,,280.1209725459725,53.75833470762042,0.12555014430014427,8.714030182780183,0.987973007384772,16.979814956285548,3.4824412189118066,-3.2090587421837427,30.36371725659961,179.64146825396827,1236.5934844138458,191.71320500927646,12.531255102040816,25.759598639455785,13.571410456606888,20.6688608182667,6.41402904040404,4431.673148148148,241.97889610389606,20.01103896103896,,,,1.8277777777777775,14902.363636363636,,,,,65.41818181818181,,,,,225.0,,17.31818181818182
0,1968.0,6.116358901515151,4.321548231034838,0.7572093704906205,0.5566232270895483,0.2459700093720712,9.012382896320721,10.078381755701344,29.398593894944344,69.4260455318491,14.614084140372801,5.491778900112234,4.3861369910282955,,283.3070054980181,62.72659030784032,0.18282828282828278,8.704725415070241,1.4347831253713608,16.17982174688057,4.6800475341651815,-2.324669685359341,30.257891859774208,201.39978354978356,1222.7317711940836,207.2982759139009,13.012539682539682,26.688531746031746,13.449247113997114,20.473706595365417,6.452987344711483,5031.600216450216,225.88037518037518,21.2692784992785,,,,1.6738095238095239,15282.545454545454,,,,,66.61818181818182,,,,,229.0909090909091,,19.463636363636365
0,1969.0,6.671043771043773,4.749088861588861,0.8349474474474474,1.7498303744515866,0.5641465415577092,25.696731200897865,22.620476336973795,29.390950382200383,74.69564780689781,47.09049505204327,8.760541125541126,5.550519652305367,,342.48598161098164,64.41970003188025,0.07201225740551584,9.387058790148679,1.2624935728384004,15.628207360965982,4.124717619545206,-1.047332028146635,28.96650279477866,186.1184981684982,1194.6152190580503,212.48413919091246,14.032333333333334,26.852111111111114,13.303481656263632,19.44871235341925,6.819219555101578,4477.858485958486,234.74116161616163,19.550429292929294,,,,2.814814814814815,12758.181818181818,,,,,55.35454545454545,,,,,290.45454545454544,,16.909090909090907
0,1970.0,5.6361299685163315,4.00869178800997,0.6887654138790501,0.48001779452556653,0.41714308028741015,17.142445177160205,20.851660939289808,23.959099927849927,62.375797537058894,35.10966625013017,5.856149732620321,3.990862840862841,,412.7077391774892,74.53980107194394,0.02821316614420063,10.764465674810504,0.7970172311348782,14.76401833460657,6.013049825991002,-3.104508633129323,30.413791528732713,210.39690476190475,1246.7348772112662,222.8719494262351,14.47777777777778,27.59797619047619,13.181609444788018,20.414595076818607,5.936176858900997,4639.475288600289,251.31818181818184,22.17575757575757,,,,2.375,15199.09090909091,,,,,66.08181818181819,,,,,282.27272727272725,,18.6
0,1971.0,6.157793016649519,4.495955551673041,0.7006833226564168,1.318347537878788,0.5294068894068894,26.56541193181818,32.0068635068635,27.63481810416788,66.67725931641851,47.69019425019425,3.771212121212121,4.036541005291006,,325.8131372549019,70.61867276662733,0.2302469135802469,8.893424990647214,1.2625550375550374,16.77121535871536,5.220781533281533,-2.0167923057737873,30.385187127687125,200.31355311355313,1301.5798135798136,197.4128043421225,12.986785714285714,27.000684523809525,13.982575854700855,20.67103545066045,6.948998971193416,4475.287637362637,,,,,,3.09375,16351.636363636364,,,,,70.38181818181819,,,,,233.1818181818182,,18.80909090909091
0,1972.0,6.34787832664545,4.569122734191228,0.6854065771873991,1.171956120343217,0.5201980329611909,16.808243727598565,19.601265284423178,28.84067628338176,68.73661500853281,32.24574295587453,4.886483886483886,4.38140756302521,,308.50793924089385,57.991440058479526,0.5981658692185008,9.704249734183945,1.8961224082934607,15.580881180223287,4.557077352472089,-3.876070906432748,30.455905103668258,185.40388278388278,1341.9613655208805,222.20133007708662,13.327732142857144,26.348815476190474,12.70700009968102,19.638585925039873,5.76355808080808,4161.517704517705,,,,,,1.777777777777778,15596.181818181818,,,,,67.16363636363637,,,,,208.63636363636363,,16.01818181818182
0,1973.0,7.3868736972903655,5.60585501175779,1.2544150165677943,0.8006903271848923,0.5106853105523319,14.266065546772067,19.935191005802707,39.13948185559297,102.08613434276629,35.534784010315924,4.897727272727273,3.942588702147526,,336.72874165382643,62.761322751322744,0.09347619047619046,7.610075036075036,0.8458484848484848,15.860519480519478,4.691976911976912,-1.0021767676767679,29.491748196248196,184.47404761904767,1154.8213474287388,190.6403772005772,13.641220238095237,26.080505952380953,13.912201385281383,20.455781515151518,7.37498121212121,4307.010317460317,,,,,,3.5277777777777772,15676.363636363636,,,,,67.31818181818181,,,,,220.9090909090909,,15.52727272727273
0,1974.0,5.458097356262494,3.9679064564385658,0.6444259104809564,0.32284092848608975,0.293679806378219,8.307185914443979,13.192855234125076,27.840808014615355,60.92340899162,16.94951709078693,6.368181818181817,3.549702380952381,,331.45295454545453,57.6425807416268,0.004784688995215311,8.108034290271133,0.5078149920255184,16.798657628920786,4.471205475810739,-1.6374189261031369,29.91233552631579,197.82394557823133,1218.2167460840285,187.7905542264753,12.198333333333334,25.414357142857142,13.894627359117491,21.27985220627326,6.561083898192451,4333.034199134198,315.0,20.05,,,,1.962962962962963,17971.636363636364,,,,,77.98181818181818,,,,,200.45454545454547,,17.34545454545454
0,1975.0,5.502940029954249,3.97409624340904,0.6168369545146796,1.1436237373737375,0.5885903303872054,29.824507301273606,38.533105797558925,26.413684731540183,62.24657429063828,51.49111952861952,10.212121212121213,3.690368940368941,,367.76400556908374,67.34743174993174,0.30761865761865764,10.49564077064077,1.8426699426699429,16.35300495300495,5.565862290862291,-4.944117234117234,29.853773838773837,187.08768707482992,1375.3751831501834,222.42731484731485,13.003714285714286,26.92355357142857,12.991816202566202,20.07609784134784,5.8284236671736664,4194.894756235828,225.0,23.83636363636364,,,,2.5555555555555554,17659.636363636364,,,,,76.12727272727274,,,,,204.54545454545453,,18.29090909090909
0,1976.0,4.976148504273504,3.533077339327339,0.4966266372516372,0.3185471738663228,0.24455417267917265,8.108596604341287,12.534707942520441,21.792989614552116,50.05846694971695,15.656409331409334,4.327272727272727,3.000037436358191,,342.37551738584,59.6852880921895,0.21842367335325077,9.473154075970978,0.8573339024043249,16.661900697111964,5.2837245696400625,-4.248319817897283,31.28860862142552,215.6706632653061,1260.5273886328725,203.06952198036703,12.12521164021164,24.90431216931217,13.554888462085644,21.32822079954474,5.816587850334329,4163.9308673469395,261.8181818181818,21.63636363636364,,,,1.5,18736.90909090909,,,,,82.01818181818183,,,,,225.0,,16.5
0,1977.0,6.6902554752308445,4.860718550743182,1.0531875759708273,0.17482151356496906,0.08074945887445888,4.36872917658258,4.985193452380952,32.61462899579895,85.97658205915596,6.248112824675324,7.025,3.509632034632035,,337.17621462319045,75.57256893106891,0.11888111888111887,8.113181818181818,0.6022977022977023,18.14244255744256,4.980374625374625,-0.5825734265734266,30.100323176823178,177.03920634920635,1273.14099251443,172.11491958041958,13.705761904761905,25.647928571428572,15.048686813186814,22.161923226773222,7.864733566433566,3758.6650000000004,265.90909090909093,21.63636363636364,,,,2.468253968253968,17193.272727272728,,,,,75.32727272727273,,,,,265.90909090909093,,15.954545454545457
0,1978.0,6.06149201149201,4.153140803140802,0.5266635141635142,1.4565340444206427,0.5908478726660544,22.485134667737764,28.46417967554331,24.83333117208117,57.91659412659413,49.22738623609836,3.9791666666666665,3.8838918283362727,,408.43289772727275,75.78385301426968,0.6657687991021325,9.91456228956229,2.7102272727272725,16.475631313131313,6.631186868686868,-3.4216975308641975,30.436148989898996,216.41039682539682,1296.4974650349652,227.65313011063012,14.488517006802722,28.098074829931978,12.873276865881031,20.002151515151514,5.66710563973064,4173.183333333333,253.63636363636363,20.9,,,,1.3333333333333333,17424.0,,,,,75.61818181818181,,,,,245.45454545454547,,16.536363636363635
0,1979.0,5.6092675228931155,4.186115043461015,0.7601829055620525,1.0498359887535147,0.36568220273804025,18.147996719775072,16.661611034199865,29.871810231632505,68.62528919868967,24.145413526124187,5.853030303030303,3.4865525793650796,,304.1586557886558,65.20878641487336,0.7948051948051947,9.756392496392497,1.2530864197530862,16.798470819304153,5.043280022446689,-2.6337200577200575,29.793062570145903,180.85714285714286,1337.554695391414,211.0762933684673,14.5975,28.576249999999998,13.240094155844156,20.657077721661054,5.869830591630591,2888.5272108843537,290.45454545454544,20.20909090909091,,,,2.2645502645502646,17567.454545454544,,,,,77.28181818181818,,,,,265.90909090909093,,15.48181818181818
0,1980.0,4.711050416145203,3.3179409190072695,0.5158759223925101,1.1358207745908282,0.46489109848484844,22.409625668449195,32.69806660353535,25.121225901533958,50.463209960129404,45.94974221380471,3.8904958677685952,2.7089523809523812,,472.4682196969697,92.50020336700337,0.6286666666666667,9.302545454545456,1.8147682764565882,17.074446693277864,7.713476134255355,-3.045248484848485,32.339010419594835,224.94197278911562,1313.61771994672,205.61210235690234,12.430833333333334,26.409166666666668,14.319141885521885,21.581299919416804,6.746643636363637,3109.126530612245,253.63636363636363,21.35454545454545,,,,1.8888888888888886,15938.727272727272,,,,,69.30909090909091,,,,330.0,252.0,13.0,16.09
0,1981.0,6.43339738851934,4.758845950797171,0.8345894484918875,0.4691178803744249,0.19540694907187048,7.354072134962187,9.721870537839123,30.29020420230176,75.51835230352305,12.986518324607328,5.558441558441558,3.3903409090909093,,315.1415090909091,53.855913613749436,0.37084275591738275,8.475418362731796,0.8498462889767238,15.264576928707363,3.8171570780266433,-3.0615166591286,29.894000512370077,170.45782312925172,1151.7029760660791,207.85444859038145,14.106095238095238,27.00871428571429,13.105320556309362,20.462156931635192,6.385522727272727,3308.3786848072564,241.3636363636364,22.018181818181816,,,,1.375,15051.818181818182,,,,,65.41818181818181,,,,240.0,202.5,15.8,17.1
0,1982.0,6.6243571156306995,4.807091977728771,0.7247869530888399,0.8850490083202849,0.5084479467291967,16.653953670443027,20.97925215698653,27.96271219608484,70.95068973086661,36.00699836910774,3.3420580023840896,3.7748189243334873,,264.2110702033815,61.455502288510104,0.9376809388528138,9.642866161616162,1.69307523284796,15.946932528750711,4.10331562377017,-4.3260947646103896,30.39071117014299,166.48017857142855,1201.1507249308067,210.99050939078282,15.456472222222223,29.29019444444445,12.964544733044733,19.985467439546984,5.525014813311689,2740.970238095238,245.45454545454547,25.05454545454545,,,,2.7142857142857144,14092.363636363636,,,,,61.53636363636363,,,,247.27272727272728,,16.572727272727274,
0,1983.0,6.6794278638028635,4.737549603174603,0.6579443126318126,1.8103708976703627,0.8474701906280856,31.675511802517153,33.064088250930354,25.335251241813744,66.14882461288711,61.73944520391888,3.848959196831537,2.9705057216685122,,324.81878394332944,73.39282326614358,0.9507000811688313,8.796427444083694,2.394461354617605,14.313556322150072,6.174331484487735,-3.2948599837662345,29.044564619408366,214.18775510204077,1066.5184848484846,230.73750648223307,16.254666666666665,30.122666666666667,12.703824325847764,19.27694036345599,6.068503246753247,3519.497732426304,282.27272727272725,20.13636363636364,,,,3.1666666666666665,12909.272727272728,,,,,54.7,,,,210.0,,14.536363636363635,
0,1984.0,6.616944571341556,4.843705721972054,0.7660742384360474,0.29657266775910845,0.3120000886760663,6.382117584236228,17.588878610526656,28.342063782114035,71.9644045262387,25.82777576241264,3.062832611832612,3.0964885403197093,5.781818181818182,321.287113997114,65.3038406851769,0.011128526645768024,9.975584664377767,0.7149817136886102,13.382162138627656,5.547796934865899,-2.1096627606110365,29.58503265412748,202.03438775510202,1313.0775466200466,214.64445887445888,14.291904761904764,28.258404761904764,13.028752618550032,19.749657523510972,6.111485657063243,3540.057823129252,281.25,23.125,,,,2.571428571428572,13849.09090909091,,,,,,,,,178.1818181818182,,14.054545454545456,
0,1985.0,7.267596826751757,5.269944583324865,1.016080489672039,1.3516225793850103,0.44822957839262184,15.875094871365588,19.213894378568288,36.32164610558977,89.41943389291981,29.40467995169082,3.022212574247458,3.630027284337629,5.336363636363637,271.1236353329211,63.81683571301992,0.7323112073112072,7.916771885521885,2.4652067914164686,16.026115416841222,4.888912744961131,-2.6169431818181814,29.629404121863796,177.14693877551016,1103.8962329494404,203.24428970152653,12.185555555555558,26.587777777777777,13.57086331770082,19.619260246473956,6.8646265091390095,3267.951247165533,232.5,22.433333333333334,,,,3.2857142857142856,12512.333333333334,,,,,,,,,198.1818181818182,,14.30909090909091,
0,1986.0,6.897564186965108,5.1318121970195705,0.9661902101994267,0.2873210123210123,0.21093131467463014,4.528772616272616,8.332435122809454,34.835230713986476,86.1216862170088,11.712997816206373,4.063274061661159,4.140745464852608,5.590909090909093,356.1626404349619,76.42308447472384,0.11536678257989733,7.495163579589809,1.035749769356327,17.66087810186171,4.882783336881698,-0.04809937785347615,29.498355333191395,193.8881632653061,906.2752023031435,167.6074050812575,17.42,32.379999999999995,14.872866699784732,21.5494540841672,8.192535862134221,3366.9693877551026,249.54545454545453,22.245454545454542,,,,2.571428571428572,14592.09090909091,,,,,,,,,170.0,,15.609090909090911,
0,1987.0,6.603555893866899,5.090376250543715,0.9013774104683195,0.6957118679193147,0.43169654661801254,20.1247825903411,25.148710931302553,30.526517326373785,79.05447585906916,38.63626712147654,2.4826881992466414,3.298055119483691,5.00909090909091,318.6395630725863,69.65877118644069,0.025369921980091466,7.670540758676352,0.7954203047423386,17.05585944187639,4.4216743708269135,-0.03597445398292859,30.100924927238484,195.0459523809524,936.3078517643971,176.1243287597525,11.748333333333333,26.871666666666666,14.526772317607064,21.124012155452835,7.837233955780565,2863.8539682539686,282.27272727272725,22.10909090909091,,,,1.8333333333333333,15613.636363636364,,,,,,,,,246.3636363636364,,14.390909090909092,
0,1988.0,4.492594898759283,3.1915689840347374,0.5455408619792181,0.5403505959061515,0.4336783352011778,13.344680936347602,19.757280564894778,23.247028471275048,47.77710968128776,29.735281019037366,2.1859154313699767,2.7462778782399035,5.554545454545456,381.6208370744483,75.75292101341282,0.31443119721808244,9.017867196555722,1.2081850248516912,16.311167227833895,5.984151034151034,-1.811483689352542,30.800745550745553,214.63214285714287,1092.4351287083914,199.83110531544955,15.291333333333332,30.192333333333334,14.088583954297068,21.10015335898669,6.630777198211624,3311.930555555555,241.3636363636364,20.327272727272728,,,,1.1666666666666667,15796.818181818182,,,,,,,,,249.0909090909091,,14.081818181818186,
0,1989.0,5.273521944512511,3.746726020310926,0.7318859075934548,0.8737219130076274,0.3770088949193427,9.700139146567718,12.77296849087894,25.503470724767897,62.374104981758286,22.122960952811695,2.909286948431686,4.153973214285714,5.454545454545454,300.18024621212123,59.034181096681095,1.310113035113035,9.666979316979317,2.452764976958525,16.766026625704047,3.705266955266955,-5.7157303992304,31.532978634268954,186.69115646258504,1291.8291683754842,228.28642592592593,16.04638095238095,29.271809523809527,12.525379052429052,19.697350439882698,5.311278282828282,3209.8299319727894,292.5,22.518181818181816,,,,1.8571428571428568,15997.545454545454,,,,,,,,,270.0,,14.427272727272726,
0,1990.0,6.763258858045589,4.86071616640337,0.646397625544545,0.5737438821201708,0.3235330693873407,9.872261272519003,14.785316735191108,26.78611955711482,67.96614308282555,20.339602050657327,2.6180612636308838,3.904870564509119,5.827272727272728,333.02006392243237,73.69861192570869,0.5521691570078666,8.242771028254898,1.4439091374575246,16.535083554438394,5.471847507331378,-2.014260810873714,31.10480216915701,208.1,1248.8869082491583,197.75799911557976,16.057523809523808,29.87904761904762,14.123546315691476,20.997656938044035,7.178584694875018,3389.632993197279,257.72727272727275,21.28181818181818,,,,1.75,15470.363636363636,,,,,,,,,273.6363636363636,,14.22727272727273,
0,1991.0,5.867311059135703,4.097475431361687,0.5167234292826709,0.33988777486186816,0.21141277939747324,9.147671945210806,11.181456695232205,23.18808391976638,54.958067284216575,15.636272896604531,3.058628168813354,3.6224080771549128,5.972727272727272,396.46155960111315,78.38224520551134,0.06266466508401992,8.68077607875995,0.8021400642368384,17.131100754084624,5.393835241819113,-1.211848263743425,30.60723205557883,217.0625,1169.3327342389412,182.9579471558907,15.759111111111112,29.680444444444447,14.739109481915934,21.747420495275335,7.68493378485314,3989.1666666666665,237.27272727272728,21.736363636363635,,,,2.625,16347.2,,,,,,,,,238.1818181818182,,14.42727272727273,
0,1992.0,7.5901903209672135,5.74350591860552,0.8999037040869711,0.7851062437850003,0.39013491724759325,12.508155388077668,20.336650542988572,29.78513040191327,85.17145217111353,27.632097975055725,3.4210817746195104,3.4009743831526014,5.199999999999999,196.5125328540507,38.435811533704396,0.018693982074263763,10.005551998861858,1.4704931972789115,14.042874149659863,1.893243661100804,-2.769663282726663,26.965003401360544,164.9961904761905,1141.4247535079865,236.83406045145333,16.057888888888886,29.10936507936508,11.50783594619666,17.806512646876932,5.21085611141597,2989.976190476191,237.77777777777777,23.87777777777778,,,,2.571428571428572,17301.666666666668,,,,,,,,,201.0,,16.18,
0,1993.0,8.095343600403124,6.09804149774388,1.0178109038228085,0.7668489607319394,0.5939540066122344,12.309058479936139,26.606560785674706,30.847308702100367,95.76374707963993,48.07104316218239,2.9388426993567185,4.248384542286981,4.654545454545455,264.0819628255342,56.45256791517661,0.3142166128081621,9.162622705932566,1.7211567384102595,14.424454301566978,3.526200130073369,-2.4923572749629086,28.265690862345796,155.5187074829932,1249.7919234553326,225.22815719304845,15.117460317460319,28.089440476190475,12.554835909395766,18.7127749425848,6.296867818019226,3082.8469387755104,240.0,21.55,,,,2.888888888888889,11388.8,244.28571428571428,260.0,17.62857142857143,20.928571428571427,,,,,237.5,,16.325,
0,1994.0,5.665288011308419,4.056961892982301,0.6406153370439085,0.5628518810839251,0.39075714774867315,10.325317898798565,25.784725432288987,27.642008510763613,62.00319031422093,32.12890130114707,3.051325198891571,3.2923575680272106,4.909090909090909,353.5550050730519,65.38508156966492,0.25119949494949495,9.178619528619528,1.1754384118967451,16.497499298540966,4.792767957351291,-1.7114099326599326,30.413202160493825,199.1825714285714,1198.7378086838535,200.92550925925923,16.393066666666662,30.763600000000004,13.599392536475868,20.626212962962963,6.502857112794612,3153.417006802721,,,,,,2.2222222222222223,16641.375,213.63636363636363,218.1818181818182,16.83636363636364,20.49090909090909,,,,,,,,
0,1995.0,6.241002251716537,4.4331337313480175,0.8033817373103087,0.5742300670477466,0.3972565133279418,11.09013078695399,16.490838526552814,27.73740848437277,73.16455027115742,25.325771648985935,2.937347683181016,3.548989898989899,4.809090909090909,280.7255040975796,65.10943616492797,0.16908783384193218,8.444960140042106,1.6468732997421525,15.452334232252266,4.869264069264069,-2.1672280178837555,30.56102872992217,169.37063492063493,1165.610539226855,203.45561842074136,17.1433,29.8319,13.57257788659428,20.30529419487616,6.699748137108793,2693.0119047619046,,,,,,2.4444444444444446,14351.90909090909,236.3636363636364,257.27272727272725,16.454545454545457,20.92727272727273,,,,,,,,
0,1996.0,5.608782372598163,4.095397015265437,0.9108223209538999,0.2617410951621478,0.19258639021796917,7.4000186071238705,11.412414938862307,30.783560606060608,72.91297907647908,12.736971026049973,3.4412755561270414,3.180171130952381,4.945454545454545,312.380126984127,58.79418134043135,0.7247542997542998,10.49592547092547,1.6882848757848756,15.041585254085254,3.179391404391404,-3.4241970379470374,29.60323812448812,178.06666666666666,1084.8820548771296,232.5280367867868,16.055,30.7725,12.424053815178814,19.21254708767209,5.630436595686595,3464.9404761904766,,,,,,2.25,,239.0909090909091,256.3636363636364,16.745454545454546,21.281818181818185,,,,,,,,
0,1997.0,6.099890331890332,4.502011904761905,0.8605407647907648,1.1329383391566135,0.5530434212252395,23.212443689981757,26.825865436471503,30.815182792207793,72.54613715728716,45.98908948795313,2.4038627441853246,2.8704122125040494,4.663636363636364,288.1153396206968,60.66759014359624,0.01607538802660754,9.442156319290465,1.4078212437968536,15.23714012951818,4.110172280294232,-1.4402792735719563,29.46612087776722,184.06442857142855,1094.4084854959858,212.5414892830747,17.915,32.83,13.124318524970965,19.555006387921022,6.598795639320029,3414.252380952381,,,,,,2.5,,269.09090909090907,268.1818181818182,16.818181818181824,20.518181818181816,,,,,,,,
0,1998.0,6.559325557874664,4.578166389661925,0.9262437834982479,0.5083112680200059,0.26405560458958516,11.408899676375405,12.949458173972737,34.3004596185065,80.47884034863945,19.528037658134746,2.6887397539459394,3.36752701432934,4.2021632996633,355.26085764884465,71.93603767837101,0.35860670194003524,7.904087702421036,1.1357447490780823,15.49906525573192,5.378636363636364,-0.7621180856180855,30.352150232483563,185.55642857142857,1202.197128801934,199.2717311207311,14.379458333333332,27.671,13.943643145743145,20.460935802469134,7.307488063171397,3611.3333333333335,,,,,,3.0,,210.68827160493828,219.83375420875424,16.351607744107746,20.806712962962962,,,,,,,,
0,1999.0,5.926971821013877,4.311963088832247,0.8281223449447749,0.337614725939599,0.25576471788592997,13.648243859918987,18.57429854096521,27.853860096290003,70.39910495138298,22.72164575043363,2.262383932492628,3.2691189584448015,4.365252525252526,273.0719627825878,59.40193774479489,0.0009990009990009988,8.763649445792302,0.2679642166344294,16.08964185932271,4.08916866230696,-0.058372659086944806,29.825041601424584,185.03333333333336,1016.6975370511841,183.94308512915657,13.076190476190478,27.058809523809526,14.118124470767325,20.860027156059072,7.003106540285112,3833.2380952380954,,,,,,1.0,,222.5252525252525,218.18181818181822,16.34090909090909,20.35151515151515,,,,,,,,
0,2000.0,6.046606220939554,4.307312329645662,0.561988455988456,0.8539141414141413,0.4029581529581529,13.051531986531986,16.912979797979798,24.17372385762386,59.87828003848003,26.586861471861468,2.1306709956709957,2.877263212977499,4.429595959595959,349.1519125781626,80.20287771330325,0.21185322613894045,8.853674500103072,1.5172408293460924,16.870263157894737,6.928965975544923,-1.1301602762317045,31.547419191919193,224.1746666666667,1011.0997054817842,199.1020110681281,16.677333333333333,29.583333333333332,14.165354717386634,21.40450667198299,7.128959879406307,4141.013333333333,,,,,,1.2857142857142858,,234.62121212121212,241.3838383838384,16.405000000000005,21.038131313131313,,,,,,,,
0,2001.0,5.4207086772876245,3.747587062060746,0.7733669838932997,0.6888687430895224,0.2324195885884197,10.47157052903806,10.222746481512715,27.327432698880067,62.796145667198296,17.62501592923671,2.8651169917298946,3.1502798014993134,4.240123456790123,326.13543948168945,78.76753787878788,0.09437793109668109,8.376588804713805,1.1905014801922018,17.361096978622754,5.330847874920041,-0.7864983540764791,29.879449911486,189.08749999999998,1202.350254392666,180.2188229767917,15.331666666666669,30.12333333333333,14.784698589315775,21.703186507936508,7.572426996903559,3612.0,,,,,,3.0,0.0,233.32547699214365,228.10101010101005,16.28451178451179,20.55191919191919,,,,,,,,
0,2002.0,5.320692157798456,3.7329336673824867,0.5953362363795434,0.6185786435786436,0.2687505305152364,12.97246413717002,12.049037645361176,23.471593692833853,55.87503141652747,18.387311136575843,2.3414789026234812,2.7248511904761905,4.321212121212121,375.8909167869168,81.34467425714874,0.17369467267426447,9.252306593633124,0.9966483011937558,15.826704272158818,6.4617192852041345,-1.0737926274405867,31.020848929409535,199.53,855.4034002224629,200.01515622699299,16.869999999999997,31.136000000000003,14.249773728539035,21.246358895593744,7.143456930824278,4150.4,,,,,,1.8571428571428568,0.0,222.42424242424244,219.29292929292933,15.878787878787882,20.122727272727275,,,,,,,,
0,2003.0,5.736458333333333,3.948054865885748,0.6957920857737032,0.7261764705882353,0.36963854228560106,15.50053475935829,18.532782729253316,29.952299902915712,64.90804532987438,27.948403644285996,2.4415149162431766,3.027130952380952,4.122222222222222,324.44972369801917,68.69171253822631,0.14759753498285605,7.979184704184704,1.2127577725304997,16.869333923652103,5.345969762560672,-1.2981147980459906,30.98055965499147,202.875,1161.5981210372117,190.11912774534335,,,14.08230541655083,21.12536383313656,7.011223883659664,5492.5,,,,,,1.7142857142857142,0.0,231.06060606060606,233.2323232323232,15.310606060606059,19.165656565656562,,,,,,,,
0,2004.0,6.665544080765483,4.761451361266859,0.7561283632316843,0.6639657444005269,0.3481494789795185,13.238761129077334,14.584297520661156,28.50244849656289,73.52047292907994,24.084066954126246,2.4332421759841116,3.625225468975469,4.272222222222222,261.45708177008174,59.241768776197354,0.27142513571085003,7.508114478114478,1.0352359574581798,16.639071936294158,3.4221714499492273,-1.1039621727478872,30.31891948586393,,986.6755681818182,180.46022579536864,,,14.177016611695185,20.852536308855754,7.431385243592385,,,,,,,2.0,0.0,203.23232323232324,203.83838383838383,15.925757575757578,20.208585858585863,,,,,,,,
0,2005.0,6.049702537347046,4.1569092035132496,0.7296681722259757,0.6756956148177523,0.30698456425729154,12.054660701893527,14.620713520486248,29.029097561077332,66.9174155927326,22.61295071931435,1.9344133297258292,3.466321044546851,4.1328282828282825,350.90081736909326,70.89078232255804,0.28243651467950526,9.267416487977236,1.1711211062128493,16.624522088512915,5.178591286389452,-2.1868821391484943,30.57025596727432,,1079.4134340596981,197.5000924127793,,,13.952499959542017,21.277284284522818,6.956917405024881,5427.0,,,,,,1.4,,239.24242424242422,246.66666666666663,15.860606060606061,23.57828282828283,,,,,,,,
0,2006.0,5.886088700861428,4.063757980235253,0.5706757327969448,0.404844083415512,0.16162092085574933,14.049614456757313,13.961809577113007,24.00406382548428,58.17784988230064,17.64920101885801,3.4013172966781218,3.7992377809209485,4.260492139439508,399.9248515769945,79.39682687262233,0.10011806375442737,8.302660697887971,0.8504906204906206,17.095411911321,6.377655122655122,-0.37512245834973096,32.76299963924964,265.1,926.4609019439681,181.71171428571427,,,14.746995359438541,22.09615107569198,7.356764039748131,4905.0,,,,,,1.9366815476190475,,218.51674641148327,217.36158578263846,15.882911825017084,22.659330143540668,,,,,,,,
0,2007.0,6.615640076423339,4.5433520520966875,0.8637219837863614,1.7147677584470036,0.4960857380679207,24.992426965068475,25.306935164563228,32.245940675919215,76.1195459545193,37.68138206757361,4.509437812468115,3.771412207494681,4.029545454545454,345.2250919723552,76.30696857169335,0.2783907224274197,8.1474055760753,1.9742980261328884,17.84989574645538,4.5531160226114356,-0.29053086566848035,29.92667338522843,,1118.8409883885583,185.08962174166302,,,14.49781809576764,20.920507181910857,7.9387787475012255,,,,,,,2.1485357779475422,,227.23181818181814,221.26363636363635,16.137000000000004,22.761181818181818,,,,,,,,
0,2008.0,6.812479265843054,4.6318195001749825,0.9919715666393407,0.7438942343139423,0.2701727869831318,14.905366622428666,12.397694058814748,33.45731847425369,81.97454131635124,18.262727956908993,3.457356398082205,3.237202447758003,4.290287081339712,289.9691402396054,57.020854200265966,0.2463316639787228,10.041932277961692,1.3919470212327356,15.815933828076684,3.252543461829176,-2.0844244970715557,29.383332543118254,,1162.598486410497,220.57642743966275,,,12.781789625951392,19.71209330378616,5.885544092889681,,,,,,,2.313122294372294,,237.5358851674641,236.32057416267943,16.490430622009576,22.95023923444976,,,,,,,,
0,2009.0,7.523818642302053,4.912294634451032,0.8282185999010644,1.091436220784047,0.5642725192725193,21.53166254035819,33.03345553345554,31.616049680966743,79.21917498131728,50.12933686933687,3.941651702207258,3.5949567638000466,4.1129186602870815,274.35878401663695,52.26882275132275,0.20340244550770864,9.15081706792233,1.4824045593782436,15.229523303207515,3.258100111389585,-2.0461789574947473,29.654447957013744,,1096.4904633715798,219.7623102896129,,,12.680355174552544,19.6148870693147,5.999117291334397,4831.0,,,,,,2.259176587301587,,244.86443381180226,236.18022328548642,16.521610845295058,22.739553429027115,,,,,,,,
0,2010.0,5.919402231440755,3.903587352544014,0.7689884397749566,0.7592157092157092,0.3286454205028148,13.216890185640185,12.646557438062722,29.040845539782143,67.04030333379143,20.211972275572624,3.4846336620772704,3.030218678380443,4.060526315789474,380.32985534961267,80.1227175235233,0.010950413223140495,8.866451409013392,1.3634858025353893,16.39056384386963,5.5777464729944075,0.48524131515867064,29.55828712151027,130.9,1209.2006836381836,199.16511359164252,,,14.212138656339068,20.73863068405424,7.503031108010447,4326.0,,,,,,2.205233134920635,,236.8341307814992,234.9760765550239,16.236363636363638,22.859968102073367,,,,,,,,
0,2011.0,6.099305710808058,3.97212907072062,0.5718673996843011,3.285687830687831,0.6073653831548569,54.0542180306466,36.902976285410496,26.701158386909558,59.03958910870014,56.87732513100934,2.900321515467501,2.8540569667928155,3.7826839826839835,469.03366273693945,87.72145002658162,0.47678096757044125,8.997251018961546,1.1607389686337053,16.836345915293283,7.048759525075315,-0.703552410065568,32.51717636895268,208.50281385281386,1194.5859273956496,208.2172417153996,16.047222222222224,32.330000000000005,14.23974452861953,21.772665603402444,6.98306485911749,3248.9166666666665,,21.955,,,,1.930185185185185,,240.69518716577542,227.11229946524065,16.99679144385027,23.563101604278074,,,,,,,,
0,2012.0,4.8058347774854955,3.18320876801738,0.5069495939113163,0.9803011897399652,0.16946383586819422,13.923798480431135,7.839665681372702,24.726572307720634,47.933279294750115,10.00118558466016,2.779600266228173,2.3419891774891775,3.8038311688311692,496.67515901590156,89.40380922865013,0.05719008264462808,7.357486225895316,0.7411570247933884,18.585367309458217,7.3979109274563815,-0.20743663911845717,32.75878787878788,250.08542328042333,1043.5167359704515,165.436620523416,15.883333333333333,27.925833333333337,15.746055716253442,23.388029752066114,8.103319421487603,2840.8333333333335,,19.460714285714285,,,,2.0251488095238095,,239.36363636363637,239.27777777777777,16.42868686868687,22.77838383838384,,,,,,,,
0,2013.0,6.50804565069271,4.437948758536994,0.7897038176449941,2.3501202501202503,0.9513599510002388,59.160806673001794,68.81497036137323,29.69448601389778,73.36712474611768,102.69774777580534,3.138300241425241,2.662003222341568,3.9374458874458873,359.53284964210707,71.68779133931913,0.17953142536475872,10.592695473251029,1.8058829031051251,15.618808454919566,4.954323325851105,-2.1347977459783016,31.121738683127568,188.9925925925926,1405.740735644993,226.28444421062474,20.191666666666663,36.925,13.074281285072951,19.988115109427607,6.232762018331463,4651.0,195.0,16.514285714285712,,,,2.3466269841269844,,232.87878787878788,227.37373737373736,15.719696969696972,22.329292929292926,,,,,,,,
0,2014.0,6.478058348271114,4.02845387473047,0.6811445056125908,1.9421596921596924,0.8502242893065679,35.01601186718374,42.62348134753198,25.487796671413694,64.13722740073545,66.25290343154268,3.017616950950284,2.7607173859126988,4.119264069264069,354.03756829936606,68.9924354991716,0.41900252525252524,9.56069825236492,2.3744825904548126,16.6513949013949,4.549116495644273,-3.42749859708193,30.281297832825608,159.30137566137566,1170.31453470277,218.57617036769818,23.305,24.26,13.13113252565336,20.062223935786438,6.20246567527123,2448.75,,18.170833333333334,,,,1.717948717948718,,250.959595959596,246.76767676767682,16.575252525252527,21.843939393939394,,,,,,,,
0,2015.0,7.179071816316713,4.785885519431439,0.8736225226021144,0.724064897091213,0.47969414219414214,17.056458001063262,18.113807476307475,31.39214491857349,81.71938761572318,28.422188828438827,3.0077849927849925,2.6307717365553187,3.771168831168831,366.31382922632923,72.16807081014224,0.06863155363155363,7.457061087061087,1.4169978698550125,17.43562701848416,4.813735655878513,0.1387251082251083,30.967375386518246,156.39615079365078,1210.0399242424241,177.11837263794408,,,14.745859991067134,21.513056964199823,7.983003703703704,3899.25,120.0,16.762500000000003,,,,1.5973748473748475,,203.32828282828282,205.77272727272728,16.10050505050505,21.10585858585859,,,,,,,,
0,2016.0,6.315880918023775,4.347886518243661,0.9109722508532032,0.508810521005643,0.1706974793284317,11.572597490585295,11.553126359971598,31.074525636180393,79.71945883481598,13.188100463249272,2.6331103831103833,2.943862240760051,3.837532467532468,404.5613138148401,81.38224747474746,0.20944621416319528,7.114659056876038,0.7668191347436631,18.914817991233086,5.459717457594816,0.733797476108797,31.30928411473223,168.67920634920634,1006.5702756734005,157.893024347246,30.8,,15.80518974447984,22.793834691252144,8.792054929347383,2912.8,196.7857142857143,21.40138888888889,,,,2.1214285714285714,,248.48484848484844,234.5454545454545,16.997474747474747,22.65252525252526,,,,,,,,
0,2017.0,6.055956364698696,3.9293297789463435,0.8354982228065051,0.14518550893550894,0.10396009250571989,5.265547230547231,5.564970522717672,29.05516602816066,69.68572222989775,6.474228844666107,3.025129182986326,2.5268577307466193,3.8797619047619043,334.0997213897214,67.91961639087806,0.08879886987363622,7.191135318471766,0.6826934228803389,17.994447478793273,4.141463365295141,-0.13957104422057692,31.330948638588826,174.45444444444445,1007.9186552308801,167.97320720556704,18.678,36.0075,14.935710995131556,21.97652507720732,7.908409748351337,1971.5,295.0,19.153125000000003,,,,1.5391671820243251,,245.30303030303034,249.79797979797982,16.44848484848485,22.176262626262623,,,,,,,,
0,2018.0,6.99232221425473,4.618047200754257,0.9268884617427562,0.6961937381477611,0.457564517353991,12.680680090450204,19.452797372218424,32.039824018006534,79.6922415543249,31.04815485683907,2.881517455467035,2.509169236395264,3.7542640692640687,427.67524322169055,79.87555538043402,0.0717613023438266,10.336116014514072,1.4051068941845641,15.848543689320387,6.076846131215063,-1.111593851132686,30.030406001765225,186.91333333333333,1309.2662724180582,218.0660203281077,21.304,35.362,13.583930946076578,20.58014340001962,6.68104084534667,1958.75,242.14285714285714,29.304166666666667,,,,1.912037037037037,,245.35353535353534,244.4191919191919,16.1919696969697,22.93186868686869,,,,,,,,
0,2019.0,7.710144755945989,5.196554250406331,1.0936028788879328,1.330732003211842,0.5663920789953847,25.719164862914862,28.66930893945357,33.404735946299894,95.1181537300164,40.74488338222843,2.8831337569240794,3.125478791805322,3.818701298701299,352.84814591291064,72.43938891718304,0.19263220439691026,9.364246809835045,1.8714328155504625,15.6736648699884,4.248059375265258,-1.7458728390346037,29.83462252072546,173.17037037037036,1287.8268905621567,211.65682688226806,17.18,21.301666666666666,13.609319380782617,19.995570264974674,7.132622807203691,2229.225,292.5,35.59027777777778,18.9,6.1,13.8,1.9642857142857144,,251.4848484848485,258.030303030303,16.70616161616162,24.002575757575755,,12.2,-2.2,7.4,,,,
0,2020.0,6.435221108005918,4.0208676959468095,0.6536845626244361,0.45931017034913135,0.33329101312808035,9.605644728047325,13.165490664574167,26.276538800071233,63.303388721437784,19.878918292614827,2.8099545140849496,2.6141360915951077,4.0182659932659925,358.78947447995205,70.13029160021266,0.04621591858433963,8.67982228298018,0.7037715500873395,16.886270980481505,5.359026733500418,-0.6508217893217892,30.668058023847497,198.265,1158.3968094317029,191.95519370395687,19.37,29.74,14.236233325738588,21.152553231563758,7.31111299081036,1889.7,270.0,20.660000000000004,,,,1.771701388888889,,247.56734006734007,252.15488215488216,16.053030303030305,23.25639730639731,,,,,,,,
0,2021.0,7.5109915198956285,4.70514514024788,0.8783635029354206,1.5360590390002153,0.6229861548143486,18.678280542986425,22.296821900566393,31.882347928897584,78.81150873414693,40.624617159639186,2.813533114395183,2.3626109765940275,4.073148148148148,159.39716006884683,93.4294583987441,0.8536980749746707,6.965096251266464,2.011041339612768,17.823076923076925,6.034379905808477,-0.38757598784194514,31.516907378335954,182.9361111111111,1538.7961904761905,185.5781292517007,20.706666666666667,36.865,14.949645735217164,21.357237571951856,8.396527102330293,1925.5,306.0,33.1,,,,1.5714285714285714,,228.71693121693124,214.94047619047618,16.02724867724868,23.069113756613756,,,,,,,,
