,YEAR,DP01,DP10,DP1X,DSND,DSNW,EMSD,EMSN,EMXP,PRCP,SNOW,DYFG,DYTS,AWND,CDSD,CLDD,DT00,DT32,DX32,DX70,DX90,EMNT,EMXT,EVAP,HDSD,HTDD,MNPN,MXPN,TAVG,TMAX,TMIN,WDMV,WDFG,WSFG,HX01,LX01,MX01,DYHF,TSUN,WDF2,WDF5,WSF2,WSF5,PSUN,HN01,LN01,MN01,HN02,HN03,HX02,HX03,LN02,LN03,LX02,LX03,MN02,MN03,MX02,MX03,WDF1,WSF1,WDFM,WSFM
0,1960.0,7.8942730880230885,5.852448593073594,1.2060380591630593,0.0980023161551824,0.10536536248561565,5.543804284887087,9.25589758342923,37.98380681818181,100.30274981962482,11.229746835443038,4.333654108654108,4.527464494569758,,566.9880260589084,108.56293658810324,0.0021212121212121214,4.601809764309764,0.06919753086419753,20.91523569023569,8.040036475869808,3.593687991021324,30.991588945005617,165.4202380952381,648.0023866843032,116.76421127946128,,,17.949406144781143,24.520136840628506,11.407465656565657,2259.7239057239053,229.58636363636364,16.221818181818186,,,,,,,,,,,,,,,,,,,,,,,,,,,,,
0,1961.0,9.385971402335038,7.459411430320521,2.0553203025930293,0.0,0.0,0.0,0.047202797202797214,50.560451265905805,157.50895806550352,0.047202797202797214,4.6904329004329,5.187545313764826,,467.4110654590119,90.27599374426079,0.0,2.4416580578512397,0.003099173553719008,21.95567033976125,5.1397612488521585,3.428939393939394,30.711309687786958,147.17666666666668,640.7109830240004,89.46630538337924,,,18.27365751262626,24.698743916437095,11.832664514462811,2372.5252525252527,261.02645502645504,18.495767195767197,,,,,,,,,,,,,,,,,,,,,,,,,,,,,
0,1962.0,7.373661725479906,5.499002142638506,1.0338869211596484,0.019289044289044287,0.026172553561088593,0.970104895104895,1.6394325419803126,36.69507206261751,91.5652965586602,1.7280254777070065,4.983449883449883,4.426879910213244,,612.0231760204082,115.8643338683788,0.00865679264555669,3.043750101334371,0.11337735298409454,21.32828890834509,8.881088574347002,3.3306431084520973,31.49827314071696,155.01583333333335,633.402238169028,100.63397028065567,,,18.766727130859152,25.468193256805616,12.089427704006354,1719.3977272727273,166.10999999999999,14.591363636363639,,,,,,,,,,,,,,,,,,,,,,,,,,,,,
0,1963.0,6.684044851025982,4.999799885648942,1.039225589225589,0.10314537782892214,0.08247728860936407,3.784369006520905,7.464891048853313,33.67747315926562,84.85471126357918,8.396216885839527,3.8703470879002797,4.077033320215138,,581.7166357270181,109.8514516039516,0.01683316683316683,5.081984681984682,0.26736874236874236,22.141486291486288,7.527886002886003,2.787789432789433,31.29357781107781,144.2185185185185,689.059343644082,108.25733405483406,,,18.270461649461648,25.166373931623934,11.352675990675989,2119.524242424243,248.20303030303032,16.004848484848488,,,,,,,,,,,,,,,,,,,,,,,,,,,,,
0,1964.0,7.975728623817796,6.207231551180596,1.7150147976581094,0.0027680652680652676,0.0027504342790966993,0.11086829836829838,0.12695425593514764,51.690240783632504,132.5719129189989,0.12869137232194555,14.179292929292927,4.742530406101835,,560.0119133644134,99.43060663452708,0.0,3.402631427915519,0.04635847107438015,21.897187786960515,6.658651859504132,3.1496949609733704,30.538505222681362,173.13055555555556,650.02609636544,100.4185990587695,,,18.23580148071625,24.70156198347108,11.74483623163453,2129.6325757575755,231.33333333333334,17.19848484848485,,,,,,,,,,,,,,,,,,,,,,,,,,,,,
0,1965.0,7.4218750287221615,5.517262938759754,1.1754441595205927,0.025420875420875417,0.02359261403847391,0.9642709142709143,1.2527118316927235,35.68581203297764,93.91968106910781,1.3835745994981665,10.638636363636364,5.142752715121136,,589.2851587752525,106.82528357410382,0.0,3.6069142468018875,0.025175105793083314,22.241498856948297,6.692386546038232,3.5123679005139676,30.792191132837196,162.56785714285715,584.3570929887107,93.19721338586508,,,18.715646383578967,25.128515204209027,12.244247247758484,1818.1401515151513,237.25252525252526,16.78535353535354,,,,2.757575757575758,14893.09090909091,,,,,65.28181818181818,,,,,,,,,,,,,,,,,,233.1818181818182,12.354545454545452
0,1966.0,7.774099520551134,5.888896336638272,1.3327151701345248,0.011143695014662756,0.006451612903225806,0.3237536656891496,0.21700879765395897,42.09911567285761,107.55941991341993,0.2363636363636364,17.454545454545453,4.621396103896104,,538.5773238195911,95.07789968652035,0.0,3.2606923089681707,0.014733542319749214,21.567364946675294,5.658101540860161,2.939017183327528,30.80149209666451,158.76666666666668,636.2316572447161,99.32671397886915,,,18.112368981274155,24.539844218042496,11.67449752035959,2559.4249158249163,222.78787878787878,16.04878787878788,,,,2.909090909090909,15101.454545454546,,,,,66.39090909090909,,,,,,,,,,,,,,,,,,216.8181818181818,12.390909090909089
0,1967.0,7.603475073313782,5.999261974584555,1.4133479960899318,0.024222873900293252,0.017126099706744866,1.1764809384164223,1.2245161290322581,42.82013636363636,114.22828934506354,1.2843401759530793,10.242424242424242,4.25981240981241,,480.3803451033571,88.77174176079349,0.0,3.5563218390804594,0.04848194589573899,22.24062463717636,4.013755369789852,3.3736891907581557,30.57359166376408,162.07083333333335,652.826491682009,93.26293704698877,,,18.09303073841867,24.702118454661562,11.477301753163822,2474.2640692640693,245.84848484848484,16.63030303030303,,,,3.875,11244.0,,,,,60.4,,,,,,,,,,,,,,,,,,360.0,18.3
0,1968.0,7.902695789059425,6.1741196754183765,1.3786904293397801,0.11829613388054944,0.1111111111111111,9.351519836584771,9.603324562148092,41.93482412248647,112.17166338711793,12.091724905450397,15.636363636363637,5.0033670033670035,,516.9628194161929,95.26909209744504,0.0,5.035258467023173,0.03574569221628044,20.703992869875222,6.201152703505645,2.931306001188354,29.922912655971476,159.75297619047618,687.9378977272727,117.08975401069519,,,17.539812715389186,24.171914676173497,10.911647177658944,2120.6636363636367,256.5218855218855,15.948148148148148,,,,2.5,,,,,,,,,,,,,,,,,,,,,,,,,
0,1969.0,6.964368854103954,5.3846093384172855,1.5413572814235066,0.0,0.000606060606060606,0.0,0.024848484848484852,45.044061475683996,112.1100274265837,0.024848484848484852,14.045454545454547,3.535299969390878,,513.7461916786916,99.00445031712475,0.0,3.973059079163731,0.002114164904862579,20.235239018087857,7.136128729151984,4.252438630490956,30.699924242424245,176.16904761904763,681.2845358924877,111.71155978388538,,,17.82575466878083,24.469163965233736,11.189168751468172,2169.8969696969702,242.4949494949495,18.13973063973064,,,,4.0,,,,,,,,,,,,,,,,,,,,,,,,,
0,1970.0,8.080680970781643,6.430028472645922,1.4797623889905767,0.0,0.0,0.0,0.021498771498771496,42.37223747542539,117.39032150362686,0.021498771498771496,14.424242424242427,4.216691468253968,,550.9151239669421,104.49265422077922,0.0,3.488846801346801,0.03736171236171236,20.820463564213565,7.260257335257334,2.8226046176046173,30.76653439153439,164.29412698412702,715.5446796002351,102.0344739057239,,,18.31650916907167,24.800796446608945,11.819377405002404,1921.0740740740741,225.8939393939394,17.751818181818184,,,,5.090909090909091,,,,,,,,,,,,,,,,,,,,,,,,,
0,1971.0,8.399179292929293,6.64513888888889,1.6332491582491582,0.03057851239669421,0.03630006357279084,1.0703115066751432,2.049332485696122,43.263339646464644,125.16645202020202,2.2692943420216145,13.659090909090908,4.8496198246198245,,499.7341563786008,93.64118656443958,0.004381161007667031,3.2256297918948524,0.13581599123767799,21.806596081294877,5.70716806620421,3.6176779846659364,30.604313009614213,138.1206349206349,645.4395212121212,99.34529755385176,,,18.037944505293904,24.635687963977123,11.42456516976999,2022.661952861953,214.54545454545453,18.181818181818183,,,,3.5454545454545454,,,,,,,,,,,,,,,,,,,,,,,,,
0,1972.0,7.660548340548342,6.05463924963925,1.5496608946608947,0.0,0.0,0.0,0.0,41.775645743145745,114.72135642135642,0.0,13.647727272727273,4.224506974506974,,582.0831617545316,102.78252619949494,0.0,3.054409722222222,0.008295454545454545,21.215236742424246,7.665634469696971,3.7032045454545455,31.320518308080807,159.84345238095239,516.4876303030302,105.77877272727271,,,18.185952241161615,24.69379311868687,11.653598737373738,2275.9805555555554,248.1818181818182,16.209090909090914,,,,2.8,,,,,,,,,,,,,,,,,,,,,,,,,
0,1973.0,8.691696375519905,7.03150623885918,2.0189171122994654,0.0058489304812834216,0.008088235294117646,0.24615641711229946,0.47553475935828887,53.15832442067737,150.90915255496137,0.4775401069518717,12.056818181818182,4.942355371900827,,557.6258999081726,108.45744305624052,0.0,3.0456189380240013,0.10303989259685463,22.612904360056262,6.542839790308145,4.469246442727455,30.49893555811277,148.22345238095238,628.1449819624819,87.0740037810291,,,18.94472894405173,25.291575022375653,12.562263274699983,2155.167207792208,230.0,15.70909090909091,,,,3.727272727272727,,,,,,,,,,,,,,,,,,,,,,,,,
0,1974.0,8.314058204569152,6.76313473630992,1.7110602900748886,0.0013271400132714,0.0019907100199071,0.03317850033178501,0.06370272063702721,48.838969017600405,134.25606771573925,0.06370272063702721,12.990909090909092,4.952794956366384,,492.2089345161881,94.05005641233765,0.0,3.222947781385281,0.010479797979797978,22.30266774891775,5.094111652236653,4.273426091269842,30.606126939033185,138.21944444444446,496.4578952066452,89.91214308261183,,,18.388821721681097,24.929577380952384,11.854199368686869,1983.6060606060607,234.54545454545453,15.74545454545455,,,,3.6,,,,,,,,,,,,,,,,,,,,,,,,,
0,1975.0,9.64552881758764,7.700527332144979,1.7099524658348189,0.004010695187165775,0.006016042780748663,0.11764705882352944,0.2393048128342246,48.34941993464052,141.80792409387996,0.2459893048128342,13.63068181818182,5.456042568542568,,554.2660942760942,97.29075036075037,0.0,3.6748629148629144,0.0516161616161616,21.622891414141414,5.402979797979798,3.991858225108225,30.703564393939395,114.71958333333335,568.7436303030304,102.95531114718615,,,18.071689195526695,24.232296464646463,11.932506926406926,1616.3279220779223,243.63636363636363,15.081818181818182,,,,4.7,,,,,,,,,,,,,,,,,,,,,,,,,
0,1976.0,7.556326522803796,5.995437327823692,1.3476832721150904,0.004820936639118457,0.001377410468319559,0.10330578512396695,0.14325068870523416,36.91586853382308,105.8511005892256,0.16115702479338845,13.263636363636364,4.809641387419164,,413.9318390955891,85.28493076368076,0.0,3.8386581011581016,0.0613053613053613,21.426430976430975,5.550252525252525,3.3043894068894075,30.09403392903393,142.8382142857143,645.5017362267362,103.85437622562621,,,17.676242734117736,24.424154396529396,10.893937016687017,1494.5844155844156,277.27272727272725,13.463636363636368,,,,3.25,,,,,,,,,,,,,,,,,,,,,,,,,
0,1977.0,7.881308485285758,6.194202304429576,1.5412135423499058,0.0006887052341597795,0.0006887052341597795,0.01721763085399449,0.03168044077134986,47.1739840777909,124.02709390987799,0.03168044077134986,11.621212121212121,3.420195374800638,,615.5986872243562,116.7289256114256,0.0,3.399063899063899,0.029487179487179487,22.00401172901173,8.199560624560624,5.091991711991712,31.905775890775892,134.48985260770976,730.223687865497,90.17643846893846,,,19.120644762644762,25.562297064047065,12.532880859880862,2137.2291280148424,241.8181818181818,14.109090909090911,,,,3.555555555555556,,,,,,,,,,,,,,,,,,,,,,,,,
0,1978.0,7.159478371501272,5.559233556943481,1.1791425707456242,0.020587554938699976,0.01804302567661346,0.34119824196160076,0.6673606291926903,38.067136826278045,99.13783580075565,0.8646773074253989,13.119318181818182,3.8041222327807693,,554.4929085889955,105.8906460711006,0.0,4.494490358126722,0.10074445756263938,21.933438278892822,7.727876164239801,4.557824675324675,31.35288797061525,141.3868716931217,677.560288990289,111.4937581285958,23.05,29.71,17.99935285601844,24.90369733044733,11.276493112947659,2178.506493506494,196.3636363636364,17.10909090909091,,,,3.0,,,,,,,,,,,,,,,,,,,,,,,,,
0,1979.0,8.491032856032858,6.771784604284604,1.9115401265401266,0.01818181818181818,0.016083916083916083,0.49720279720279725,0.6944055944055945,55.87285969585969,150.5088943278943,1.0363636363636364,13.848484848484848,3.2599422799422793,,464.2942343454667,93.5104957469431,0.0,3.9290726817042607,0.08929425837320575,21.077271303258147,5.002537593984963,3.9258806106174533,30.159972089314195,137.1363095238095,635.5207328174109,104.46017410951622,,,17.83064550580998,24.128860702893594,11.505154591023013,2097.391919191919,223.63636363636363,16.39090909090909,,,,3.5,,,,,,,,,,,,,,,,,,,,,,,,,
0,1980.0,6.7547412511152976,5.320501360386857,1.7095306940726787,0.02324774462179042,0.020333102012491323,0.783969465648855,1.1790423317140872,50.3520987960301,126.39347914807838,1.3265093684941014,,4.232755102040817,,605.4136636932092,120.1444696969697,0.0,4.207449494949495,0.23367224880382773,21.30474813928761,9.349827219564062,4.400315988835726,31.937108585858585,159.88902116402116,641.0269176046177,111.05661981658693,,,18.566359516214778,25.15283187134503,11.839073298777246,2006.5890151515152,250.0,13.363636363636363,,,,,,,,,,,,,,,,,,,,,,,,,,,,,
0,1981.0,6.959368494101319,5.217098465571748,1.1401187446988974,0.0,0.0,0.0,0.009021512838306734,38.18394170714781,92.45139640681626,0.009021512838306734,,3.5032941017316017,,538.9306104523497,104.86421104845446,0.0,3.4626096491228067,0.14588934457355507,22.05306637806638,7.1971481734639635,3.3335366826156294,31.493946229209385,140.16472222222225,666.0640046215045,99.60890085061138,15.61,25.55666666666667,18.432577736956024,25.113984639629376,11.725185506379585,2068.0454545454545,206.3636363636364,15.290909090909093,,,,,,,,,,,,,,,,,,,,,,,,,,,,,
0,1982.0,8.853819915573647,6.79827001356852,1.7472259912558419,0.008412483039348708,0.005630936227951154,0.22795115332428767,0.3460651289009498,51.744059249208505,140.31926993818783,0.3460651289009498,3.247951522951523,4.446365649854022,,558.055746183641,110.60808099548359,0.0,2.8291654953992618,0.06973632428177882,21.96925095106913,6.892594778958416,4.627656012818351,31.672758756395123,140.32022486772487,540.5451969696969,82.95170784842864,14.194444444444445,26.72,19.07877902869137,25.14784366391185,12.782399125766009,2523.298611111111,243.63636363636363,15.054545454545456,29.48574635241302,16.662278338945004,23.416195286195286,,,,,,,,21.98920314253648,11.619135802469136,16.52726150392817,23.368686868686872,23.21919191919192,30.527777777777786,26.814141414141417,13.007575757575758,14.106060606060607,17.93030303030303,17.060606060606062,17.721212121212123,18.539393939393936,24.402020202020203,21.75,,,,
0,1983.0,8.522690079085429,6.744773314540756,2.16508104298802,0.018628141883955836,0.015715292459478503,0.5429410382898755,0.6849189570119804,58.44790188708793,160.44364497690077,0.7644115574348133,3.3001488095238094,3.97790404040404,,433.90804153951694,105.12353613353613,0.021007371007371003,2.9955364455364455,0.4516653016653017,20.36158203658204,5.986684411684412,4.1486424086424085,30.254138684138685,143.24960317460315,509.6639723489724,99.24465260715262,13.759,26.631,18.37404574704575,23.98653132678133,12.061185659685659,2635.4348484848483,235.45454545454547,17.19090909090909,29.936448863636365,16.86164772727273,24.101420454545455,1.75,13110.0,,,,,59.0,21.40400568181818,11.550170454545455,16.391477272727272,21.740909090909096,22.02272727272728,29.46818181818182,25.32727272727273,11.786363636363635,13.386363636363637,16.71363636363637,15.850000000000001,16.695454545454545,17.554545454545455,23.68181818181818,20.87272727272727,333.3333333333333,9.516666666666666,,
0,1984.0,8.004890703914143,6.155093907828283,1.606098090277778,0.007615214646464647,0.01711647727272727,0.18931502525252528,0.8555042613636364,42.95445036300505,118.65105902777778,0.8746803977272728,3.175071200729096,3.996195342125574,2.454545454545455,499.18633237133236,108.59420747045746,0.0,2.4003276003276004,0.003685503685503685,22.54617897117897,6.003007878007878,4.199131859131859,31.147030829530827,141.73202501202502,520.629600368767,71.31304395304394,19.612727272727273,28.366363636363634,19.57430593580594,25.499282326157328,13.045144041769044,2590.5075757575755,237.27272727272728,16.145454545454548,30.82135416666667,18.382080176767676,25.38515782828283,2.375,14097.454545454546,,,,,,22.65918560606061,12.362184343434343,17.48571654040404,22.786363636363635,22.702727272727273,31.167727272727276,26.149545454545454,11.909090909090908,13.695909090909087,18.218636363636364,16.579545454545453,17.195454545454545,18.263181818181817,25.364090909090912,21.827272727272728,280.90909090909093,10.845454545454546,,
0,1985.0,7.888188807720058,6.100050730519481,1.4710571112914863,0.06564078282828283,0.0693181818181818,0.9982638888888888,2.9953835227272725,41.599240225919914,113.30055442821069,4.495028409090909,3.3758778258778253,3.7088253567420235,2.545454545454546,522.0468875471507,109.77814813189812,0.003808353808353808,3.196251608751609,0.3001979251979252,22.315366015366017,6.073554073554074,4.50942743067743,31.154005791505792,142.59814814814817,514.4374972054549,81.15446974571974,15.252222222222223,24.158888888888892,19.092784466284467,24.980787254787256,12.77535081997582,2557.5466329966325,243.36363636363637,16.687272727272724,30.340340909090912,18.141666666666666,24.733901515151516,2.0,14150.0,,,,,,22.64261363636364,12.64034090909091,17.5405303030303,22.545454545454547,23.331818181818186,30.127272727272725,26.56818181818182,12.45,14.727272727272727,17.37272727272727,17.200000000000003,17.20909090909091,18.700000000000003,24.33181818181818,21.777272727272724,202.72727272727272,10.772727272727272,,
0,1986.0,7.8144569996932205,5.931898569496996,1.409638283850882,0.002147458840372226,0.0036506800286327844,0.05368647100930565,0.18861846814602723,40.261400677188085,109.60530544477395,0.18861846814602723,4.245787337662338,3.8669115971747545,2.509090909090909,544.2582067303765,119.00738935341674,0.0,2.30703759710609,0.0858862598588626,22.75552491648382,8.37203888197039,5.410312518531697,32.14182094921821,157.01212121212123,409.49678969314994,77.68887633675305,16.441111111111113,27.180555555555554,19.65342441538674,25.76351629306766,13.284031830042105,2308.5875420875423,239.54545454545456,15.981818181818184,30.922727272727272,18.391704545454544,25.229204545454547,1.7380952380952381,14153.09090909091,,,,,,23.033749999999998,12.936250000000001,17.91056818181818,23.03636363636363,23.75909090909091,30.004545454545458,26.854545454545455,12.72272727272727,15.149999999999999,17.62272727272727,17.55909090909091,17.686363636363634,19.38636363636364,24.34545454545455,22.259090909090915,245.45454545454547,10.91818181818182,,
0,1987.0,7.387879961050693,5.803197186733772,1.3621408627506189,0.00439882697947214,0.007331378299120233,0.18548387096774197,0.40689149560117305,39.119138803833934,106.75633369990226,0.43108504398826986,4.342420860389611,4.2141594516594525,2.4954545454545456,513.5030263157895,106.81510781282208,0.0,2.800648842550251,0.0012987012987012985,21.985473613687898,6.780761183261183,4.972169735585229,31.334592815914245,152.79768707482995,519.2446288976723,84.07566151309007,15.128888888888888,28.53888888888889,18.954282364460934,25.43641412079984,12.094968284454199,1946.2931766646052,181.5909090909091,18.18181818181818,30.481806958473626,18.83811447811448,25.233423120089785,1.8571428571428572,16202.09090909091,,,,,,21.716363636363635,12.752873176206512,17.291930415263753,21.45117845117845,22.743636363636366,29.340942760942756,25.770454545454548,12.615420875420876,15.111818181818181,18.846094276094277,17.828636363636363,17.0193265993266,18.940909090909088,24.407138047138048,21.91636363636364,232.72727272727272,13.163636363636364,,
0,1988.0,7.89650776053215,6.168930008564154,1.390962763523739,0.019618953765295235,0.02443951712244395,0.7919191919191919,1.9675782212367576,39.64451272304931,111.54136369502223,2.049692042374969,3.9935960992412602,3.7012876783710116,2.4499999999999997,473.6486391184573,95.1070456577851,0.0,3.375341950694063,0.061443407922281146,21.715639798386277,6.394627360120317,3.8096735463284754,30.703272310631466,157.42784580498866,571.2824094987138,96.89246214661706,6.6,20.33,18.189662835599453,24.861704113570315,11.47913946304087,2053.981179138322,227.72727272727275,17.363636363636367,29.577575757575758,17.39131313131313,24.240101010101007,2.238095238095238,16453.18181818182,,,,,,21.741515151515152,11.866161616161616,16.427373737373742,20.73727272727273,22.245454545454542,28.23909090909091,25.43181818181818,11.398484848484848,14.713636363636367,16.548181818181817,17.15,15.565151515151513,18.318181818181813,22.86909090909091,21.368181818181824,253.63636363636363,11.081818181818184,,
0,1989.0,8.932410714285716,6.916992243867243,1.7656836219336218,0.02763257575757576,0.018855218855218854,0.4684659090909091,0.8297979797979799,46.79678165584416,135.52748493867244,0.9325757575757575,4.820505548091754,4.388496071829405,2.4,486.1706413704141,92.82876099547333,0.09454278598114214,4.493578643578644,0.642200873707723,21.23432762062899,4.312010021941529,2.047753068848959,30.695117713336888,142.39611678004536,583.8023146773861,120.96080284251518,16.705,24.275,17.302023369704877,23.355987477514876,11.273936863745083,2056.1408730158732,238.63636363636363,16.304545454545455,30.258005050505048,14.872993827160494,23.272157687991022,2.0535714285714284,13906.272727272728,,,,,,21.510353535353534,10.09841189674523,15.83003086419753,21.769562289562288,23.13666666666667,29.4779797979798,26.473333333333333,10.307171717171718,13.792222222222225,14.867676767676768,15.81111111111111,15.959898989898988,18.328333333333333,22.57306397306397,21.237222222222222,250.0,12.390909090909089,,
0,1990.0,7.570940656565657,5.961797138047138,1.6148148148148147,0.003787878787878787,0.0007575757575757575,0.0946969696969697,0.07651515151515152,46.372299031986536,120.70517403198652,0.08636363636363636,4.903218330491058,3.1610275689223055,2.3590909090909093,507.0437678735407,104.6490560200834,0.0,2.489905908399059,0.09569323370693232,22.580819941093914,7.489229377928008,3.838985451382711,31.52425176421752,146.54952380952383,618.4579581529581,84.36544812113306,11.219999999999999,21.0,18.942483608096623,25.67422865642729,12.218977969519065,2095.307142857143,215.0,17.095454545454547,31.499436026936028,18.69578843995511,25.96469135802469,1.8333333333333335,16154.454545454546,,,,,,22.850592031425364,11.949668911335579,17.339208754208755,22.924166666666668,24.8375,30.544999999999998,28.4375,12.797592592592594,16.9125,19.124814814814815,19.9375,17.85638888888889,20.94375,25.48777777777778,24.36875,296.3636363636364,11.818181818181818,,
0,1991.0,9.19737773897438,7.117764681630229,2.0881873961705892,0.001527883880825057,0.006111535523300228,0.03819709702062644,0.24751718869365927,55.6507633962676,158.9130668631089,0.27654698242933534,3.7513999888999887,4.706439393939394,2.331818181818182,532.6151228805917,109.0144295696693,0.0,3.130891102808911,0.023066279230662786,21.53313269683133,5.73179396706794,4.808488653659887,30.433308080808082,146.93551020408162,487.2191936975388,87.64433686176837,,,18.914971564964716,24.86290857202159,12.907800159125502,2058.2963564213564,239.54545454545456,16.440909090909095,30.593017676767676,18.89440656565657,25.118207070707072,1.6964285714285714,14523.0,,,,,,22.447265151515154,12.310209595959597,17.375123737373734,22.788181818181823,23.374242424242425,30.07727272727273,27.01227272727273,13.000909090909095,15.226767676767679,18.30333333333333,18.369090909090907,17.701212121212123,18.929292929292927,24.454848484848483,22.5,287.27272727272725,11.018181818181818,,
0,1992.0,8.65468734968735,6.606044071669072,1.4134556878306876,0.0,0.0,0.0,0.0,42.29598614117364,118.3305174963925,0.0,5.711679653679653,3.3855120468756827,2.1909090909090914,382.26327402816037,85.22910509201604,0.0,2.340146573365751,0.0,20.94674188064599,3.8581801379746583,4.43659842060527,29.762457401806717,140.607377860235,537.2997216209717,91.6311118029611,,,18.0344015200933,24.187318596928186,11.886385068888494,1902.1234487734487,238.1818181818182,15.677272727272728,29.48309090909091,17.918181818181818,24.409727272727274,2.364285714285714,15318.545454545454,,,,,,20.848454545454548,11.589545454545453,16.35236363636364,20.41272727272727,21.6,27.614242424242423,24.231818181818184,11.94151515151515,14.31818181818182,17.35484848484849,17.195454545454545,16.322424242424237,18.30909090909091,22.74909090909091,20.92727272727273,270.0,11.081818181818182,,
0,1993.0,7.832518392354458,6.11049251295153,1.429030350341826,0.011922503725782413,0.024739195230998504,0.7369597615499255,1.7311475409836066,43.79848425709082,113.29298402644716,1.7937406855439644,4.949652992510135,3.293150553150553,2.040909090909091,458.11261482961487,99.6622316979317,0.0,3.8176382876382875,0.020727272727272726,19.474136604136604,6.772757094757094,3.4783539682539684,30.215392352092355,143.06395124716553,609.8684908128909,110.49557147667147,,,17.750756118326116,23.95862271284271,11.490433857623858,1966.4178468357043,200.0568181818182,15.673863636363636,29.651863636363636,16.442613636363635,23.837886363636365,2.4375,13849.181818181818,162.85714285714286,95.71428571428572,14.571428571428571,17.814285714285713,,20.858795454545454,10.884727272727272,15.904227272727272,20.709090909090907,22.09545454545455,27.712121212121218,25.136363636363633,10.299999999999999,13.704545454545453,15.815151515151515,16.518181818181816,15.715151515151518,18.054545454545455,22.53636363636363,21.15909090909091,207.5,12.425,,
0,1994.0,8.23937316017316,6.2924444444444445,1.697694083694084,0.009454545454545453,0.005090909090909091,0.27709090909090905,0.26836363636363636,45.990782395382396,124.94181486291487,0.36072727272727273,5.050179131213613,3.5975887911371784,2.2454545454545456,439.98658045977015,96.91378408141566,0.0,2.5249767410951627,0.004904306220095693,21.68699827219564,4.103242955874535,5.277167065390749,30.1695417995747,129.0612755102041,510.89691973551555,79.31529581529583,22.49,30.5,18.76709370015949,24.747056153641676,12.651502691387561,1758.3228664192952,247.27272727272728,13.554545454545456,30.521818181818183,18.67509090909091,25.035090909090908,2.2785714285714285,15142.181818181818,145.45454545454547,240.0,11.9,14.681818181818182,,22.709363636363637,12.613,17.572272727272725,21.228484848484843,22.675757575757572,27.480606060606064,25.721717171717174,11.865151515151517,13.920202020202021,17.014242424242422,17.1030303030303,16.476666666666667,18.544444444444444,22.326363636363638,21.435353535353535,,,,
0,1995.0,7.607267936981052,5.879117285264826,1.5863260828424761,0.01378066378066378,0.013708513708513705,0.4791486291486292,0.7128427128427128,48.21582913443569,122.93650252525251,0.8636363636363636,3.839705086580086,3.2824040404040407,2.4727272727272727,496.8915593434343,110.07182615629984,0.0,3.4894404572036146,0.061715842636895266,21.777050106326424,7.253000398724083,4.906179558745348,31.333991892610314,149.50194444444443,426.2401749893299,89.88253787878789,15.719090909090909,23.048181818181817,18.829265217969166,25.075368288144606,12.231897760499734,1986.397619047619,206.3636363636364,18.181818181818183,31.086868686868684,17.58659595959596,25.119212121212122,2.5125,15583.727272727272,141.8181818181818,170.9090909090909,13.29090909090909,17.309090909090905,,23.29084848484849,12.536737373737374,17.604141414141417,22.791774891774896,22.263636363636365,29.42597402597403,25.045454545454547,11.949783549783549,13.336363636363636,17.154978354978358,16.154545454545453,17.587012987012983,17.89090909090909,23.879220779220777,20.681818181818183,,,,
0,1996.0,7.65788014069264,5.821127570346321,1.5663239538239537,0.07963354474982381,0.02614517265680056,1.0521494009866104,1.1765327695560255,43.213579799107144,112.32585408347036,1.3386187455954899,5.029710902124696,3.363678658506245,2.440909090909091,487.13824300699304,107.06343401547947,0.007464252918798373,3.2492883379247015,0.3637825137825138,22.05238187738188,5.493485218485219,3.5234979198290888,30.811141543641543,143.83647486772486,481.50304859459783,89.77899584902832,17.536,25.79,18.763659803039673,24.58482905982906,12.442028691366351,1842.2390211640213,228.1818181818182,14.82727272727273,29.530431818181818,17.026431818181816,23.87184090909091,2.5,8988.5,212.72727272727272,248.1818181818182,13.290909090909093,17.509090909090908,,22.44770202020202,11.479999999999999,17.003946969696973,21.89545454545454,23.98,29.011212121212125,26.585,10.765757575757576,14.86,16.774848484848487,17.725,16.496060606060606,19.775,23.351515151515155,22.415,,,,
0,1997.0,8.709245355339107,6.7704756831709965,1.707924670815296,0.0006993006993006992,0.010784770784770784,0.0888111888111888,0.9305205905205904,47.68462253675144,134.0078508015422,1.29010101010101,5.329978354978355,3.6290274170274173,2.2772727272727273,405.63324601951723,100.36180945987908,0.0,2.403426671781102,0.0,20.620534001863117,6.072399857526441,5.50314761539445,30.34859111001516,138.81412037037038,468.43865768490764,92.65624248817288,,,18.522501525197725,24.350942284508744,12.382001278608874,1596.8602092352091,187.27272727272728,13.745454545454548,28.831479797979796,17.584631313131315,23.530752525252527,1.9,,133.63636363636363,190.0,13.836363636363636,17.8,,21.88264898989899,12.717795454545453,17.09223484848485,20.6719696969697,21.89090909090909,27.17348484848485,26.086363636363632,11.50530303030303,13.633522727272728,16.551136363636363,16.59943181818182,15.896590909090909,17.99318181818182,22.209469696969702,20.701704545454547,,,,
0,1998.0,7.467449176640352,5.622365196078431,1.4764804027671676,0.017872757424996232,0.006173677069199457,0.30319614050957333,0.17829036635006784,41.19920573911383,111.76576839826839,0.21424694708276798,4.833284632034632,4.1123507805326,2.454680735930736,467.7160624098124,129.41246954171004,0.0,2.189363800756206,0.10887034906022247,22.123964783458458,9.054194293751255,6.568170356366559,31.98273964783459,145.03571428571428,495.5250193223823,77.49760370431257,,,19.989791783111404,25.812638582936053,13.776336808409594,1891.98835978836,213.3333333333333,16.688888888888886,31.204227272727273,18.782204545454544,25.242272727272727,2.083333333333333,,134.9242424242424,139.35185185185185,12.936742424242425,16.538720538720536,,23.634272727272727,13.773522727272729,18.566249999999997,23.092424242424244,24.225,30.136363636363637,27.43375,13.457424242424244,15.14,17.971742424242425,18.25625,18.031060606060606,19.96875,24.387575757575757,22.56375,,,,
0,1999.0,6.579035484717303,4.834547039660676,1.144053084962176,0.0,0.0006993006993006992,0.0,0.041258741258741266,38.83120988018716,89.0345342767502,0.04335664335664336,3.4425084175084177,3.4514805796055796,2.5212121212121215,490.03702069716775,114.94696167502089,0.0,2.6614533492822967,0.0016233766233766235,22.39170836378629,7.142569479582466,5.246273781043518,31.071521898015405,160.76228354978352,286.54081809036035,76.15995015948963,12.613333333333335,17.118333333333332,19.541979380268852,25.95117564794513,12.649593329915696,1609.5139455782314,,,30.743584415584415,19.690435064935063,26.09587987012987,1.3333333333333333,,201.72727272727272,225.45454545454547,12.201212121212123,15.896969696969697,,23.403103896103893,13.73216883116883,18.60069805194805,23.72224025974026,26.175,30.15357142857143,27.128571428571426,13.961688311688311,18.50208333333333,19.550216450216453,20.098214285714285,18.773971861471864,22.75208333333333,25.315043290043292,23.666071428571428,,,,
0,2000.0,6.724479985035541,5.090161135161135,1.2314627759072205,0.0006993006993006992,0.0013986013986013984,0.017482517482517484,0.07482517482517484,38.1484088236866,95.71465955854845,0.07482517482517484,3.332171717171717,3.303750467639357,2.4040808080808076,448.1296065779085,119.27006417793454,0.0,3.8136172126912866,0.21708264300856894,22.062530953271693,8.411711025599914,4.024379598453672,32.33541165624499,149.40623015873012,413.2325258862759,93.35191451552562,23.64166666666667,30.858333333333334,19.151003077512335,25.671050527319046,12.151206861382787,1789.1273809523807,,,31.04525252525253,18.35242424242424,24.95080808080808,1.4285714285714286,,199.46060606060604,180.64848484848483,13.02709090909091,18.552666666666667,,22.954646464646466,12.60282828282828,17.833131313131314,22.643097643097644,23.87222222222222,28.811784511784513,26.020833333333332,12.68013468013468,15.21111111111111,17.756565656565652,17.31319444444445,17.775420875420874,19.733333333333334,23.603030303030305,21.57638888888889,,,,
0,2001.0,8.0663764266037,6.336750349818532,1.9132370785779877,0.0,0.0,0.0,0.0021645021645021645,52.773264599457775,141.0774553981372,0.0021645021645021645,3.7948345057720054,3.9933884297520663,2.4932034632034634,409.73436984860706,94.28613974845456,0.0,2.6371982612723355,0.002217294900221729,21.903264350825328,4.633427040439236,4.393061879821139,30.020109148981103,130.69700267985985,552.5122726270642,87.87383246040653,23.208125000000003,30.06875,18.55202350221795,24.819525410903463,12.083109917517325,1720.1759431045145,288.57142857142856,14.771428571428572,31.30181096681097,20.31764069264069,26.389343434343438,1.6666666666666667,0.0,199.69696969696972,197.4848484848485,12.58121212121212,16.860606060606063,,23.082916666666666,13.726237373737376,18.601868686868688,22.56464646464646,23.08833333333334,28.946464646464648,25.81388888888889,14.38080808080808,16.674999999999997,19.486531986531983,18.84722222222222,18.806397306397308,20.103888888888886,24.73030303030303,22.262777777777778,,,,
0,2002.0,8.64967140347575,6.544127088692306,1.8623180563397952,0.004317989050813477,0.005551700208188757,0.19816485465340428,0.26995142262317834,53.007554190978105,141.48282791684966,0.26995142262317834,3.2345630215195436,3.7791529581529577,2.671985157699443,446.3591807021104,109.07454310358806,0.0,3.9512905945490213,0.014924526160481217,19.620251471375063,6.239544724937983,5.130669495922304,30.755675981322046,137.73660894660898,382.76023232323234,104.6085936005318,18.7125,25.082,18.339186260680645,24.19882601699175,12.26978377677254,1650.0191919191918,183.75,17.900000000000002,30.419803030303036,18.773762987012987,25.057980519480516,1.6666666666666667,0.0,178.63636363636363,178.03030303030303,13.322727272727276,19.046969696969693,,23.23825,13.091204545454545,18.39103787878788,23.12075757575758,22.46090909090909,29.09287878787879,24.370454545454546,14.102651515151514,15.134545454545458,18.459772727272725,16.629545454545458,18.722045454545455,18.790454545454544,23.980378787878788,20.580909090909092,,,,
0,2003.0,8.693557349286515,6.4813479537437875,1.7517376142376142,0.007883456412868176,0.005061115355233002,0.1482896188778542,0.13447500212206095,51.11860086479878,134.44014149430814,0.2066675154910449,3.579174865538502,3.62879188712522,2.5550649350649346,477.8970121504904,103.92797521344396,0.0,2.8444150637449606,0.017045454545454544,22.19854008838384,4.841871467652718,6.073220682524806,30.194532790704667,140.87473922902493,446.8507679573513,83.10879607082732,20.99,30.898000000000003,18.9467709874038,24.950857770412455,12.796418273307449,1872.0616780045352,317.5,16.425,29.51556277056277,18.612502295684113,24.837134986225895,2.833333333333333,0.0,244.0909090909091,253.03030303030303,12.796969696969697,18.05454545454546,,22.3481339367703,13.631675849403122,18.278652761380034,20.337500000000002,20.2375,26.654166666666665,22.314999999999998,12.435833333333335,14.03,16.194999999999997,15.4175,16.583333333333332,17.4125,21.74416666666667,19.1525,,,,
0,2004.0,9.06368463305083,6.914301211308254,1.8845192366319123,0.018911745189117448,0.01758460517584605,0.6930325149303251,0.841539482415395,48.55052684795643,141.72315977232643,0.948905109489051,5.16965877259995,3.64217772967773,2.7136363636363634,432.944593837535,104.40649082875888,0.0,2.821675518067271,0.11925744323703508,21.604457107518332,4.255301925965191,5.132420746492912,30.115989523515037,139.05774376417233,445.06331571529245,86.6400431040895,17.978125,30.621875000000003,18.831106733758798,24.652618381335223,12.846339280135673,2087.083333333333,265.7142857142857,16.928571428571427,28.710755280073457,17.508119834710744,23.454598255280075,4.9375,0.0,198.89610389610388,193.030303030303,13.334848484848484,17.095454545454544,,21.985739210284667,12.538556014692377,17.3318044077135,21.111363636363638,24.412121212121214,26.845075757575756,26.793636363636363,12.653787878787881,17.441666666666666,16.61287878787879,19.439090909090908,17.06780303030303,20.936363636363637,21.888257575757574,22.855454545454545,,,,
0,2005.0,7.323825446584067,5.326701497735981,1.377188883913022,0.0,0.0012714558169103622,0.0,0.035671399307762953,50.29955548091755,114.64834352209353,0.035671399307762953,7.8615914786967425,4.136376076031248,2.6368181818181813,432.64071215821224,104.38954839944637,0.0,3.368534101952469,0.004638218923933209,20.62232602997909,7.027305489295284,5.266068557293048,31.313147473275023,157.603231292517,453.0309124524465,100.3726568527844,22.97833333333333,34.39309523809524,18.37049011617634,24.740741618075802,11.833276297965073,2057.90589569161,260.0,16.183333333333334,30.118170011806377,18.005017709563166,24.749122392758753,3.070496632996633,,218.87157287157288,217.4023569023569,12.721443001443001,16.49792929292929,,22.72749442476715,13.24004329004329,18.11346713892168,21.394276094276094,23.669480519480523,27.348821548821547,25.93181818181818,12.416161616161617,16.723376623376623,16.587205387205387,18.04350649350649,17.151851851851855,20.311688311688314,22.456565656565658,21.99220779220779,,,,
0,2006.0,7.016027294218785,5.309694462354036,1.454264273945125,0.02121212121212121,0.007905138339920948,0.4404479578392622,0.36824769433465093,45.377518267784225,107.54667653054015,0.4776021080368906,7.844647776465958,3.3192578494302634,2.6259740259740263,569.9881475468976,115.28524824134199,0.0,3.231523569023569,0.042958228114478116,21.965100408850407,8.695922393578643,5.032009417087543,31.899890234187108,165.58738662131523,447.45655514775086,91.49984897336462,17.53763888888889,31.330000000000002,19.024077377194565,25.696511344847284,12.308699697871573,2578.4102040816324,,,29.79184573002755,18.363624885215792,24.435342056932964,4.135930735930736,,225.41558441558442,226.2207792207792,13.13207792207792,26.929610389610392,,22.931095041322315,12.56508953168044,17.660739210284664,22.14060606060606,23.732727272727274,27.637575757575757,25.912727272727274,12.761818181818184,15.897272727272728,17.295151515151517,17.830909090909092,17.393939393939394,19.89909090909091,22.886666666666667,21.71727272727273,,,,
0,2007.0,7.059975262832405,5.098629663986807,0.9178452896310039,0.012209688122096881,0.00948905109489051,0.35773059057730594,0.3442601194426012,36.04653527623171,85.05196825396825,0.3495686794956868,8.619417862838915,3.6627396413110698,2.311688311688312,531.1169264069263,117.22323690049495,0.0,3.0636313208893853,0.040023894862604534,23.065070055392642,7.258121537960248,5.653782680879456,31.638366188769417,159.46961451247165,535.4704733208711,80.65692020046859,16.317083333333333,29.350416666666664,19.399066005678907,25.970311176278916,12.765040182935346,2164.076247165533,,,29.861727272727272,18.461000000000002,24.632727272727273,3.491991341991342,,206.4935064935065,198.3116883116883,12.422077922077921,17.455844155844158,,23.11027272727273,13.089090909090908,18.168,21.485454545454544,25.075,26.27681818181818,25.825,12.934999999999999,18.625,16.625,19.175,17.24954545454545,21.675,21.688636363636363,22.5375,,,,
0,2008.0,8.499376734376735,6.257553002553003,1.6290235690235693,0.03150623885918004,0.01896687078034228,1.5908942364824716,1.2643324436070549,46.55881094831095,128.65359471336745,1.389344219396033,6.50430082070707,3.637968116539546,2.5636363636363635,567.4457989376523,101.63731142951251,0.0,3.8363752734720475,0.017860633989666246,21.627887166596842,5.613346987540536,4.077975996524384,30.84302591971947,153.9159297052154,426.99542004292,97.52053724355356,14.966111111111111,27.97222222222222,18.352587807422047,24.70959440798151,11.816256687458301,2265.409240362812,,,29.40245454545455,17.95138383838384,24.062858585858585,3.5967893217893225,,220.64935064935065,223.2467532467533,13.457142857142857,18.894805194805198,,22.431,12.413454545454545,17.32418181818182,20.35909090909091,23.1,25.559090909090905,24.185714285714283,11.6,15.471428571428572,15.563636363636364,16.257142857142856,15.872727272727271,19.47142857142857,20.70909090909091,20.24285714285714,,,,
0,2009.0,9.796821001127725,7.052198151988068,1.9458885069179188,0.026487093153759817,0.015456068219887313,1.0782828282828285,0.8673899802040504,48.384956952477964,148.6524937770563,0.875612913050099,5.887191240132417,3.8687229437229442,2.461038961038961,528.4825291214422,98.25952239084262,0.0,3.1293574635241304,0.003973063973063972,20.396028539361872,5.1723565015231685,3.745794733044733,30.167553350970017,151.43395691609976,544.4858303595804,102.07268580670265,16.60111111111111,27.81,18.110664109347443,24.10980433301267,12.084836836620168,2395.7371882086163,,,29.395557851239673,18.572683654729108,24.346930670339763,3.280627705627705,,213.63636363636365,196.88311688311686,12.751948051948052,18.45194805194805,,22.728071625344352,13.059533976124886,18.204077134986225,19.666818181818183,21.89,25.366363636363637,23.29,10.739090909090908,15.210000000000004,15.281818181818181,16.17,15.39681818181818,18.840000000000003,20.45818181818182,20.0,,,,
0,2010.0,7.624682566504126,5.3176087749507825,1.0478959805167984,0.05111419538900454,0.03287555924542226,1.8102937774693502,1.6237984871546514,36.130787589114725,94.99642986642988,2.0282712974493795,5.509990530303031,3.6346043491392326,2.3287012987012985,589.3374551435406,123.44672123534194,0.0,4.697593338972649,0.05835945663531869,21.29011502545985,9.341931216931217,5.46036075036075,30.864653389394768,181.7154081632653,624.5108201203082,112.57361807732498,20.719285714285714,34.81928571428571,18.554980523627073,25.210730150437044,11.857452451443832,2187.962770562771,,,29.902818181818184,19.30122727272727,25.257045454545455,2.887301587301587,,218.31168831168833,210.05772005772002,12.492207792207793,17.298268398268398,,22.158454545454546,13.969795454545453,18.22740909090909,19.26818181818182,21.91818181818181,25.15909090909091,23.018181818181816,11.74090909090909,16.054545454545455,16.127272727272725,16.4,16.03181818181818,19.27272727272727,21.21818181818182,20.227272727272727,,,,
0,2011.0,7.158642234402691,5.247842356207376,1.3421094431550706,0.08166786916786917,0.04544432766976119,5.043593674843675,3.8028142698662926,44.81880922204115,113.26308036914502,3.837938634903953,5.4977731864095505,3.2158408620365146,2.587922077922078,597.1707729468599,117.20277839269316,0.0,2.942811229174865,0.14983602256329528,22.464398038829856,8.106372983077529,5.01753136068477,32.07862586908041,164.4346371882086,561.7334278133962,88.50497917486554,18.91142857142857,32.57714285714285,19.18882802046438,25.741765307293715,12.536711657975864,2639.6553803339516,,,30.112909090909092,18.281519480519478,24.72290909090909,3.1801020408163265,,206.4935064935065,220.03246753246754,13.024675324675325,17.90032467532468,,23.021155844155846,13.145688311688312,18.085090909090912,21.395454545454545,23.88888888888889,25.67727272727273,24.0125,12.154545454545456,16.788888888888888,15.700000000000003,15.625,16.5,20.05555555555556,20.886363636363637,20.0875,,,,
0,2012.0,7.939879693949461,5.72530454042082,1.723872305558352,0.0,0.0,0.0,0.007122507122507123,52.21213600568252,131.17326250509456,0.007122507122507123,5.407289734075449,3.3627687127687134,2.423766233766234,583.3026525529265,111.8038024805882,0.0,2.1912835841407268,0.01222943722943723,22.858133632240776,6.440054456125885,5.759773586202157,31.916610192056616,150.82104978354977,513.293515007215,73.96480682677111,16.119285714285716,29.57428571428572,19.536044114615542,25.843418191266405,13.234250201848416,2183.4355854462997,,,31.125035353535356,19.38959090909091,25.60055808080809,3.5877224627224624,,207.3246753246753,206.78210678210675,13.66987012987013,19.479220779220782,,23.65030808080808,13.8259898989899,18.82659343434343,21.10909090909091,24.78,26.218181818181822,26.22000000000001,12.363636363636363,17.669999999999998,15.913636363636364,18.22,16.736363636363635,21.04,21.28181818181818,22.110000000000007,,,,
0,2013.0,9.075168784807339,6.383487630174377,1.719294638872952,0.0,0.0,0.0,0.006157635467980296,49.51539259491067,133.07824446660075,0.006157635467980296,4.598238882329792,3.0929864117364114,2.4792207792207788,457.041535228057,103.3691076978577,0.0,3.8733137233137236,0.021445221445221443,19.98761053761054,5.606004181004181,4.662209965959966,30.151430606430605,145.6138870851371,583.1781163242078,110.17866147741148,11.45,24.45,17.993230278980278,23.998882548007543,11.960785515410516,2584.452525252525,,,29.03698871835235,17.77402203856749,24.00046438410075,3.2704545454545455,,207.53246753246756,231.84992784992787,13.070129870129872,17.80975468975469,,22.608832480650666,13.367635445362716,18.07754886527614,20.829545454545457,23.4,25.219545454545454,24.57,11.536363636363637,15.23,14.421818181818182,15.839999999999998,15.909545454545455,19.21,20.401363636363634,20.48,,,,
0,2014.0,8.332179072548723,5.974631388931,1.7846325961111953,0.007596513075965129,0.0010427528675703854,0.1650062266500623,0.12314911366006258,52.46508255147361,132.39799955663503,0.15471608683287516,4.691984661429105,2.536367759224902,2.6220779220779216,523.562416538264,108.85369716905902,0.0,3.167281366294524,0.10911416799574693,20.937636230728334,5.722610978203083,5.616719165337586,30.56633306751728,132.84313131313132,605.5727717313985,99.28323365231259,15.53,,18.517431751727802,24.551956206804892,12.460186835459861,2870.1804954304953,,,29.203257575757576,17.73911616161616,23.900808080808083,2.5416666666666665,,251.81818181818184,240.98268398268394,13.063636363636364,17.483694083694083,,22.67838383838384,13.3989898989899,17.94823232323232,19.95909090909091,22.58181818181818,24.395454545454545,23.954545454545453,11.845454545454544,15.4,14.831818181818182,16.154545454545456,15.581818181818182,18.981818181818184,19.863636363636363,20.363636363636367,,,,
0,2015.0,9.454542994883905,6.717170897284535,1.5704350321395772,0.05681540681540682,0.03206287683031869,3.4235431235431237,3.1983556495184406,47.68680104617604,130.4327704038497,3.2369391590321825,4.251154401154401,3.149687693259122,2.709437229437229,561.1198884001303,122.17757439890556,0.0,2.9104411461554323,0.13722287813196904,22.31802393133562,7.380184966548603,5.509799900676525,31.454329051179702,132.1245238095238,536.8107599972326,76.14479165495399,12.8,,19.678471430445455,25.601668531324375,13.70049842113154,2137.194444444444,,,30.016678290844954,18.780567179733843,25.134735048901714,3.049886621315193,,202.00721500721497,223.7864357864358,13.723405483405484,18.547950937950937,,23.516121131954467,14.338191037357705,19.39242464325798,20.86168831168832,23.42727272727273,25.184415584415586,24.85454545454545,11.478571428571431,15.900000000000004,15.134415584415581,16.85454545454546,16.348701298701297,19.827272727272728,20.43311688311688,21.27272727272728,,,,
0,2016.0,8.26461379291568,5.825656667755725,1.5246606904625772,0.0,0.0,0.0,0.001748251748251748,47.081837036129485,123.78783885711638,0.001748251748251748,3.9195926097711813,3.529583715947352,2.5675324675324673,601.0166840277777,120.7879191919192,0.0,2.346399711399711,0.02164502164502164,23.24608276643991,8.134684601113173,6.4178492063492065,31.778478200371058,180.93904761904759,434.6030357420358,72.06822077922078,,,19.895618181818183,26.16635664811379,13.617795418470418,3514.349552669553,,,28.473063973063972,18.16228956228956,23.504040404040406,2.6942486085343225,,218.05194805194807,205.97402597402598,13.471428571428573,18.17922077922078,,22.560235690235693,12.657979797979799,17.566329966329967,20.615454545454547,24.54545454545454,25.556363636363635,26.454545454545453,10.975454545454546,17.58181818181818,14.379999999999999,18.53636363636363,15.62,20.90909090909091,20.46909090909091,22.563636363636363,,,,
0,2017.0,9.314542855775084,6.510797890892677,1.4942500495818032,0.04322529322529322,0.033381220549362135,2.628824878824879,2.33095046546374,44.07306289024298,129.36102441302208,2.704614412136536,3.881784361471861,3.3795695045695044,2.645454545454545,565.5734670781892,106.12752026568202,0.0,2.3298589890501655,0.024428104575163395,23.036843752652576,4.463549359137595,5.429641690009337,31.002881970970208,144.35000000000002,435.1783701420989,71.65163971649267,,,19.28452162910619,25.342381318436466,13.227003342245991,3194.7707575757577,,,29.278084415584413,18.139545454545452,24.413538961038963,3.1534786641929498,,230.64935064935065,237.79220779220776,13.157142857142858,17.78831168831169,,23.306363636363635,12.985746753246753,18.381266233766237,22.655844155844154,23.83636363636364,28.161818181818184,25.145454545454548,13.042207792207792,15.872727272727277,16.46181818181818,16.918181818181818,17.928571428571427,20.07272727272728,22.866363636363637,21.563636363636363,,,,
0,2018.0,9.977750390970286,7.091297983575472,1.9607055974857022,0.0,0.0,0.0,0.023232323232323233,50.65231244758732,152.9297569720529,0.023232323232323233,5.414069264069264,3.799917542774686,2.614646464646465,425.66111111111104,114.81119548014709,0.0,2.20167297979798,0.01231060606060606,20.290711805555556,6.6744036345598845,5.5621871054292935,31.052937409812408,142.07916666666668,842.5365387205387,83.19903144346694,,,18.852688999368688,24.812884435876622,12.84284086963384,3523.047272727273,,,27.068290043290038,16.250324675324677,22.08376623376623,2.864667078952793,,220.38961038961043,222.987012987013,13.332467532467533,18.115584415584415,,21.34209956709957,11.09556277056277,16.389826839826842,20.694318181818183,20.15,25.974999999999998,21.675,10.76590909090909,11.675,15.264999999999999,13.2,15.986363636363635,16.075,20.82,17.675,,,,
0,2019.0,9.550398328523329,6.872936207311208,2.003334686147186,0.0,0.0,0.0,0.028656126482213443,49.614969862313615,156.7006704767835,0.028656126482213443,6.756327985739751,3.9621231108073216,2.528701298701299,578.6499129223267,110.10897474747476,0.0,1.9727777777777782,0.025505050505050503,21.322121212121214,7.128282828282829,5.388954545454545,31.067335858585857,149.4,510.3831190694827,84.36287373737373,,,19.104122474747477,24.96940404040404,13.237922222222224,5914.5,,,28.19814814814815,14.231481481481481,21.605555555555554,3.0277674706246134,,216.49350649350654,218.18181818181822,13.33896103896104,18.12467532467532,,21.083333333333332,9.627777777777778,15.433333333333334,13.85,,21.4,,2.5,,7.25,,8.6,,15.3,,,,,
0,2020.0,10.275098605098606,7.232679439901663,1.7385203890759446,0.0,0.002754820936639118,0.0,0.12672176308539948,49.48940350595906,142.36253740824392,0.12672176308539948,8.684740259740261,4.660206460206461,2.6727272727272724,614.507688958551,113.33776602429826,0.0,1.9287366755108688,0.0029325513196480934,22.712578550481773,6.079472140762463,6.359065307452403,30.908701298701295,,480.5934180514826,77.32914641809803,,,19.457903958944282,25.234297339757017,13.635303751803752,,,,28.290909090909096,19.345454545454547,24.045454545454547,2.4717532467532464,,215.71428571428572,202.7662337662338,13.823376623376621,19.476103896103893,,23.881818181818183,15.954545454545457,20.05454545454545,,,,,,,,,,,,,,,,
0,2021.0,11.543829365079366,8.577182539682541,2.3787499999999997,0.31092436974789917,0.11152882205513782,6.201680672268907,4.758145363408522,67.79791865079366,198.51757065427796,6.355889724310777,11.993333333333332,6.568333333333333,2.748979591836735,168.90009157509155,93.38078231292515,0.01020408163265306,3.974319727891156,0.9362244897959184,20.147959183673468,4.508503401360544,2.9992517006802717,30.45875850340136,,881.9706959706958,123.84608843537414,,,17.11409013605442,22.827695578231296,11.318198979591838,,,,28.571428571428573,19.442857142857147,24.442857142857147,2.4244897959183676,,212.24489795918367,221.8367346938776,14.118367346938774,19.924489795918365,,23.914285714285715,16.25714285714286,20.385714285714283,,,,,,,,,,,,,,,,
