,YEAR,DP01,DP10,DP1X,DSND,DSNW,EMSD,EMSN,EMXP,PRCP,SNOW,DYFG,DYTS,AWND,CDSD,CLDD,DT00,DT32,DX32,DX70,DX90,EMNT,EMXT,EVAP,HDSD,HTDD,MNPN,MXPN,TAVG,TMAX,TMIN,WDMV,WDFG,WSFG,HX01,LX01,MX01,DYHF,TSUN,WDF2,WDF5,WSF2,WSF5,PSUN,HN01,HN02,HN03,HN04,HN05,HN06,HN07,HN08,HX02,HX03,HX04,HX05,HX06,HX07,HX08,LN01,LN02,LN03,LN04,LN05,LN06,LN07,LN08,LX02,LX03,LX04,LX05,LX06,LX07,LX08,MN01,MN02,MN03,MN04,MN05,MN06,MN07,MN08,MX02,MX03,MX04,MX05,MX06,MX07,MX08,WDFM,WSFM,WDF1,WSF1
0,1960.0,5.9530419036301385,2.8093089154853863,0.05473644003055767,3.429902180599392,1.086985182143285,47.728744330039156,29.877286130645814,9.067575913193561,23.424409020173727,69.13828260014031,2.335013640873016,3.1930019305019304,,81.43995344711905,15.973453938290007,2.0261654405097027,15.721551187124955,3.767130122457991,10.863959264778938,2.3361974546400774,-11.984933941286402,24.67959562447267,156.86,1895.9740312016659,356.87093469827073,,,6.842509127181258,14.743985362997659,-1.0412648834165228,2067.025,280.1704545454545,21.004545454545454,,,,,,,,,,,,,,,,,,,,,,,,,,,,,,,,,,,,,,,,,,,,,,,,,,,,,,,,,,,
0,1961.0,6.849408770242103,3.4189915023248356,0.07129787100025194,2.5533940958639754,1.0940152808678705,42.020335454371605,36.548002506568245,10.877978953365858,29.541278230147277,80.54789629361342,2.0179313691903618,3.497522922212364,,105.0724923202224,21.134104878146545,1.2831134760301428,15.589269079685746,2.6389303751803754,10.706878306878307,3.099034191117524,-9.416231401314734,24.641356842231843,171.43,1737.790188765203,338.8848314093314,,,7.585732126823793,15.407435770402438,-0.21779350448933785,1765.2666666666667,239.71428571428572,21.999999999999996,,,,,,,,,,,,,,,,,,,,,,,,,,,,,,,,,,,,,,,,,,,,,,,,,,,,,,,,,,,
0,1962.0,7.0783479324494945,3.7248096196338385,0.15138198390151514,2.3233208064900976,0.7389583510171746,34.78033299814796,24.25946665534901,13.045944700915404,35.12300998263889,49.75436606966019,2.9134333844776883,4.338037518037518,,38.28743665582176,7.453759322548796,1.6742078681552366,13.936652046783626,2.663003721424774,10.685065314802157,0.9071014657856764,-10.029467209690894,24.445921204526467,131.86333333333334,1839.3501934100275,328.2490842257158,,,7.486513759778233,15.13715480177717,-0.17449137806637802,2051.4857142857145,268.530303030303,23.35,,,,,,,,,,,,,,,,,,,,,,,,,,,,,,,,,,,,,,,,,,,,,,,,,,,,,,,,,,,
0,1963.0,6.464352494409747,3.4541041549629337,0.11340063668307941,2.130931546919919,0.7897517647517648,35.63367422844167,24.525948397376972,11.502029358470198,31.388418261128187,54.7321232178375,2.498421855921856,3.921724386724387,,62.08913192071086,13.565975106393887,1.2135202642816856,13.904150277246721,2.1925853047065167,11.629989833398925,1.8556034734065034,-9.334903073519826,25.30394447723993,144.09333333333333,1697.2704076279767,312.3869533441742,9.475,20.8325,8.21027117989174,16.077551718483537,0.36693078720489886,1800.1666666666665,266.24285714285713,22.755714285714284,,,,,,,,,,,,,,,,,,,,,,,,,,,,,,,,,,,,,,,,,,,,,,,,,,,,,,,,,,,
0,1964.0,7.199731350299532,3.7988811272902177,0.20990710678210675,4.170066495066495,1.4878300452727933,69.74550649907793,42.10107798266195,14.851638312234902,38.892714714788575,109.47184756507275,3.523690476190476,3.4270870076425632,,57.77430400059711,11.452678427128426,2.331883658008658,15.510371392496392,3.7725082972582977,9.462761363636364,1.544482683982684,-11.772709163059162,24.068117442279945,130.6,1737.573371568907,371.76526394300146,9.246666666666666,22.560000000000002,6.253243391053391,13.965455764790768,-1.4433702417027416,2068.4166666666665,258.0,21.546818181818182,,,,,,,,,,,,,,,,,,,,,,,,,,,,,,,,,,,,,,,,,,,,,,,,,,,,,,,,,,,
0,1965.0,7.317342973012118,3.8987244993750565,0.16050105408841467,3.6030259955633093,1.165648053569402,61.58171237966015,37.7606203825305,12.38936014419286,36.26629133877276,80.35071231307187,3.961244588744589,3.890574809805579,,44.86720120802089,9.171788955810694,2.1961392773892774,15.506141428016427,3.6128019549894548,9.538259657009657,0.9986145798645798,-10.721560956404705,23.68003035159285,145.79583333333335,1842.7937535216106,362.1910632724763,10.638666666666666,24.883666666666667,6.397526509948386,13.9190299006549,-1.1142212041430792,1714.4166666666665,260.0,21.290909090909096,,,,1.9829931972789114,14475.818181818182,,,,,61.24545454545454,,,,,,,,,,,,,,,,,,,,,,,,,,,,,,,,,,,,,,,,,,,,,,265.9090909090909,16.9,,
0,1966.0,6.231502957886722,3.1713487004999923,0.08070171935485589,4.236129643776702,1.2365746544317973,60.196633986928106,37.72962401176687,11.030256345745276,27.855502973860908,84.43725344100343,3.548905723905724,3.5113835263835265,,66.902583105491,15.149706756560823,1.6214539447793037,14.987988911673122,3.1749806679232515,11.316701533447942,2.2145567085758477,-10.235348512465736,24.51452978175466,157.20999999999998,1841.56021139246,335.51474899369634,9.993,24.999000000000002,7.465438736303567,15.437824444030186,-0.4991046745652008,2171.7,243.1818181818182,21.627272727272725,,,,2.142857142857143,15046.636363636364,,,,,63.32727272727274,,,,,,,,,,,,,,,,,,,,,,,,,,,,,,,,,,,,,,,,,,,,,,257.72727272727275,16.704545454545453,,
0,1967.0,7.331372004699142,3.878212153398027,0.11756974954000975,4.677256885626451,1.828956533386913,85.12555602609949,51.9068070700982,11.931762285628457,34.65450279480949,137.73340183023726,5.7815079365079365,3.150725556494787,,68.18703054084338,14.522532728945771,1.7351210517877182,14.869001261754885,3.5012162689698925,10.719872639437858,2.4240728541453183,-10.70052286146489,23.289246084028694,153.34375,1811.2206343757516,347.0075314393068,8.78125,22.531750000000002,7.101382954806867,14.823024483970137,-0.6088809994353472,2144.266666666667,244.9409090909091,23.949545454545454,,,,1.9479166666666665,14555.454545454546,,,,,61.40454545454547,,,,,,,,,,,,,,,,,,,,,,,,,,,,,,,,,,,,,,,,,,,,,,265.90909090909093,17.44090909090909,,
0,1968.0,7.336563976735733,3.88060746505403,0.15265192822444731,3.3334782805634826,1.1329349256980839,57.95017196306434,36.07012591453381,12.970576746196974,35.678917900377826,77.6074786081365,4.337777777777778,3.3046768707482994,,41.524746107067536,8.988264916399244,1.3120984184417022,15.171690429526247,2.780645473929056,9.368897396136202,1.2497566281148371,-9.899119302477512,24.35014074648403,148.45083333333332,1813.0067737574566,345.5633838922272,9.276208333333333,23.28325,7.019698322959518,14.578571139612183,-0.5248763559547142,2656.275,267.5625,21.806250000000002,,,,1.8770833333333332,14717.181818181818,,,,,62.0,,,,,,,,,,,,,,,,,,,,,,,,,,,,,,,,,,,,,,,,,,,,,,276.1363636363636,18.145454545454548,,
0,1969.0,5.6055241090146755,2.9375652753954644,0.15003525824280542,4.380689458527886,0.9818507410668428,87.46561088111305,31.725495726025386,11.465889555936725,29.280492471888703,63.187376183138895,4.799541847041847,3.077990708478513,,55.05999586599587,12.982528173723297,1.536718227571886,15.50463995354239,3.8157093583922848,10.874052722345406,2.0798618590082003,-9.543277214655262,24.221787632421776,151.9,1938.456779613638,351.2456668426425,10.132444444444443,26.01111111111111,6.897411355717454,14.852954012247913,-0.9984252050117902,2312.866666666667,224.28571428571428,20.7,,,,2.75,16224.545454545454,,,,,69.04090909090908,,,,,,,,,,,,,,,,,,,,,,,,,,,,,,,,,,,,,,,,,,,,,,265.90909090909093,16.300000000000004,,
0,1970.0,6.957374258610001,3.6706922566238154,0.1539903379256991,4.820867349292006,1.7016316641316642,89.00721171269116,52.2110595985596,13.448187332312807,35.04463720584443,124.71960921960923,4.2522526855860185,3.4111615744563717,,76.69037098469164,17.284629010695188,1.5549366211130915,16.25030009478539,3.193320990012167,10.514705882352942,2.541884708428826,-10.285690094219508,23.659490616953853,181.44000000000003,1911.6772875350362,358.1560420203435,11.150500000000001,25.922375,6.832902834366069,14.507295831211273,-0.7962576358826359,2621.175,251.8181818181818,24.727272727272727,,,,1.8258928571428572,15193.636363636364,,,,,64.29545454545456,,,,,,,,,,,,,,,,,,,,,,,,,,,,,,,,,,,,,,,,,,,,,,272.04545454545456,17.07272727272727,,
0,1971.0,6.49411075036075,3.3114223949451222,0.10977209869255322,4.85950367054736,1.6016883116883116,76.98159402625423,45.66428135172321,11.579709910249683,29.924036277274915,108.02770311084267,4.5962962962962965,2.9264826175869123,,68.00135238016385,16.40607181953241,1.8368342112184475,15.328067444323601,3.682425059888114,10.481571165561313,2.552016114700844,-11.24834156128491,24.01645327305426,159.315,1829.957499704,352.77715846004025,8.492,24.00466666666667,6.923153956880558,14.65661282067686,-0.8441639814755578,2503.266666666667,292.5,20.025,,,,1.7404761904761905,15538.636363636364,,,,,65.38181818181818,,,,,,,,,,,,,,,,,,,,,,,,,,,,,,,,,,,,,,,,,,,,,,282.27272727272725,17.46818181818182,,
0,1972.0,7.015903700386459,3.6451928977791046,0.09773335434254975,4.267156628094129,1.269842428213988,68.58427822177822,45.009756311476494,11.890971068097507,31.87183797471154,86.59071200206522,4.278125,4.02626050420168,,47.79763485094451,10.956872383227061,2.176381158524016,15.076068212028803,3.493418171866448,10.110188798612443,1.2013591225413887,-11.880009276437848,23.793076223174744,145.42333333333332,1975.7714651236477,356.2490999722773,8.802777777777777,21.9605,6.676303458583016,14.101139603281228,-0.8108275293398446,2515.976190476191,245.45454545454547,20.745454545454542,,,,1.8095238095238093,14949.545454545454,,,,,62.81363636363636,,,,,,,,,,,,,,,,,,,,,,,,,,,,,,,,,,,,,,,,,,,,,,255.6818181818182,16.37272727272727,,
0,1973.0,6.0502170297351014,3.143468100395811,0.13770073077301992,3.83238854712539,1.3460082425991517,67.89402502468292,50.51015621583804,12.334485430901093,30.27085038566966,105.65582174559447,4.262152777777779,2.899713569638381,,55.69094272493973,13.48219528107826,1.1664300681587916,15.660853788646344,2.7189019967815775,10.401054675400227,1.9418802837651006,-9.593376815265113,23.898601516284767,173.1,1822.6799830885232,335.5404368149581,9.161555555555555,24.78822222222222,7.404137436293022,15.204747442638803,-0.4024416985201559,2542.0666666666666,255.0,19.766666666666666,,,,1.4208333333333334,16060.636363636364,,,,,66.65,,,,,,,,,,,,,,,,,,,,,,,,,,,,,,,,,,,,,,,,,,,,,,261.8181818181818,15.827272727272728,,
0,1974.0,6.263334309133489,3.333271236959762,0.18671669860194448,2.3476028704728256,0.8552189077298248,40.474325413002546,27.154390914762093,13.182499482530222,33.120284327466706,57.75209250962526,3.4263450834879405,3.03910323253389,,58.89506248711606,13.774683480770438,0.5695755558658784,15.002938951729273,1.612145587145587,10.872008892008893,1.8447687297687299,-8.071020904125742,24.18015100815101,165.91,1730.2614322216243,315.1173585623314,9.168999999999999,23.490111111111116,8.15860037050037,15.983505594555597,0.3277891666278763,2236.1875,265.9090909090909,21.022727272727273,,,,1.2238095238095237,15536.727272727272,,,,,66.14545454545454,,,,,,,,,,,,,,,,,,,,,,,,,,,,,,,,,,,,,,,,,,,,,,286.3636363636364,16.422727272727272,,
0,1975.0,8.394171962788986,4.699774339136042,0.21796352583586623,4.637208099229376,1.5301616468637744,87.8859763286359,44.85020370882073,15.659861625372264,45.7899886402014,118.41452826133677,6.27089775304061,4.06796066252588,,45.25650619170227,10.540039623075337,2.0686369186369187,15.357785270285271,4.304447734804878,9.597832524618239,1.1014741211169783,-11.071775308025307,23.066302804338516,143.85619047619045,1769.59035658121,374.0245341563199,10.901933333333334,25.099533333333333,5.986666389166389,13.14322374847375,-1.2238655511155512,1690.2809523809524,257.72727272727275,23.345454545454544,,,,2.0741496598639455,13532.181818181818,,,,,56.75,,,,,,,,,,,,,,,,,,,,,,,,,,,,,,,,,,,,,,,,,,,,,,265.9090909090909,17.568181818181817,,
0,1976.0,6.27917824533545,3.3494331965947683,0.11183781041859643,2.489500746705987,0.796313414872367,49.76117869272891,28.828404128622466,11.521061488244895,30.534159829738435,57.77126064134797,2.6040249433106575,3.9080988455988455,,41.1473778783814,11.382306876955756,1.3016841772459748,14.766224038134148,2.248433978630608,11.455944679540186,1.2367012824877994,-10.271560691181477,24.97183988764045,137.95833333333334,1653.176812248996,321.6043550067286,10.274916666666666,24.52,7.843298452016151,15.809457190281627,-0.1280061347828202,2161.027777777778,259.3636363636364,21.980454545454545,,,,1.476190476190476,15673.09090909091,,,,,66.08181818181818,,,,,,,,,,,,,,,,,,,,,,,,,,,,,,,,,,,,,,,,,,,,,,255.6818181818182,16.88181818181818,,
0,1977.0,7.348102923646401,3.851075506618985,0.06291329443503356,2.4553433587276383,0.9007044871673693,44.946978361279676,29.511209726711908,11.180429983060419,32.7412527448397,69.98290011783462,3.366161616161616,3.60026455026455,,51.968381606240975,10.467189204392595,1.2751222882578817,14.281386300454098,2.561614540266225,11.095110819268122,1.2099850835805892,-9.636608029447013,24.307790809377888,154.93499999999997,1611.0058495670996,320.35225579034903,9.725083333333334,23.118333333333332,7.6867102685450135,15.337319328923263,-0.03908559362796651,2015.5333333333335,267.9545454545455,21.799999999999997,,,,1.25,13815.545454545454,,,,,58.7409090909091,,,,,,,,,,,,,,,,,,,,,,,,,,,,,,,,,,,,,,,,,,,,,,278.1818181818182,16.627272727272725,,
0,1978.0,8.246911896447212,5.084940482895873,0.23722259772445645,4.2849920075135595,1.1616946325279658,78.59081423844356,32.06829050579051,15.004716898136971,46.89957847192048,85.17675888925889,4.482323232323232,3.4370262390670554,,40.552927297289,10.087146819482884,2.608040987549184,13.846561437954877,4.5864415032447825,10.597681341123964,1.286386700730963,-11.356515427499035,24.10875454387749,147.41666666666669,1672.6012203358891,352.6183305143551,9.939666666666666,24.496166666666664,6.578254194955016,14.090358534604436,-1.0060342771982118,2068.0,253.63636363636363,22.731818181818177,,,,1.8305555555555557,14763.81818181818,,,,,62.11363636363637,,,,,,,,,,,,,,,,,,,,,,,,,,,,,,,,,,,,,,,,,,,,,,267.9545454545455,16.881818181818183,,
0,1979.0,6.259656828020463,3.7435728715728716,0.10070746425291878,3.337464083187767,1.0479622310057093,87.88758021948811,33.837145994102514,10.922527312081856,30.37512197297652,73.95530287345504,3.7694444444444444,3.393678887484197,,41.74300397592951,12.369330625678941,1.7546623944095856,15.125933289556885,2.8201943187898246,11.425301976425573,1.638136379849863,-10.935265009647031,24.035766655317214,145.9038095238095,1824.0021203742494,338.43265844642247,10.387466666666667,25.023600000000002,7.09883286516854,15.092065784246964,-0.8437403793148176,1539.7690476190476,257.72727272727275,21.10909090909091,,,,1.1142857142857143,15292.909090909092,,,,,64.33181818181818,,,,,,,,,,,,,,,,,,,,,,,,,,,,,,,,,,,,,,,,,,,,,,278.1818181818182,16.19818181818182,240.0,13.4
0,1980.0,7.927691322087873,5.301005747126438,0.2390902871075285,2.9060588882017453,1.0535984064244934,48.57241024968297,33.00672548466027,15.024529494451906,46.642299696472115,74.64188029361941,4.8,3.703363567649282,,43.96929857690203,9.623333767022292,1.4768118341888838,13.737946601061356,2.5146590810525233,11.42426213737689,1.21251054652694,-9.548869412312035,25.277743536063213,151.63333333333335,1560.9539119816588,321.8645034458559,10.582733333333334,25.4515,7.616231944740142,15.340571562620744,0.10255664372057816,1911.9428571428568,255.6818181818182,20.89909090909091,,,,1.6628571428571426,14791.090909090908,,,,,61.76363636363637,,,,,,,,,,,,,,,,,,,,,,,,,,,,,,,,,,,,,,,,,,,,,,243.4090909090909,16.027272727272727,,
0,1981.0,7.8931940534213245,5.341114062704972,0.2026708140344504,2.1062912002339313,0.7626976180940939,32.68750437032376,28.665260693784926,13.775931089112907,45.788727144068055,55.84085076695209,3.865873015873016,3.687610619469027,,45.836389980633406,12.756668923875628,0.9099268825525808,13.48482530814933,2.2881732327263054,10.397850613074077,1.8241743049005619,-9.128667581642441,25.172752666328087,149.93928571428572,1448.2088021317468,306.04783527614535,14.241904761904763,27.17297619047619,8.3348580820173,16.02435644755617,0.6008954368102413,1487.2285714285715,294.54545454545456,21.35454545454545,,,,2.0,13964.318181818182,,,,,64.28181818181818,,,,,,,,,,,,,,,,,,,,,,,,,,,,,,,,,,,,,,,,,,,,,,276.1363636363636,17.29090909090909,,
0,1982.0,8.668483736494489,5.843659327530296,0.18454760094545042,4.614602077390095,1.5315759164383014,88.40577250450522,46.64274411877623,14.450282044717527,47.99387891976602,118.99831787733163,2.372755331088664,4.430282015718909,,42.30476400677188,9.570826298701299,1.9113886113886114,15.964600875315162,4.213195092200617,9.599923265807245,0.9931553100061388,-11.63924161156304,22.44868256359969,149.81476190476192,1681.2734767486181,362.94120250120244,14.20804761904762,25.446714285714286,5.878625082170914,13.215579843422384,-1.5283534005676864,1612.4333333333332,270.0,20.736363636363635,19.36969696969697,8.57878787878788,14.087878787878793,1.7466666666666666,12144.0,,,,,62.536363636363646,11.075757575757576,13.506060606060602,12.6,,,,,,17.91212121212121,14.772727272727273,,,,,,2.9696969696969693,6.133333333333334,6.557575757575758,,,,,,9.369696969696971,7.796969696969697,,,,,,6.690909090909091,9.548484848484849,9.327272727272726,,,,,,13.469696969696969,11.033333333333333,,,,,,270.0,15.854545454545455,,
0,1983.0,8.059608199340342,5.19251868171511,0.16309613997113995,3.272490633729166,1.0240857129618597,58.50543078226565,39.000571574195426,14.137120039682538,42.859393076169866,78.60242927307148,3.1289302967563835,3.5137426900584794,,75.17625273716182,16.29172835903173,1.9727378361356263,15.110122136917715,3.633990873990874,9.52561308061308,1.86485257985258,-10.346943168863058,23.956157911157913,136.165,1644.3613241424514,336.22830534478004,10.802222222222222,26.594166666666666,6.999379553717543,14.064604428454428,-0.6805257886680538,1410.4666666666665,278.1818181818182,18.5,20.21818181818182,8.714545454545453,15.077575757575758,1.4,15896.18181818182,,,,,67.11363636363635,12.183030303030302,14.387878787878789,13.74,,,,,,18.953333333333337,15.654545454545454,,,,,,2.7375757575757564,6.0175757575757585,6.618181818181818,,,,,,9.90121212121212,8.603030303030303,,,,,,7.649696969696971,10.449090909090907,10.200000000000001,,,,,,14.475757575757578,11.908484848484846,,,,,,235.22727272727275,16.527272727272724,,
0,1984.0,8.081951684856614,5.18941464443225,0.14115932971566775,3.525355339105339,1.3725996225996226,60.6661821133412,41.8792034762623,12.733472361949474,41.23117158760645,99.66519493578318,2.4633897889052525,3.457253086419753,3.5090909090909097,71.78925221603794,14.695819514113165,1.7689429453678158,16.206280046953623,3.3307442849548115,9.345579479000532,1.840405179615706,-10.693574606165278,23.877486519328627,167.11624999999998,1568.1647263356563,360.58518482252606,11.308125,26.611125,6.110631060606061,13.871811295283665,-1.2496750480377423,1547.6630952380954,257.72727272727275,19.57272727272727,23.34107744107744,11.626599326599326,17.62188552188552,1.4444444444444444,16382.909090909092,,,,,,13.990235690235691,15.877777777777775,14.885185185185188,,,,,,20.79023569023569,17.243434343434345,,,,,,4.963973063973064,8.258585858585858,8.229966329966333,,,,,,11.462962962962962,9.769023569023568,,,,,,8.792255892255893,11.707407407407409,11.411111111111111,,,,,,16.225925925925925,13.374410774410775,,,,,,255.6818181818182,16.76363636363637,,
0,1985.0,7.64694747683878,5.010290011920447,0.17295404876926615,4.826959098849051,1.212440758293839,70.22092093180609,41.80705480669935,13.644406761716544,42.13967608277391,89.57330943148479,2.5478301249577844,3.226670843776107,3.804545454545455,64.76709357153018,13.395970878611186,2.8663820545730094,15.046396847150616,4.711998917748918,9.430429292929292,1.781563492063492,-13.108097195936393,22.648830393217896,180.88291666666666,1681.9324737992167,369.4599701092559,11.368125,25.456291666666665,5.678599434579027,13.061109375901877,-1.845102893616713,2206.410714285714,302.72727272727275,21.018181818181816,20.36969696969697,8.527272727272727,14.839393939393938,1.9333333333333333,16306.81818181818,,,,,,12.1,14.030303030303031,13.121212121212123,,,,,,17.975757575757573,15.172727272727272,,,,,,3.0969696969696976,6.403030303030303,6.6818181818181825,,,,,,9.121212121212123,7.854545454545455,,,,,,7.172727272727273,9.96060606060606,9.727272727272727,,,,,,13.687878787878788,11.309090909090907,,,,,,292.5,16.172727272727276,,
0,1986.0,8.26803662572214,5.517442343679094,0.20949958953492523,3.197280075275467,1.0321523330739921,51.39444993050984,33.116136679500734,15.065595340074138,47.43779312560231,75.36664438991627,3.073150152316819,3.5276465958284144,3.368181818181818,58.63608541059521,10.392098740013374,1.5223372440763745,14.223059616175558,3.2295508833130193,9.275622732176132,1.1893720492021462,-9.696458250552453,23.565286884097564,142.10333333333335,1626.6967418195163,326.87860248829764,9.471833333333333,22.520875,6.906051797447428,14.149872847756344,-0.31926270294386233,1874.1875,278.1818181818182,19.77272727272728,22.736363636363635,11.089696969696968,16.972727272727273,1.638888888888889,14362.818181818182,,,,,,13.75454545454545,16.427878787878786,15.339393939393938,,,,,,20.580606060606062,17.455757575757573,,,,,,5.376969696969698,8.645454545454546,8.881212121212121,,,,,,11.547878787878787,10.202424242424243,,,,,,9.085454545454544,11.908484848484845,11.660606060606062,,,,,,15.791515151515151,13.253939393939396,,,,,,282.27272727272725,15.77272727272727,,
0,1987.0,6.348777372724742,4.224715450241766,0.19925318346370974,1.9031734394637618,0.6058658339621642,28.784767690067234,20.94178018719303,13.163081618186881,37.93087729424572,42.25275295550525,2.719429882044561,3.2993350493350495,3.0590909090909095,56.63210922516302,9.579250111259457,0.7871495687774758,14.606460116111279,2.8581251953371765,10.73842689568496,1.0332862861664704,-9.155730813114534,24.874473570464353,147.5125,1577.8070585976725,317.7227270872948,10.949416666666668,26.240499999999997,7.592785587854514,15.41063564546053,-0.04719394946139118,1710.0857142857144,256.5,20.3,21.80787878787879,9.183030303030302,16.257575757575758,1.1666666666666665,15987.181818181818,,,,,,12.64969696969697,15.123030303030303,14.413939393939392,,,,,,19.41151515151515,16.042424242424243,,,,,,2.983030303030303,6.330303030303031,7.044242424242424,,,,,,9.863030303030303,8.22060606060606,,,,,,7.830303030303031,10.75030303030303,10.75151515151515,,,,,,14.717575757575759,12.253333333333332,,,,,,272.0454545454545,15.163636363636364,,
0,1988.0,6.491757930178983,4.35897812713602,0.1742343231816916,2.3918184824434827,0.7791244121105232,36.79472469403025,27.796401515151516,13.251968696995013,36.49150726563885,58.09510298086687,2.356564505234718,3.199415204678363,3.536363636363636,119.8934853022589,20.412627306499644,1.2956012913640031,14.583897540783134,3.7123041969850483,11.231430413558074,2.6088248748887044,-10.129074598894515,25.059364281108962,179.74166666666667,1439.6551423902893,325.06024940898345,9.829833333333333,25.37,7.490589934297382,15.306280171011023,-0.12640973597965113,1771.6833333333334,261.8181818181818,23.08181818181818,22.21010101010101,9.717171717171718,16.443771043771044,1.6266666666666665,15161.818181818182,,,,,,12.921212121212122,14.454208754208755,13.794949494949497,,,,,,18.85151515151515,16.118939393939396,,,,,,3.277575757575758,5.344444444444444,5.810774410774411,,,,,,8.472727272727273,7.256818181818182,,,,,,8.089090909090908,9.917171717171717,9.903367003367002,,,,,,13.954545454545453,11.688636363636364,,,,,,253.63636363636363,17.85454545454546,,
0,1989.0,9.014699820381638,5.971372566827112,0.17653697312788222,3.6755738602960832,1.2684131326492436,52.636836119127786,33.00794168537224,14.758584281879735,48.80299628401902,86.19603742450965,2.649724041390708,3.8686035525321247,3.163636363636364,65.28054597927324,11.793356340223813,2.1911391950236574,15.103333707018967,4.719135722621778,8.915459087172236,1.2698197110547707,-12.246106440040704,22.426090515283743,155.78666666666666,1548.5209094993056,368.76993302213185,12.2125,26.5225,5.584711728842207,12.627755224412596,-1.4619647600075887,1267.5666666666666,274.09090909090907,21.59090909090909,19.16060606060606,8.884848484848485,14.611515151515155,1.5,12726.545454545454,,,,,,11.783636363636363,13.999999999999998,13.204848484848485,,,,,,17.494545454545456,14.927878787878788,,,,,,2.892727272727273,6.656363636363635,6.785454545454545,,,,,,9.40787878787879,8.113333333333333,,,,,,7.252727272727273,10.097575757575758,10.047878787878787,,,,,,13.716363636363639,11.513939393939394,,,,,,274.09090909090907,17.14545454545454,,
0,1990.0,7.805808856615309,5.1769609820685085,0.1621027220489586,2.2151144044684714,0.8211202938475665,36.04139532716087,25.94962181624861,12.68744657274227,41.90904673979943,59.88208883089266,2.304738562091503,3.378548534798535,3.6967532467532465,62.61308454642652,13.178991730491731,1.7779069541569543,14.832742812742813,3.8701008713508704,9.548250638250638,1.5528625541125542,-10.774614302364302,24.089435536685535,162.03392857142856,1525.8135077876784,333.4402454906205,11.935535714285713,26.06511904761905,6.53981485875236,13.806273853923855,-0.9545796203796204,1589.2583333333332,220.9090909090909,21.64545454545454,21.45060606060606,9.155454545454546,15.58151515151515,1.4,13538.363636363636,,,,,,12.75,14.816666666666668,13.242222222222225,,,,,,18.768787878787876,15.011481481481482,,,,,,3.9233333333333333,7.196666666666668,6.705555555555556,,,,,,9.622424242424243,7.930740740740741,,,,,,8.238787878787878,10.886666666666665,9.912962962962963,,,,,,14.164545454545456,11.350000000000001,,,,,,261.8181818181818,16.77171717171717,,
0,1991.0,7.95471397467864,5.495810196870267,0.19841155115006706,2.4816321645705535,0.8676982085000953,49.17136240536714,32.28783012061314,14.158947845440778,46.22860995110113,66.7149789675733,2.64575225943647,4.238571428571428,3.4272727272727277,51.91406307234433,10.586454512311402,0.9371781192203728,16.003362472816697,3.8588029461704374,8.686589264681137,1.1533127845848696,-10.402512854907222,21.48591687954762,172.85666666666668,1367.208307784087,359.7905898587082,10.766333333333334,25.686500000000002,6.026870457477347,12.97068565896216,-0.7325709128508424,1638.6666666666667,282.27272727272725,20.409090909090907,20.631515151515153,8.841212121212122,14.829696969696968,1.9166666666666667,13564.09090909091,,,,,,11.659999999999998,13.71939393939394,13.062962962962963,,,,,,18.256969696969694,14.814814814814815,,,,,,3.1793939393939397,6.1872727272727275,7.336363636363637,,,,,,9.332727272727272,8.436026936026934,,,,,,7.691515151515151,10.347878787878788,10.324242424242424,,,,,,13.953333333333333,11.671380471380472,,,,,,254.04545454545453,16.12590909090909,,
0,1992.0,7.859446728331621,5.312985585557526,0.16438459621912857,1.8089226779820837,0.6878328904319003,27.623485920020574,20.121754675467546,13.642448404912436,43.01561062838041,45.1299362079065,2.6718111653891468,3.3005693581780537,3.172727272727273,33.599688225583286,7.006244727981571,1.0103635351003772,14.94320789347105,3.4768375484164955,8.590411381990329,0.7460092149565833,-9.033758904837853,23.224772550062024,146.8425,1440.6634338120966,343.5487281840966,10.038,24.40625,6.5253759841523005,13.6427531163768,-0.4186032480190374,1803.8777777777777,261.8181818181818,19.49090909090909,21.05151515151515,9.715757575757577,15.89939393939394,1.4999999999999998,15412.818181818182,,,,,,12.356363636363634,14.465454545454547,14.225757575757576,,,,,,20.75353535353535,16.53181818181818,,,,,,3.2121212121212124,5.718181818181818,8.64090909090909,,,,,,10.964309764309766,9.85909090909091,,,,,,8.059393939393939,10.412121212121212,11.416666666666666,,,,,,15.995622895622896,13.0,,,,,,282.27272727272725,16.063636363636363,,
0,1993.0,9.154620480163958,6.332578502415458,0.24898532425706332,2.9584557752045435,0.8155709096595796,50.6990208204494,26.309059632212342,15.741561813790074,54.197044892506845,57.205255048727956,2.2012693692600234,4.323066841415466,3.25,10.146717288088256,2.924937636240828,1.532820866705884,14.751991920197497,3.9232536402990954,6.171944469671742,0.15646474737383828,-10.229287423764776,21.21429084804085,132.80694444444444,1700.802101411234,369.833612057761,10.426791666666666,23.95625,5.381944536847168,11.82424264498128,-1.1443407079757255,1534.3666666666668,270.0,19.48181818181818,26.778787878787877,15.592929292929293,21.317171717171718,1.4880952380952381,14133.454545454546,,,,,,16.415151515151518,18.66222222222222,17.932222222222222,,,,,,24.133333333333336,20.204444444444444,,,,,,8.317171717171716,11.201111111111112,11.913333333333334,,,,,,15.312222222222223,13.381111111111112,,,,,,12.391919191919193,14.867777777777777,14.783333333333333,,,,,,19.447777777777777,16.57,,,,,,255.6818181818182,15.922727272727272,,
0,1994.0,7.349452571385657,5.112974138624696,0.15813673109212142,2.5441050026542253,0.792950975334395,46.707986227934406,25.452554972373626,12.959410850405273,39.49981132353809,58.191521992687804,2.2227215980024964,3.1769513991163474,4.022895622895623,62.360834196831526,12.353653446995837,1.3959431747066156,14.592108488882683,4.295250728012461,10.193067862742955,1.3869667536635046,-9.13671634418946,22.710984757320496,156.9325,1635.1020576016865,346.56063778311056,10.887,25.30920833333333,6.7272186056021805,13.820788509124249,-0.45035899703641646,1562.025,275.0,21.3,16.449999999999996,8.17,12.7,1.5416666666666667,16359.8,240.0,245.0,14.35,16.75,,11.28,12.05,12.27,,,,,,14.999999999999996,13.62,,,,,,4.66,5.84,6.830000000000001,,,,,,8.0,7.38,,,,,,8.01,9.08,9.669999999999998,,,,,,11.87,10.34,,,,,,288.75,16.861111111111114,,
0,1995.0,9.265248587290571,6.7235257427051325,0.2806947611336924,1.8715426465426463,0.8175608962293744,46.19740064740065,30.29688833207855,16.58194952524151,56.84863718978223,61.33830992377188,2.309948693282027,3.8213191023535855,2.93030303030303,38.662100895385414,8.149933614091223,1.5244484931535294,15.35545758198636,4.344300274534931,7.442687186459751,0.7435085772630899,-11.399969530868812,22.080103562702842,177.26666666666668,2036.9660406954156,379.11319670566957,12.097777777777777,26.75666666666667,5.664883869640187,12.24690566833888,-0.7494780772784371,2046.888888888889,,,11.044444444444444,3.277777777777778,7.522222222222222,1.2222222222222223,15059.75,241.8181818181818,243.63636363636363,17.145454545454545,20.763636363636365,,7.7666666666666675,8.38888888888889,8.266666666666667,,,,,,10.511111111111113,8.833333333333336,,,,,,1.9222222222222225,2.588888888888889,4.0,,,,,,3.7666666666666657,4.322222222222222,,,,,,4.844444444444444,5.777777777777779,6.199999999999999,,,,,,7.48888888888889,6.6000000000000005,,,,,,,,,
0,1996.0,8.900760928456098,6.31984140394921,0.22368104840223796,3.906597744360902,1.3339142794060828,98.7940612895876,39.58743721366672,14.373065841634615,50.977821175107415,110.08854804879397,2.3925637077698934,3.109143870314083,3.309090909090909,49.4096583554738,11.137865852401566,2.4719188121819697,16.079920888078785,5.447704725829726,8.569511183261183,1.2926089981447124,-12.704965241386294,22.092540932282006,184.84499999999997,2168.1814183855363,395.57268667542775,10.9385,24.909999999999997,5.21052375669965,11.939894770408163,-1.7483276676539832,3460.75,,,10.688888888888888,3.811111111111112,7.800000000000001,2.033333333333333,,268.1818181818182,268.1818181818182,16.90909090909091,20.93636363636364,,7.644444444444444,8.155555555555555,8.344444444444443,,,,,,10.177777777777775,9.455555555555556,,,,,,2.011111111111111,2.544444444444444,2.4111111111111114,,,,,,4.011111111111111,4.077777777777778,,,,,,5.144444444444444,6.044444444444444,6.455555555555556,,,,,,7.811111111111111,7.000000000000001,,,,,,,,,
0,1997.0,8.597746646357757,6.24885241301908,0.19377732349954574,2.7669996091871085,0.7497629634857895,64.62244167869169,24.944671874019697,14.606523341884452,47.95318483779595,52.81246490526382,2.646733282898331,4.087460317460318,3.2181818181818183,37.59979934052302,9.707100220723914,0.908767839846607,15.15507694360434,4.276210839102825,8.415018904827267,0.7663639883152078,-9.277561772322047,22.248436430004375,194.97416666666666,2120.4276974136974,362.59147210029613,10.48638888888889,24.475277777777777,6.313861461805713,12.897614633140762,-0.35380811045879534,3406.851190476191,,,14.0,5.229999999999999,9.56,2.0444444444444443,,263.6363636363636,269.09090909090907,17.88181818181818,21.290909090909093,,9.72,10.27,10.05,,,,,,12.21,10.68,,,,,,3.3400000000000007,3.94,5.220000000000001,,,,,,5.609999999999999,5.73,,,,,,6.34,7.090000000000001,7.729999999999999,,,,,,9.02,8.139999999999999,,,,,,,,,
0,1998.0,8.441781533749042,6.1502306458082625,0.20373135689020166,3.0179073503815763,0.7749463697324661,68.3021261956829,24.556524179919904,14.484219906647704,48.98040396226317,54.059801413678414,2.809523109037672,3.7118023553507427,3.602304292929293,63.51722152497363,15.318703008180359,1.0077276721740391,14.411741363211952,3.3181074055638518,9.13289615920278,1.6143407695672503,-7.782755845653771,22.41957177549512,195.01166666666666,1913.2385446123374,340.8712489755696,9.399277777777778,25.076166666666666,7.236581197741477,13.854139826588431,0.5949651407800197,3464.5,,,13.812499999999998,7.35,10.5,1.2698412698412698,,255.17676767676767,255.12784090909093,16.550473484848485,20.070012626262624,,9.5875,10.1375,10.1625,,,,,,12.3625,10.775,,,,,,4.2375,4.7875000000000005,6.425,,,,,,7.025,6.924999999999999,,,,,,6.925,7.749999999999999,8.4125,,,,,,9.85,8.887500000000001,,,,,,,,,
0,1999.0,7.6795312277706635,5.596852199052903,0.14413463101843382,2.762440833455326,0.7316450588357806,93.94977588165995,24.714352285744038,12.744853286384977,41.39227576316485,49.60195251483911,2.075991709815239,3.1766855256954263,3.759204545454545,41.222966928762844,9.716425975488477,0.1980272523896685,14.939203879640122,2.375801788933102,8.090213583647927,1.0976445552203127,-7.466300420310487,22.860213328571916,170.36277777777778,1810.6172510282063,335.56916046322294,9.966833333333334,24.284333333333333,7.19787947779867,14.03703903027388,0.4225373243460492,3025.8095238095243,,,14.545454545454549,6.827272727272727,10.6,2.3333333333333335,,261.6477272727273,256.7386363636364,18.212045454545454,22.245340909090913,,10.654545454545454,11.07272727272727,12.5,,,,,,13.71818181818182,13.27,,,,,,3.590909090909091,5.045454545454546,6.93,,,,,,6.918181818181818,7.339999999999999,,,,,,7.081818181818182,8.136363636363637,9.61,,,,,,10.145454545454545,10.09,,,,,,,,,
0,2000.0,7.5092396568423965,5.230958558184586,0.11575601909506018,4.290542467868049,0.991249175168773,92.6516829423806,33.61497893507944,11.97302200083022,36.51158229048161,68.81400817217401,2.5983102048522606,2.822913719943423,3.5954545454545452,58.79001908065161,13.096431039102049,1.4161913457516064,15.537746708593614,4.511297323675963,8.740536315536316,1.5736855377632077,-9.68198685317578,22.15238464160794,181.52666666666667,1893.2038127826327,370.06112279143224,10.6105,25.15908333333334,6.226744546441615,13.142153585088053,-0.7220102561210053,2874.2222222222226,,,15.1,6.763636363636363,11.11818181818182,2.759183673469388,,250.78512396694217,256.1404958677686,17.493388429752066,21.332479338842976,,11.063636363636364,11.772727272727272,11.71,,,,,,14.6,13.633333333333333,,,,,,3.836363636363636,5.263636363636364,6.55,,,,,,7.027272727272727,7.900000000000001,,,,,,7.69090909090909,8.654545454545454,8.75,,,,,,10.57272727272727,10.377777777777778,,,,,,,,,
0,2001.0,7.0708101085552055,4.964179257561612,0.16329494760867308,4.9494503774462455,0.8073254979052079,107.38645814699537,24.294678322214555,12.094991405653168,37.657988132963624,54.807908275299575,2.444640735081912,3.6375566893424036,3.6338842975206607,72.27728670300893,15.471441834944828,1.0218830534079801,14.469685438380452,3.873142189165927,10.016642688007675,1.7251979309842813,-7.466522599264533,23.302416385131522,223.48000000000002,1839.6350501965142,341.38249421071276,8.579666666666668,24.712333333333333,7.198409931586271,14.228317287970851,0.2359180927414065,3214.855555555556,,,16.77,7.720000000000001,12.18,2.216326530612245,0.0,248.51239669421486,251.23966942148763,16.68760330578512,20.327272727272728,,12.88,13.899999999999997,12.8625,,,,,,16.55,13.4125,,,,,,4.16,6.169999999999999,7.575,,,,,,7.999999999999998,7.775000000000001,,,,,,8.47,9.68,9.8625,,,,,,11.73,10.3,,,,,,,,,
0,2002.0,7.716035756930327,5.326209954404842,0.18278425514847238,6.2074333900226755,0.952876554662269,160.71200796227583,32.75537397787398,13.423959701994848,41.16151366471654,71.77796227581942,2.5460166177908112,4.412543554006969,3.8090909090909095,56.556827137946925,11.955763382707826,1.435894558408763,15.883686909681227,4.025833220277664,8.156164411719967,1.2111385528052194,-11.04476156655844,22.25742413964636,211.46666666666667,1854.8850488400492,373.54737348042903,9.89,24.77333333333333,6.05100480178258,12.816967403995182,-0.7787166961826053,2693.3333333333335,,,12.08888888888889,4.877777777777778,8.922222222222222,2.357142857142857,0.0,245.9504132231405,236.94214876033058,17.682644628099176,21.823966942148765,,8.266666666666667,9.133333333333333,9.066666666666666,,,,,,11.233333333333333,9.744444444444444,,,,,,1.411111111111112,2.9111111111111114,4.688888888888887,,,,,,5.288888888888888,5.2333333333333325,,,,,,5.300000000000001,6.311111111111111,7.1,,,,,,8.577777777777776,7.566666666666666,,,,,,,,,
0,2003.0,8.223994393962444,5.668991720030061,0.12309493843040167,7.128131068554796,1.1122469593898165,227.46433034949982,35.36745361781076,12.49522556694282,41.81706933989578,82.25761148904006,2.5586410984848484,3.1922939068100358,3.6396694214876035,86.10864585375909,18.920573343246478,1.3745916146468633,14.554321829183706,4.593948287784853,9.687560208335833,2.2237829422039948,-10.548539568933215,23.47036181962082,215.3,1781.4122716317427,354.065150985518,9.236666666666666,26.743333333333336,6.851589317192502,13.66529887317976,0.004376746948570152,2799.0,,,15.1,7.036363636363635,11.445454545454549,2.6741071428571432,0.0,249.1735537190083,260.0,16.496694214876033,20.447107438016527,,11.763636363636364,12.390909090909089,14.0,,,,,,16.1,14.73,,,,,,4.045454545454545,5.636363636363637,8.330000000000002,,,,,,8.34,9.000000000000002,,,,,,7.90909090909091,9.072727272727272,10.98,,,,,,12.45,11.59,,,,,,,,,
0,2004.0,8.007553743735853,5.4801672590809964,0.13896553393358504,6.290173547556098,0.605405271400532,192.17567658851215,21.6169167983149,13.12688845322232,41.94761094514289,40.93079012877591,2.932276441929907,3.2810401002506264,3.918181818181818,35.34615616784281,8.094594130581525,0.5488845799262465,14.503314393939393,2.6183808877086188,7.746339141717293,0.781842838145359,-7.792906265031264,22.884833731472384,169.67499999999998,1834.0751652258127,345.29014233976415,6.07,19.075,6.9759288048552754,13.596869711520974,0.383118887285554,3393.0,,,15.5,6.863636363636365,10.881818181818184,1.9291666666666665,0.0,251.13636363636363,248.78787878787878,16.908333333333335,20.81136363636364,,11.054545454545456,11.818181818181818,11.609090909090908,,,,,,14.390909090909092,12.427272727272726,,,,,,4.045454545454546,5.072727272727272,5.754545454545454,,,,,,7.027272727272726,6.763636363636363,,,,,,7.327272727272727,8.427272727272728,8.927272727272726,,,,,,10.654545454545456,9.52727272727273,,,,,,,,,
0,2005.0,8.40837350521893,5.904889248501237,0.21807234125846112,6.524593466703101,0.9250035400736335,188.70644832281047,30.379919522326066,14.569235778242088,48.51411749309226,68.4885868026055,2.469045042259328,3.8532229965156795,3.781313131313132,48.989603563647684,10.838932328414371,0.976644387358673,14.308453550417836,3.20666119594691,8.252260933510934,1.3265340809983668,-8.374421907457622,23.029393879929593,168.175,1832.133730624564,350.2496120239491,4.77,16.89,6.781799315763602,13.612345297559584,0.08297442934050078,2990.0,,,9.214285714285714,2.457142857142857,5.857142857142856,2.0357142857142856,0.0,238.96464646464645,239.520202020202,16.352777777777778,20.26666666666667,,6.442857142857143,7.228571428571429,7.685714285714288,,,,,,9.114285714285716,7.92857142857143,,,,,,1.0285714285714287,1.985714285714285,2.942857142857143,,,,,,3.1000000000000005,3.1000000000000005,,,,,,3.6714285714285713,4.700000000000001,5.4,,,,,,6.1571428571428575,5.685714285714286,,,,,,,,,
0,2006.0,7.666884326716644,5.4442509810650055,0.18900261324041812,6.361407179161956,0.8495091560357046,217.89102570288878,27.93984934681837,14.402225917713722,43.82672496964418,59.426497592869275,2.5469399443626246,3.1775062656641606,3.796818181818182,71.84765022015023,15.379332159638567,1.1532082732082733,14.43346891534392,3.6015682089498244,9.669299139424487,1.81654316744846,-9.797115149510983,23.31750689344701,206.86666666666667,1898.1448196140511,347.0831977354122,10.168888888888889,25.39,7.05152589162617,13.973920339487192,0.1717167027417028,2638.9166666666665,,,14.236363636363638,7.527272727272727,10.71818181818182,2.0906926406926405,,252.62121212121215,255.33333333333334,17.007272727272728,21.745151515151516,,10.9,11.772727272727272,12.33,,,,,,13.845454545454546,12.61,,,,,,4.590909090909091,5.763636363636365,7.62,,,,,,7.836363636363637,8.22,,,,,,7.727272727272727,8.654545454545454,9.86,,,,,,10.79090909090909,10.36,,,,,,,,,
0,2007.0,7.544641709718045,4.961506559598162,0.19615805455500107,6.45916107943547,0.855291756854257,190.174439077183,28.364396945646945,14.380540106627894,41.530115284065666,64.89296524270483,2.563273753737671,3.4323187229437235,3.6545454545454548,89.23795591421798,19.556848376129196,0.8668101782855883,13.810636911661502,3.7887520797356866,9.772021936776035,2.166066894550501,-8.37669027314519,23.680144822542363,214.625,1799.942347639662,336.57071877285574,14.623333333333337,24.426666666666662,7.495958781807142,14.419656628738597,0.6237371687207754,3383.25,,,15.279999999999998,7.99,11.669999999999998,2.133189033189033,,245.0757575757576,245.22727272727272,17.505303030303036,22.32045454545454,,11.779999999999998,12.71,12.166666666666664,,,,,,15.170000000000002,12.844444444444443,,,,,,5.49,6.159999999999998,7.155555555555556,,,,,,8.33,7.522222222222221,,,,,,8.469999999999999,9.38,9.3,,,,,,11.6,9.955555555555556,,,,,,,,,
0,2008.0,8.250661032089603,5.340521971414828,0.18772366522366524,7.6042873628185195,1.0743063023317803,260.6048902548161,33.11702925524582,13.84970423623995,43.30879839572193,85.36055052553475,2.550101370851371,2.9264094143404487,3.6856060606060606,43.006051270348394,9.061940152590559,1.3212095793396608,15.526169652389163,3.492843455851586,8.43457933966064,1.0448433228921035,-9.176299239002491,23.00397208632981,182.5,1970.6071691983232,374.7409615023639,10.66,25.6,6.003240586273106,12.855155619297895,-0.8495401918918178,3532.5,,,12.38,5.16,8.64,2.4784271284271284,,245.07575757575754,247.34848484848487,17.531060606060606,22.796212121212122,,9.27,10.06,10.13,,,,,,12.209999999999996,10.96,,,,,,2.71,3.65,4.51,,,,,,5.44,5.29,,,,,,5.800000000000001,6.660000000000001,7.209999999999999,,,,,,8.579999999999998,7.99,,,,,,,,,
0,2009.0,7.891155589897009,4.98175123249494,0.1267812977767211,7.893407338693053,1.2129428957454436,238.94560276231704,40.24431829670683,12.594992347469463,40.302677718745905,91.97346623652356,2.537441764584622,3.5212145532370247,3.496212121212121,36.96951895370943,9.25481959580485,1.6302412288337222,15.486751370464509,4.3265009342757335,8.961835513310044,1.0178721338238765,-10.098346244907907,22.473949839258154,,1962.278630620245,373.2108405386689,,,6.032207035889343,12.801233688861036,-0.7757500502922755,,,,13.345454545454546,6.218181818181816,9.963636363636365,2.4267676767676765,,241.57575757575754,229.25,16.43492424242424,21.500378787878788,,10.409090909090908,11.099999999999998,11.009090909090911,,,,,,12.936363636363636,11.71818181818182,,,,,,3.836363636363637,4.854545454545455,5.9,,,,,,6.463636363636363,6.509090909090909,,,,,,7.427272727272728,8.154545454545454,8.563636363636364,,,,,,9.8,9.1,,,,,,,,,
0,2010.0,8.819922827412052,5.713354216425338,0.19792335298800812,8.045432858727656,1.446696071224373,220.63685242182348,43.21203204552261,14.758514587065234,48.962087815848456,110.61197248768002,3.408691052178447,3.0615343915343916,3.3578787878787875,31.75481720847287,6.99587982467339,1.5405937469937472,14.952918133718136,4.131998847146301,7.743649923207563,0.7243130268599438,-9.29361287157287,22.2650142365826,,2040.1464916512061,373.52739724901255,,,5.927225572461499,12.437864723450513,-0.6363593198653199,3063.6666666666665,,,12.771428571428572,6.671428571428572,9.857142857142858,3.30530303030303,,245.9848484848485,247.3333333333333,16.781060606060606,21.750984848484848,,10.400000000000002,10.94285714285714,10.642857142857142,11.833333333333334,,,,,12.457142857142856,11.271428571428572,11.933333333333335,,,,,4.914285714285714,5.871428571428572,6.2,8.166666666666666,,,,,6.814285714285715,6.842857142857143,8.333333333333334,,,,,7.642857142857143,8.328571428571427,8.228571428571428,9.9,,,,,9.728571428571428,8.842857142857143,10.083333333333332,,,,,,,,
0,2011.0,8.896608681999881,5.654515906533021,0.2837062557111457,13.623941697891278,1.9904521956127461,452.6575981907914,59.37416994320664,14.544597282641293,49.54018686694412,151.7721462660683,3.1048659133074716,3.003803339517625,3.7759848484848475,45.19371482401262,10.01361125024348,1.613109509538081,15.199315168958025,4.188834826024909,8.059665028879904,1.1240251789838565,-9.299548903477476,20.79836405177314,0.0,2095.886713564214,380.49903904253085,,,5.7838686918377,12.25459851665017,-0.7805245657120657,3346.0,247.57142857142856,24.840476190476192,2.033333333333333,-3.1333333333333333,-1.1333333333333333,2.5013708513708512,,251.25,248.62121212121212,17.38090909090909,23.391742424242423,,0.7333333333333333,1.5,2.9666666666666663,5.800000000000001,1.4,2.25,3.9,5.800000000000001,2.433333333333333,3.1666666666666665,6.1000000000000005,3.05,3.65,4.2,6.1000000000000005,-3.866666666666666,-2.733333333333334,-1.1,1.35,-3.6,-2.5,-0.7999999999999999,1.35,-2.2,-1.1,1.65,-3.35,-1.9,-0.7999999999999999,1.65,-1.6333333333333335,-0.8000000000000002,0.3,2.85,-1.65,-0.7000000000000001,0.7500000000000001,2.8000000000000003,-0.3666666666666666,0.5333333333333333,3.0,-1.05,-0.0999999999999999,0.95,3.05,,,,
0,2012.0,7.620533942388246,4.755831254837877,0.1376990497851425,9.999615496529076,1.3516306475608801,306.0728620716275,50.42429150307057,11.688079812632793,37.97875445030466,105.32020579549649,2.296372508872509,2.3957729468599034,3.6613636363636357,66.76201027268552,14.497692702478615,0.800305310795774,14.541524135870185,3.6246374607944856,9.913332856308063,1.6946546337042205,-7.978453668644404,23.257093286266844,151.605,1885.0043169371238,343.2586603505457,7.93,26.796666666666667,7.3575624735914795,14.21955674811873,0.4237822670063814,2168.1666666666665,211.7625,15.216428571428569,17.145454545454548,8.536363636363637,12.71818181818182,2.7440476190476186,,248.4090909090909,246.96969696969697,17.563636363636366,23.51439393939394,,12.69090909090909,13.245454545454548,13.38181818181818,12.581818181818182,16.3,15.933333333333335,15.2,13.9,15.690909090909097,13.936363636363636,12.772727272727275,20.53333333333333,18.133333333333333,15.933333333333332,14.15,4.7,5.945454545454546,7.618181818181816,7.818181818181817,7.233333333333333,7.766666666666667,8.700000000000001,8.05,8.627272727272727,8.327272727272726,8.636363636363638,9.266666666666667,9.8,9.066666666666668,8.649999999999999,8.654545454545454,9.645454545454546,10.2,10.263636363636364,11.366666666666667,11.933333333333332,11.566666666666668,10.85,12.0,10.836363636363638,10.545454545454543,15.6,14.066666666666668,12.166666666666666,11.15,,,,
0,2013.0,8.27242234709122,5.217073446543646,0.2553849755836511,10.527399304141463,1.7018176268176268,249.982819609736,54.08792129587584,15.14224120740677,47.233747836280365,124.84098855689763,2.526560996873497,3.114814814814815,3.5825757575757584,56.92358244701695,12.936659295264787,1.2905831787260358,15.223184085755513,3.751336444544537,9.045423370784642,1.271631780230046,-9.463654638218923,21.789266978204843,166.78000000000003,2000.544348273412,367.0718004362369,11.675,27.7675,6.447670311704994,13.092467714927976,-0.2191303566274995,,260.1904761904762,15.926458333333333,15.94,8.220000000000002,11.96,2.13474025974026,,254.84848484848487,254.69696969696972,16.98787878787879,22.172727272727272,,11.44,12.23,12.49,12.07,,,,,15.22,13.4,12.3,,,,,4.99,6.269999999999999,7.5,8.24,,,,,8.15,7.949999999999998,8.290000000000001,,,,,8.390000000000002,9.320000000000002,9.94,10.18,,,,,11.5,10.56,10.360000000000005,,,,,,,,
0,2014.0,9.281541860591156,5.923265942456083,0.218240334261461,10.563134849899557,2.507146701204078,374.75792618057335,71.66038177441865,15.980750733356366,51.68359875814421,204.1971681096681,2.7411934470758,2.755668934240363,4.278409090909091,45.88240552307562,9.778672068113154,2.249264657799401,14.408309355967967,4.580706285993294,8.214162448830123,0.902609064316013,-11.904672730760344,21.45753141034863,118.9,2047.9745402775438,379.22261557090104,9.93,25.27,5.825564295305232,12.330544255677188,-0.653788981746686,,254.41666666666669,16.339791666666663,13.279999999999998,5.7700000000000005,9.77,2.5428571428571427,,257.3484848484848,264.77272727272725,16.996969696969696,22.45719696969697,,9.9,10.45,10.38,10.170000000000002,,,,,12.61,10.84,10.320000000000002,,,,,2.83,3.770000000000001,4.720000000000001,5.89,,,,,5.72,5.010000000000001,6.05,,,,,6.590000000000001,7.42,7.81,8.1,,,,,9.34,8.389999999999999,8.309999999999999,,,,,,,,
0,2015.0,7.760715826607786,4.853213850638473,0.15017221750890092,7.651294423626439,1.5446045562003008,199.917525908435,44.570230573209294,13.444407499256746,38.1122775223951,108.53691688925731,2.9061284271284276,2.932175032175032,3.5652892561983474,66.56565189424511,12.937355157033839,1.057658990260871,13.44964535638517,3.438002506027585,9.168858536099917,1.3730496862942,-8.495718515201274,23.677951514699167,146.23333333333335,1974.480376954362,335.6643559079374,9.51,25.275,7.502657806230691,14.345696722034498,0.7090057855763184,,290.1666666666667,17.84155844155844,16.7,8.581818181818182,12.163636363636362,2.354761904761905,,264.2975206611571,262.1487603305785,17.511570247933882,22.72396694214876,,12.827272727272726,13.336363636363638,13.372727272727271,12.681818181818183,,,,,15.709090909090907,13.945454545454544,13.02727272727273,,,,,6.118181818181819,7.054545454545456,8.19090909090909,8.881818181818183,,,,,8.536363636363639,8.654545454545454,9.081818181818182,,,,,9.054545454545451,9.890909090909092,10.436363636363636,10.527272727272727,,,,,11.763636363636364,10.954545454545451,10.745454545454544,,,,,,,,
0,2016.0,8.799935927798524,5.721869182556205,0.22110839400915738,7.599882145840792,1.6536586697941278,217.03629162191191,49.29888627308946,15.349672570855775,48.12051499792837,127.64300848553836,3.4484848484848483,3.1676190476190476,3.7611570247933885,45.70821225725266,9.131648196703402,1.1062206107947432,13.60800649578252,3.279732657808367,8.288938961494168,0.9576609948061052,-7.737331949508606,22.3056039211402,162.66666666666666,2039.9058778866097,352.6433836790619,8.756,23.694,6.927492896518132,13.451627808048942,0.4378647880335578,,298.375,17.67777777777778,14.82,7.219999999999999,10.74,1.7741666666666667,,257.7685950413223,259.8347107438017,17.792561983471078,23.096694214876035,,11.15,12.0,12.0,11.610000000000005,,,,,13.94,12.9,11.710000000000004,,,,,4.720000000000001,5.78,6.550000000000002,7.27,,,,,7.220000000000001,6.880000000000001,7.4300000000000015,,,,,7.75,8.77,9.03,9.31,,,,,10.27,9.61,9.49,,,,,,,,
0,2017.0,8.36154224041821,5.346132513768172,0.19748201841225094,9.709948662448662,2.0148670377241804,312.8415144577645,61.864287775716335,13.751337526240627,43.58228035016352,157.82676237594606,4.151458784271284,2.5940836940836944,3.706611570247934,74.36741964878644,14.86043111980612,1.0490621643177553,14.831600694300374,3.852658949144572,9.177776048942183,1.7269032174782974,-8.451015898372129,22.833927983624466,158.21666666666667,2056.7878646605072,356.66371276871274,9.008333333333333,25.255,6.826313486300707,13.403318203716765,0.2536757453586526,,241.1428571428572,27.766666666666662,14.990909090909092,8.263636363636364,11.590909090909092,2.4502380952380953,,246.198347107438,249.8347107438016,17.11818181818182,22.028099173553716,,11.3,12.227272727272728,12.309090909090909,11.71818181818182,,,,,14.145454545454545,13.11818181818182,11.863636363636363,,,,,5.6000000000000005,6.918181818181818,7.372727272727272,7.872727272727274,,,,,8.181818181818182,7.727272727272726,8.127272727272727,,,,,8.399999999999999,9.445454545454544,9.69090909090909,9.845454545454546,,,,,11.136363636363637,10.19090909090909,10.018181818181818,,,,,,,,
0,2018.0,8.917928630133353,5.926565429321335,0.17938666757564395,11.162107580714451,2.277096711159211,347.86226867915803,66.58023944805194,13.87529555017744,47.485246318496316,185.61045995670995,4.789864864864865,3.1982683982683984,3.4876033057851243,50.25177668915302,10.083603359064524,1.684944684944685,15.114932496485896,4.906879591102892,8.247379948350822,1.0478986583355514,-9.538504753965919,21.12758298425774,169.32,2194.452170461317,388.05209856306953,10.41,26.934,5.63929796111835,12.078810140237326,-0.8020656915899635,,256.0,17.007121212121213,14.62727272727273,7.327272727272728,10.972727272727273,2.7073015873015875,,233.22314049586782,243.30578512396696,16.394214876033057,21.212396694214878,,10.590909090909092,11.527272727272726,11.618181818181816,11.245454545454546,,,,,13.890909090909089,12.745454545454544,11.654545454545456,,,,,4.645454545454546,5.954545454545454,6.963636363636365,7.618181818181818,,,,,7.272727272727272,7.263636363636365,7.727272727272728,,,,,7.645454545454546,8.754545454545456,9.227272727272728,9.372727272727271,,,,,10.481818181818182,9.772727272727272,9.536363636363635,,,,,,,,
0,2019.0,9.572716911750854,6.05957721564771,0.19867360663705308,10.59934239274028,2.1399743273237246,293.22997810092886,60.50708403599968,14.767901591445979,50.29015595375089,159.50723471084916,4.37399844307739,3.742568542568543,3.507438016528926,35.918113288360644,8.315735778471169,2.511383313656041,15.072232646502128,5.42733375030453,7.828153168981091,0.738738381027342,-11.671559753377933,21.345271745750644,159.325,2164.422142502507,405.3503901608853,10.985,27.9625,4.95856949129514,11.29056963067596,-1.3503657130207456,,244.5625,15.081333333333333,12.972727272727276,5.4,9.581818181818182,2.633333333333333,,230.9917355371901,231.98347107438013,15.88099173553719,20.71157024793389,,9.4,10.363636363636362,10.363636363636363,9.80909090909091,,,,,12.218181818181815,10.863636363636363,10.045454545454543,,,,,3.372727272727273,4.6454545454545455,5.4,6.254545454545454,,,,,5.972727272727273,5.854545454545454,6.554545454545453,,,,,6.59090909090909,7.609090909090909,7.963636363636363,8.127272727272727,,,,,9.21818181818182,8.436363636363637,8.336363636363636,,,,,,,,
0,2020.0,7.670376269432874,4.958649937962607,0.1514184004076187,9.0287595154443,1.5000047702527042,261.0074672710542,47.907645522521555,12.502508517986955,40.24105815069166,110.90356770181151,3.653578892371996,2.8672043010752684,3.7981818181818183,53.04367389224532,11.389267652474725,0.7430355746012313,15.06787669868478,4.168198337390257,8.977542986381371,1.221508495245869,-9.461907592033855,23.68737794005471,202.92,2128.0186483253588,364.0798078427372,10.106,26.828,6.571193974375793,13.265908150771786,-0.12970232507858773,,222.47727272727272,18.65880681818182,15.181818181818182,6.754545454545456,11.063636363636364,2.0914285714285716,,256.8181818181818,257.68595041322317,17.96272727272727,23.522231404958678,,11.154545454545454,11.872727272727271,11.71818181818182,10.954545454545457,,,,,14.090909090909092,12.272727272727272,11.20909090909091,,,,,4.190909090909091,5.70909090909091,6.654545454545456,7.518181818181818,,,,,6.9,6.854545454545455,7.518181818181818,,,,,7.545454545454547,8.68181818181818,9.10909090909091,9.190909090909091,,,,,10.5,9.609090909090911,9.345454545454546,,,,,,,,
0,2021.0,7.461230388109,4.617588769611891,0.11528351224883016,8.40415535035307,1.3391402714932126,287.69546442151,38.15159448394743,11.840169281585466,35.903832456495344,95.66712992889464,3.921325051759834,3.326388888888889,3.7350649350649348,27.744469283896766,17.163639933166248,2.226140350877193,17.558379281537178,4.910342522974102,8.132999164578113,1.9634670008354222,-11.02971261487051,21.765081871345032,239.7,2758.576814695916,410.4377493734336,12.9,31.315,4.80589791144528,11.672676106934002,-2.0119882205513786,,255.625,15.24333333333333,17.216666666666665,8.433333333333334,12.85,1.9600000000000002,,256.7532467532468,247.53246753246756,18.231168831168834,24.766233766233768,,11.766666666666666,12.966666666666669,12.133333333333336,10.65,,,,,16.116666666666664,13.066666666666668,11.0,,,,,4.7,5.933333333333333,6.483333333333334,7.033333333333334,,,,,7.599999999999999,6.966666666666666,7.133333333333333,,,,,8.233333333333334,9.55,9.266666666666666,8.816666666666666,,,,,11.75,9.9,9.05,,,,,,,,
