,YEAR,DP01,DP10,DP1X,DSND,DSNW,EMSD,EMSN,EMXP,PRCP,SNOW,DYFG,DYTS,AWND,CDSD,CLDD,DT00,DT32,DX32,DX70,DX90,EMNT,EMXT,EVAP,HDSD,HTDD,MNPN,MXPN,TAVG,TMAX,TMIN,WDMV,WDFG,WSFG,HX01,LX01,MX01,DYHF,TSUN,WDF2,WDF5,WSF2,WSF5,PSUN,HN01,LN01,MN01,HN02,HX02,LN02,LX02,MN02,MX02,WDF1,WSF1,WDFM,WSFM
0,1960.0,9.147669433413235,6.741113615493781,1.0980406187017757,0.8086042910860428,0.3185430951854309,18.492560642925607,17.900412888004134,35.34132806816691,105.75589899884322,36.51992921919929,5.221476671476671,2.9159958097458096,,377.04075428790617,72.20345836412909,0.04334811529933481,7.402118748460213,0.4568951712244395,18.047031288494704,3.6623768169499877,1.1464224562700172,29.17750061591525,105.96402116402116,908.5990757751733,162.90271649421038,,,15.23538999753634,21.62445469943336,8.854916851441242,1638.7142857142856,223.82386363636363,17.661742424242426,,,,,,,,,,,,,,,,,,,,,,,
0,1961.0,10.710797927430992,7.753303338686402,1.3551671670623284,0.1930963773069036,0.08079289131920711,3.9141490088858504,2.9053998632946,39.25607132674673,126.09091101103199,4.907040328092959,6.118727138494581,3.666700439040865,,358.0524288674289,66.668764658075,0.004284221525600836,5.088540578195751,0.22361546499477533,17.800940438871475,3.2172413793103445,0.8504156507604784,29.040386624869384,101.60925925925926,839.3481331168831,142.23878439568094,,,15.698575989782888,21.991285266457684,9.401987228607918,1821.0704545454544,200.95454545454544,18.575000000000003,,,,,,,,,,,,,,,,,,,,,,,
0,1962.0,10.227449289644412,7.6731625195039825,1.4423872875092387,0.24228956228956225,0.13326599326599325,5.077306397306398,5.228956228956229,38.443387123265175,128.7515774682307,9.577777777777778,6.399602552619794,3.5200595238095236,,381.92931929524525,70.96797348484849,0.05833333333333333,5.872011784511784,0.3223063973063973,17.940204124579125,3.1024621212121217,0.7761805555555554,29.060388257575756,103.71174603174603,780.1884401468099,149.0898127104377,,,15.677164457070708,21.886293034511784,9.42756071127946,2023.0,226.63636363636365,17.23181818181818,,,,,,,,,,,,,,,,,,,,,,,
0,1963.0,8.340054291650038,5.899561726689385,0.9545899726750792,0.420192470927765,0.2115737203972498,8.133568882098293,10.977597402597402,34.935136906041166,92.0654115368477,16.972230710466004,6.467054309327037,3.119298941798942,,321.52662659200706,58.5623576571183,0.06286266924564796,6.529738878143133,0.32313561143348374,18.40076179730435,2.774308817659881,0.23649469620214303,28.467483228945998,125.3916666666667,1027.2472176449596,156.43688887353784,10.135,21.610000000000003,14.98545222744159,21.64222249086611,8.325055812686132,1979.6060606060607,238.8939393939394,19.57405303030303,,,,,,,,,,,,,,,,,,,,,,,
0,1964.0,9.6635508142651,6.898750773036487,1.3390084518655947,0.1604755538579068,0.0963903743315508,4.267102750190985,3.2809173669467784,44.906416975881264,119.6991726448155,7.084794372294372,16.236363636363635,3.1102167993297027,,363.10210031347964,60.921821207466365,0.005865102639296188,5.864416049899922,0.09481915933528835,17.594260578131546,2.2075059349252895,0.6702599730019085,28.395040031652933,111.38796296296294,993.2746969696968,149.22911860540893,12.31145622895623,26.176325757575757,15.372060024205185,21.742074221477445,8.999197667923475,1958.851851851852,202.56277056277062,18.633982683982687,,,,,,,,,,,,,,,,,,,,,,,
0,1965.0,8.819833224329626,6.0957415885473445,1.0917084514206816,0.23644717855244168,0.10444292549555706,5.955574542416647,4.997812713602187,34.61307426785844,97.03334677712377,6.984688995215311,16.187878787878788,4.4331569664903,,362.5685984848485,65.99985167464114,0.021626794258373206,6.036057947900053,0.14196172248803826,17.788755980861243,2.460518341307815,0.6326180223285486,28.40099362041467,110.17832323232324,862.0603112648222,148.26125757575758,13.69225974025974,25.665652597402595,15.518627990430621,21.97492503987241,9.108825438596492,1522.726818181818,242.49663299663302,20.87121212121212,,,,4.114876033057851,13593.818181818182,,,,,60.3909090909091,,,,,,,,,,305.9090909090909,13.163636363636364,,
0,1966.0,9.04478417266187,6.341292420608967,1.0881476636872318,0.4180430256766135,0.07760043179890508,9.969951422623177,3.7861901457321303,36.909560351718625,99.50954309279848,5.881263011797363,17.846153846153847,3.872561327561327,,332.3367542898868,60.575133784655065,0.008704061895551257,6.31607027724049,0.12458628841607566,17.746631205673758,2.653315065549108,0.4523699763593381,28.680680743606274,108.45507936507936,906.5692331478045,149.97534144637865,12.819052597402598,24.995404906204904,15.252446136900923,21.754656619385344,8.768232108317214,1503.6207575757576,206.0,20.595151515151514,,,,3.8212121212121213,13108.363636363636,,,,,57.44545454545455,,,,,,,,,,321.8181818181818,13.054545454545456,,
0,1967.0,8.813835821987995,6.42949604743083,1.1548620260576783,0.16497802452000923,0.09883568509522707,5.7486930372426555,6.490816562572287,37.35523806909677,103.03311100131752,7.712190608373814,17.629370629370626,3.8308360700602084,,294.64076346801346,51.384410058027065,0.020309477756286262,5.90773464124528,0.12611218568665375,17.961491434097816,1.4220652574375978,0.40601374689140646,28.94954510914617,106.75293650793651,906.4397101449274,146.20843937091277,11.848028571428573,24.71875064935065,15.05382251466028,21.668772520033162,8.422568642350559,1490.6166305916306,247.47878787878787,18.061515151515152,,,,3.8023809523809526,14176.363636363636,,,,,62.87272727272728,,,,,,,,,,324.54545454545456,13.5,,
0,1968.0,8.363669786096256,5.946440508021389,0.8565842245989305,0.17465672348484848,0.13389559659090908,8.232966382575757,8.88504971590909,31.75864639037433,85.70593081550803,10.76883877840909,16.65034965034965,4.221380952380953,,338.0692591885239,65.01959576564415,0.002932551319648094,7.064963381898866,0.16930596285434996,18.61058278638924,3.344737699576409,0.7160299228847617,29.167022878555134,116.19380952380952,1004.165691396726,156.98344330400784,13.920158730158732,25.5947012987013,15.232842034011389,22.06089510310478,8.449602410433055,1488.760606060606,219.33636363636364,16.366666666666664,,,,3.7545454545454544,14186.727272727272,,,,,62.37272727272728,,,,,,,,,,262.1212121212121,11.63939393939394,,
0,1969.0,8.912527448397014,6.471219440784659,1.269074806031328,0.5073471945734719,0.19150261741502617,19.864616972646168,15.450206444002063,40.32146757429366,109.87696969696968,24.46776524367765,17.024475524475523,4.495005989817311,,368.8101985370951,66.48496369949494,0.0,6.760279882154883,0.09943181818181818,17.495059974747473,2.816803451178451,1.336747685185185,28.156558291245798,108.39519480519479,945.9762204462204,158.14699679082491,13.984470995670994,26.319127272727275,15.172324705387206,21.528476378367,8.964919349747474,1448.0519480519479,218.0018939393939,16.22193181818182,,,,3.2578002244668913,15148.90909090909,,,,,66.4909090909091,,,,,,,,,,275.1515151515152,12.571717171717173,45.0,14.3
0,1970.0,8.879140671420082,6.245549242424242,0.9784852198455141,0.07975852272727271,0.06515940656565655,2.270596590909091,3.0725931186868687,36.35884618241236,95.3730620543672,3.611371527777778,19.231404958677686,3.739093314093314,,406.5546855599181,74.75240469208211,0.022580645161290318,5.258737916802433,0.11094819159335288,18.7009395025524,3.626251764961442,0.8582790268274141,29.268132942326485,112.09832683982684,968.2708166833166,134.72907516020422,14.20331111111111,26.466280303030306,16.256420712501356,22.839602856522212,9.690557782122298,1487.0061688311687,244.7962962962963,16.41851851851852,,,,4.584415584415585,14396.181818181818,,,,,63.74545454545455,,,,,,,,,,271.5151515151515,12.342424242424244,,
0,1971.0,10.127007010402533,7.3194218302427245,1.29640245740992,0.23481691919191922,0.17457978219696968,12.078424873737372,13.416706123737374,38.78711292024725,118.12576002562943,15.953708964646463,18.19318181818182,3.657262653489069,,342.56569414381914,66.46364489751586,0.009992397089171282,4.889869509224348,0.16737265124361897,19.70091506462474,1.9383919843597264,2.5416212819438626,29.22107499728467,108.00419047619047,854.6302983321588,127.09580443451412,14.312653679653678,26.135441558441563,16.289398377011285,22.53223832410123,10.043962078542725,1527.7170707070707,224.0,18.998636363636365,,,,4.659740259740261,15366.0,,,,,67.77272727272727,,,,,,,,,,341.8181818181818,12.881818181818184,,
0,1972.0,10.333357832051863,7.237882556912408,1.3477875772651893,0.10740214646464645,0.10640782828282827,3.9283775252525253,5.671385732323232,39.26992612694105,116.33194689431629,7.497695707070706,19.24675324675325,3.4969373538339052,,273.9969693852101,56.24924090107424,0.0010101010101010099,5.135185185185185,0.08139730639730638,18.289444444444445,2.237351290684624,0.7701652637485972,28.874015993265992,122.51833333333332,768.0138783180643,142.2341435385602,13.101811688311688,25.936924242424244,15.441310886644219,21.809718462401797,9.104083585858586,1500.624393939394,191.76136363636363,15.323295454545455,,,,4.033333333333333,14906.181818181818,,,,,65.36363636363636,,,,,,,,,,325.45454545454544,14.545454545454543,,
0,1973.0,9.553319454082812,6.803905466882567,1.2855520857429255,0.22055944055944054,0.13504317989050812,9.159300699300697,11.560449919037705,40.32051141182821,113.12282346364408,14.625503122831368,19.779220779220783,3.5505161505161507,,333.59368461985343,74.47746074879227,0.006916996047430829,4.987845849802372,0.15290678524374177,19.75740008783487,2.5928771409749674,2.279059892402284,29.30635210803689,115.91920634920635,722.4738641282959,124.64289141414142,13.64178412698413,25.966980952380954,16.564758316864296,22.930892594422488,10.190285133948178,2100.0977272727273,198.1818181818182,15.859090909090911,,,,5.237734487734488,12372.0,,,,,55.536363636363625,,,,,,,,,,330.0,13.409090909090908,,
0,1974.0,10.035602781057326,7.266440377804014,1.141769425860335,0.10915306915306915,0.07996503496503496,3.2563092463092462,5.116958041958043,35.78216548602913,110.59417595872142,6.156975524475524,19.33766233766234,3.7706975414522583,,307.5344073647871,59.64128607503608,0.0,5.6931727994228,0.04357707509881423,18.594718536294625,1.8738695181629963,1.5244945965869878,29.252530546144676,123.01167676767678,710.9295395818652,140.52371855197944,13.230116017316016,25.600893795093793,15.702169360530775,22.252589924869817,9.19488227382521,2212.521818181818,264.67803030303025,17.185227272727275,,,,4.335714285714286,13733.454545454546,,,,,61.47272727272728,,,,,,,,,,319.09090909090907,12.47272727272727,,
0,1975.0,10.262922788490968,7.284110039791857,1.4218262167125804,0.0768958818958819,0.09668609168609169,2.741161616161616,4.2237237762237765,39.186838269054185,119.4939193067034,5.634327894327893,20.753246753246753,4.167460317460317,,354.64355243484766,71.63648244348244,0.00303030303030303,5.270953984287318,0.06558996558996559,18.924383949383948,3.4234440163011586,1.9323748597081933,29.518749980178548,128.10455555555555,810.7661646431474,132.59371015712682,13.645,26.116911111111108,16.237503928170593,22.53083439972726,9.818370482603816,1976.9,230.02525252525254,17.61641414141414,,,,5.542857142857143,13158.0,,,,,58.14545454545453,,,,,,,,,,272.72727272727275,12.88181818181818,,
0,1976.0,8.478301575939373,6.064313551715126,1.0560498119553239,0.054330735930735924,0.03917575757575757,1.3725956709956708,1.6547844155844156,35.151875901875904,96.57670041244845,2.155522077922078,17.441558441558442,3.0283988957902004,,310.3367041847042,56.4503633039869,0.0020429009193054133,6.146538823224216,0.0592100783112019,18.632932859899153,2.130189535807513,0.36522933994844103,28.96556127081408,128.61200000000002,854.1312117894878,143.06240344861132,12.809988095238094,26.22883333333333,15.384187537493716,22.255248775880798,8.589767478152309,2149.4,258.3409090909091,17.63477272727273,,,,3.846031746031746,14118.0,,,,,62.44545454545455,,,,,,,,,,340.0,11.863636363636363,,
0,1977.0,9.150957684291019,6.221904021904022,1.1117783451116785,0.07992094861660078,0.05549407114624505,1.6964426877470355,2.043557312252964,41.99340844340845,105.05947385947387,2.559367588932806,18.35064935064935,3.5069304152637484,,393.10826420454543,79.99785540591095,0.016498316498316498,5.233361391694725,0.12663673774784887,19.361990273101387,4.474036662925552,0.9388131313131312,30.30999127073201,142.5375,914.4311833057203,130.4083919441327,15.704958333333332,27.584826388888885,16.504137548322735,23.057936026936023,9.92204797979798,2040.6314285714284,277.72727272727275,16.236363636363638,,,,3.9326530612244897,12359.454545454546,,,,,54.61818181818182,,,,,,,,,,324.54545454545456,11.054545454545451,,
0,1978.0,8.782964601769912,5.936727898453562,1.0018637704478413,0.29459459459459464,0.1904995904995905,6.756101556101556,8.598443898443898,34.87095646732814,91.98343836596048,12.482555282555282,17.45050505050505,4.511516203703704,,341.0134748917749,75.95193551367332,0.012416851441241683,5.664954422271496,0.20449618132544964,19.153365976841584,3.9225763734910077,2.4923327790096086,29.513198755851192,128.97194444444443,946.2703436840936,142.1518305001232,13.59683035714286,25.14933333333333,16.03059251047056,22.42640548780488,9.574163587090416,1909.6978354978353,292.1363636363637,14.73818181818182,,,,4.345238095238095,13617.818181818182,,,,,59.99090909090909,,,,,,,,,,289.09090909090907,11.181818181818182,,
0,1979.0,9.465738465738466,6.757612157612158,1.4406042406042407,0.34705773329626544,0.19132610508757295,8.506366416458158,13.902668890742286,43.314438984438986,121.79411047411048,25.480233527939948,19.80519480519481,3.6390294312169313,,302.37174708393457,60.09937891573968,0.012773302646720367,5.313748698558825,0.20515918680475642,18.78441284453943,2.1056441448846512,1.4338829524905474,28.462320127130255,119.24514285714285,799.5331032856034,138.90605037718962,13.694805555555556,23.89701388888889,15.626730565145124,21.971984601895997,9.225378230770636,1897.3444444444444,257.97727272727275,17.35318181818182,,,,3.5971655328798184,12049.09090909091,,,,,53.60909090909092,,,,,,,,,,321.8181818181818,12.563636363636364,,
0,1980.0,8.52730592907584,6.003480442860974,0.93077360201254,0.6014482968611409,0.37088976263288187,22.096763837589524,23.42316348279651,32.63441788300196,90.61264477901645,34.346851873916094,18.781818181818185,3.78975468975469,,402.31737987012986,73.42701155326155,0.040001665001665,6.023620823620824,0.5165852665852666,17.77507215007215,4.60920560920561,0.6260183335183335,29.74426101676102,142.13761904761904,876.0373330527499,157.56211112961114,15.694241071428571,26.34388888888889,15.491260614385615,22.071681013431014,8.97371856846857,2075.4084848484845,271.6363636363636,16.90727272727273,,,,4.078787878787878,14283.272727272728,,,,,62.58181818181818,,,,,,,,,,340.0,11.936363636363636,,
0,1981.0,8.523275078830634,5.7553604831382605,0.9466864411308856,0.19012237762237763,0.11087801087801087,7.049213286713287,8.106177156177155,33.18352078990967,90.21255120650952,11.1767094017094,17.618181818181817,3.600406273620559,,352.9701124885216,68.20388285991025,0.0515970515970516,6.461083811083811,0.23756142506142505,17.619567294567297,3.2848143598143604,0.16084844584844601,29.123572549822544,136.24873015873015,1013.3412110232761,155.7807732906363,13.388087301587301,24.907902777777778,15.187961116961118,21.793477784602786,8.571614387114387,2027.412337662338,270.72727272727275,16.130909090909093,,,,3.660606060606061,13196.181818181818,,,,,58.6,,,,,,,,,,298.1818181818182,10.927272727272726,,
0,1982.0,10.267970472923304,7.058676046176045,1.1417275858313594,0.09541569541569542,0.08601398601398601,4.204205516705517,5.679895104895105,36.62118336328242,106.8865380217267,7.438111888111887,7.626943542568543,4.1365923674434315,,330.22687235996324,65.28331193883277,0.0,4.05449835658169,0.038159371492704826,19.28205968414302,1.8153173601090264,1.9374558080808078,29.147839706589707,126.64916666666667,778.5869160549595,112.99683947611032,15.505397727272726,26.47768308080808,16.572971691117527,22.58178838985089,10.170808015672598,1807.903492063492,272.27272727272725,17.29090909090909,,,,5.758181818181818,11276.727272727272,,,,,49.48181818181818,,,,,,,,,,338.1818181818182,11.499999999999998,,
0,1983.0,9.124911963673432,6.705634324900379,1.3631475303493652,0.2116598679098679,0.1553222703222703,6.847047397047397,9.906531986531986,38.51845843758688,115.45302914465759,14.949822029822029,6.19584521169887,3.289094432699084,,294.60517857142855,71.56212202507977,0.06884336320956037,5.225483202243765,0.3505802491717984,17.53349897363982,4.359651850496921,0.583263317277402,29.20533941019857,136.2615,649.2082709447415,138.68762301079204,15.361431818181819,25.666500000000003,15.880528839704894,22.18024270877792,9.129417566002074,2072.3935064935063,255.6818181818182,17.54090909090909,,,,3.6836363636363636,13070.727272727272,,,,,57.1,,,,,,,,,,312.72727272727275,11.336363636363638,,
0,1984.0,8.916942573887018,6.301307386029608,1.2851344129121909,0.14199689199689197,0.10253496503496502,4.556434537684537,5.388548951048952,38.47056965154188,110.12692857810914,8.648863636363636,7.156968622394155,3.8950569358178058,3.209090909090909,298.78185562521764,71.35083053878829,0.009631526532934982,4.583937971261915,0.14071702944942382,18.836569416498996,2.8250721500721503,1.4723324797268458,29.51288066784546,130.9865873015873,761.6204860580596,118.51731362925025,14.947812499999998,26.681094426406922,16.635893024815562,22.861268911448487,9.920952304737517,2096.6638095238095,244.09090909090912,17.117954545454552,,,,5.22564935064935,12756.09090909091,,,,,,,,,,,,,,,325.45454545454544,10.609090909090911,,
0,1985.0,8.389880783806019,5.7590733772976765,1.1400392442448517,0.09077311577311577,0.07027972027972028,2.7992424242424243,3.5331293706293705,35.161886758101716,96.99038747260968,5.461451048951049,6.353745529832486,3.3291908633372045,3.227272727272727,368.8735378787879,76.88515080381276,0.024455825864276567,4.512351889112453,0.22946619108590943,20.239246082555944,3.536789931508242,1.6324573704855396,30.31815260248359,137.53866666666667,659.2867265943012,108.35378320427617,16.77819191919192,28.123914141414144,17.106155884803773,23.32166199723594,10.396622106375627,2134.3860028860026,265.2272727272727,16.33409090909091,,,,3.771428571428572,12857.454545454546,,,,,,,,,,,,,,,304.54545454545456,10.890909090909092,,
0,1986.0,8.933848690991548,5.987642410499554,0.847778464921322,0.058289202706678436,0.06592870452093753,1.850301559282142,2.6376115524173778,31.140962962962963,88.52220078334365,3.849328233794253,7.648989898989897,3.6601773549447962,2.853030303030303,367.10485645933016,83.27716663618071,0.00505050505050505,4.287811648228315,0.07954545454545454,19.065125962000963,4.704741362033029,1.588208072791406,30.521616963283634,140.43249999999998,698.4076616915422,118.975644472898,15.299736652236653,26.940108946608945,17.116577622299456,23.222584265271767,10.422377585377586,2259.5021645021648,257.6136363636364,15.875909090909094,,,,3.966666666666666,12697.90909090909,,,,,,,,,,,,,,,329.09090909090907,11.21818181818182,,
0,1987.0,8.764750223321652,6.067008520579949,1.0800872672301245,0.2534961263116603,0.1443071491615181,8.16232470334412,9.673698146513681,36.122566309352024,97.77705050505051,14.499646954986762,6.679785353535353,3.9990998838559815,2.9431818181818183,339.5281945831946,78.78038956097174,0.0012453300124533,5.792841329142699,0.13365158433651583,18.172467828974675,4.200788709007887,2.5816906837454785,28.726334578663344,138.8707857142857,731.977867759225,137.1814350451679,14.40942760942761,25.73559595959596,16.235611802961117,22.64667801300678,9.710075307873254,2158.864090909091,286.8181818181818,16.545454545454547,,,,3.307482993197279,12734.90909090909,,,,,,,,,,,,,,,342.72727272727275,11.245454545454548,,
0,1988.0,8.664643964396438,6.015641564156415,0.8256600660066007,0.08130802979287828,0.05417814508723599,2.0765738189980616,2.182736455463728,30.28267676767677,84.69030878087808,3.341597796143251,6.296614796614797,4.034702380952381,3.159090909090909,262.22782954545454,69.1621056998557,0.01038961038961039,5.908971861471861,0.14517316017316018,17.389296021438877,3.5916640898783756,1.2946356421356422,29.18167058338487,144.29618055555557,727.7864412254412,137.65692346938778,15.389388888888888,27.35038888888889,15.891972773654919,22.2107086270872,8.761363399299112,2635.8262085137085,248.40909090909093,17.093181818181822,,,,3.0378787878787876,14415.272727272728,,,,,,,,,,,,,,,309.09090909090907,11.490909090909092,,
0,1989.0,11.05395238095238,8.164266955266955,1.5970822510822513,0.42999970550990957,0.2621837912654239,12.111133934093118,16.396575816473778,41.61981515151515,135.94423546176046,25.64754284830816,7.623901515151516,4.1137322472848785,3.215909090909091,336.9506547619048,69.754188580905,0.07297875232657841,5.888301754606101,0.702992074260731,17.991441063082856,2.5027643169434217,0.5985231193926847,29.543837522344987,139.29083333333332,685.9514381099127,151.74974747474747,16.720625,27.695375,15.357231962481961,21.30796442032263,9.218312232051364,2387.2883597883597,270.77272727272725,16.74318181818182,,,,3.3616264687693262,12282.727272727272,,,,,,,,,,,,,,,315.45454545454544,11.436363636363636,,
0,1990.0,8.688910975645669,6.005848573195513,1.211175898931001,0.021018263442505864,0.012039587797163557,0.6292215080093869,0.4961738598102235,38.09657684718909,104.84501712653227,0.5982042648709316,7.57551247771836,3.8282227032227034,2.9477272727272723,353.15917333714503,76.17091145833334,0.0014204545454545453,3.63668492965368,0.04752066115702479,19.610837268791816,3.9020070838252656,2.4867048836580086,30.536752754820938,135.48068783068786,690.8786436988937,107.98455340232684,14.4255,25.7855,17.150304941152598,23.56209797651843,10.469071293290042,3020.35,251.86363636363637,18.02,,,,2.8285714285714287,12501.9,,,,,,,,,,,,,,,321.0,11.13,,
0,1991.0,8.945416684525595,6.151137256582801,1.0657644335862158,0.0534435261707989,0.03801652892561983,1.6823691460055097,1.9898989898989898,35.21913880673781,98.00398954181132,2.729201101928375,7.125112233445567,3.608731322441,2.7750000000000004,416.38550028587764,84.97928615155888,0.01300887664524028,4.189607656653111,0.08826128936423053,18.949464710126477,3.541814149902385,3.2440012680921773,29.834535533910532,128.5288888888889,617.5827587412588,113.57071073286983,15.384388888888887,25.259500000000003,17.27964860728497,22.845722789873523,11.000879050242686,2346.1707070707075,260.0,16.736363636363638,,,,3.3482993197278916,12669.818181818182,,,,,,,,,,,,,,,315.45454545454544,10.727272727272728,,
0,1992.0,9.825954254079253,6.618932109557109,1.333442599067599,0.057053376906318086,0.0577465834818776,1.7674093879976234,1.9368439294909883,38.90346032439782,110.71189733877235,4.34383046147752,8.130555555555556,3.317063492063492,2.9,274.3323006379585,62.71232651187197,0.0030303030303030303,4.851887380296472,0.174931129476584,17.01410041978224,2.3842696444969174,2.008302013642923,28.38092024137479,126.94,703.8734392892053,136.17475157418338,15.129829545454546,23.94227272727273,15.744832207354937,21.56374315120906,9.66143983121256,2400.8511784511784,251.8181818181818,16.854545454545452,,,,3.572356215213358,13337.181818181818,,,,,,,,,,,,,,,334.54545454545456,11.281818181818185,,
0,1993.0,8.431187852551489,5.89859372950282,1.0661570247933887,0.33510969483191705,0.17420339761248851,14.367730212174656,13.914368686868688,34.227615636888366,94.96508093926278,19.420734618916438,6.6167798110979925,3.242365620490621,3.059090909090909,379.77961952861955,78.84556055452482,0.030591630591630586,6.039812409812409,0.287708066581306,17.59254517000996,4.500668658415138,1.9497326839826843,28.996470337174564,151.00694444444443,785.4757641633729,149.45060941043084,16.062777777777775,27.263555555555552,15.853654859822717,22.13812996158771,9.43956717171717,2561.2141414141415,280.6818181818182,18.225,,,,2.8469387755102042,15938.272727272728,,,,,,,,,,,,,,,337.27272727272725,11.745454545454548,,
0,1994.0,9.471517756934423,6.6182526321415205,1.1479016354016354,0.036535162950257286,0.02641509433962264,0.6014579759862779,0.7589193825042883,39.00209372160761,106.04062687055742,1.2748713550600341,6.984789758045571,4.061951447245565,3.1431818181818185,298.93018578643574,63.09564208754209,0.001212121212121212,4.152614718614719,0.16045021645021643,18.64098701298701,2.3025892255892257,3.2877574795574795,28.766365752765754,136.16555555555556,679.0920163823105,122.67300808080807,14.146227272727273,24.489545454545453,16.213185743145743,22.323156613756613,9.910095122655122,3147.272727272727,248.86363636363637,17.61818181818182,,,,3.357142857142857,15006.545454545454,,,,,,,,,,,,,,,313.6363636363636,11.172727272727272,,
0,1995.0,9.101517212945785,6.625398543255686,1.3441187384044526,0.161437908496732,0.09272533022533022,3.006298276886512,2.9037684537684543,40.03074314574315,115.2379785954786,6.515928515928517,5.907762607762608,3.7221456994184265,3.1704545454545454,342.6150392960214,70.79828066378067,0.04271284271284271,5.617683982683983,0.31343434343434345,18.03271645021645,2.988383838383838,2.3953556998557004,28.791853896103895,144.1589285714286,744.9508449096509,142.28169877344877,16.27,27.026666666666664,15.654749783549784,21.68161966089466,9.383300216450218,2369.177272727273,263.8636363636364,18.970454545454547,,,,3.85,13179.727272727272,,,,,,,,,,,,,,,298.1818181818182,12.327272727272726,,
0,1996.0,10.304961732167614,7.1428037376566795,1.2875452706335058,0.2677685950413223,0.18466483011937557,5.171992653810835,5.8403122130394864,43.870127111450635,122.12773731714907,11.988154269972451,6.157939863753817,3.406441398108065,3.2159090909090917,291.13757395382396,67.42897276334776,0.07857744107744108,5.745545735129069,0.5301255801255801,17.44621212121212,2.613240513240513,0.7777847923681258,28.98263718263718,132.08214285714286,766.306343365629,147.72614858906525,17.45205357142857,27.38784722222222,15.418784231200895,21.488388001638,9.247368195847363,2837.181818181818,262.3863636363636,20.635227272727274,,,,4.775432900432901,11537.2,304.2857142857143,307.1428571428572,12.314285714285717,16.1,,,,,,,,,,,330.0,13.55,,
0,1997.0,9.044924030218148,6.298969385734091,1.0025630959454488,0.09228650137741047,0.06446280991735537,3.8821854912764002,3.560330578512397,33.499490387063915,96.9596276490394,5.7129476584022045,4.215651960332812,2.774774750994263,3.1,262.82778619528625,58.28045550745551,0.0,4.4328556998557,0.12231545510766291,16.276110361499974,2.9112680609433856,1.9824281385281386,28.555262785554994,150.38875000000002,595.580298573975,141.6934337181337,13.960999999999999,25.86063636363636,15.413024723424723,21.464560221884895,9.147104593554594,2751.8954545454544,225.9090909090909,18.436363636363637,,,,2.881818181818182,,325.45454545454544,318.1818181818182,13.42727272727273,16.863636363636363,,,,,,,,,,,,,,
0,1998.0,9.404738058551617,6.12599512069851,1.1830401472350625,0.416916740217711,0.041924095322153576,8.346474453270568,1.616504854368932,40.03680234548878,105.57324002739257,3.315975286849074,4.285558191808192,2.915897817460318,2.814074074074074,377.4113270308123,77.20824628083557,0.005735930735930736,3.6890873015873016,0.23638740344622697,18.48059714795009,4.479304812834225,2.7170845358345357,29.596769459298873,134.87272727272727,635.2821476190476,127.33535911839482,15.99340909090909,27.681515151515157,16.54937893819144,22.498866696375522,10.519110664467807,2690.9696969696975,175.4545454545454,19.59090909090909,,,,3.2399999999999998,,242.0405982905983,230.68667443667442,12.953205128205127,16.514491064491065,,,,,,,,,,,,,,
0,1999.0,8.777700736175312,5.940748587570622,1.1096623009758604,0.13254697042575828,0.07897153351698806,2.770194003527337,3.5328129782675237,42.939676211265194,109.21212378017465,5.985338230792776,4.316472475515029,2.6880552418595896,2.9330481283422465,361.0407682458387,67.32926131058484,0.00106951871657754,4.838476360241065,0.11512802443035001,18.228981677237492,3.2795953723279303,2.83439937186996,29.19330132722575,134.00535714285712,660.3977790563866,130.97576517273572,16.254444444444445,26.927166666666665,16.128439818351588,22.337428441390653,9.84745387488329,2626.880681818182,,,,,,3.799278499278499,,201.66844919786098,203.84491978609623,13.433957219251337,17.673529411764704,,,,,,,,,,,,,,
0,2000.0,9.096784629101702,6.090506692945717,0.9598555238799141,0.20755078255078255,0.09607371794871794,5.0030636030636035,5.8067567848817845,31.202373884020226,91.65213282652307,6.962613428238428,4.415455800238408,3.5501867413632118,2.854366028708134,347.981806932103,66.63882091592617,0.007655502392344497,5.597263993316626,0.19145135566188198,18.162897774739882,2.700971747550695,2.016396331738437,29.097361130097973,131.91250000000002,699.8167037903955,147.25282414369255,14.130714285714284,27.43801587301587,15.53538589655958,21.780113256626418,9.246969112174376,2781.222222222222,,,,,,4.367388167388167,,235.53628389154704,234.1726475279107,13.213516746411484,17.692125199362042,,,,,,,,,,,,,,
0,2001.0,8.2279209505772,5.465444342983405,0.9249447601010101,0.07340696686491079,0.03500424808836024,2.4717077315208154,2.5917587085811387,32.18786385055916,84.28205478332431,3.8842820730671197,5.381829405162739,3.740410052910053,2.7584415584415583,283.19466997561824,64.6193193489517,0.0,4.511854186118892,0.07151911269558328,18.66898537192655,1.9881401550519195,2.7618643012760655,28.99308091418386,111.6,721.5928039713909,121.54007982485922,9.879999999999999,21.88409090909091,16.31457351880146,22.602589943553177,9.903237207509267,3261.1111111111113,275.0,23.10454545454546,,,,6.428571428571429,0.0,233.1578947368421,231.81818181818178,12.352153110047846,16.786124401913877,,,,,,,,,,,,,,
0,2002.0,9.029852378661902,6.194927162784305,1.0262282690854119,0.08435534591194968,0.03366685725176291,1.7055746140651802,2.149895178197065,34.673681142490665,96.40293519091138,2.7613874595006673,4.594181851739991,3.7287652270210407,2.9696536796536797,413.6194675995839,87.30435074264814,0.005485893416927899,4.664644598696324,0.09369775339602925,17.959816763696075,4.689259901975419,2.969249670348808,30.13940616136737,117.55555555555556,551.4313896987367,126.09788516320842,14.891111111111108,25.35333333333333,16.87152504416082,22.78135921717172,10.870596441633081,1275.9,233.1818181818182,18.154545454545456,,,,4.012987012987013,0.0,235.43540669856452,246.69856459330143,12.97334928229665,17.127751196172245,,,,,,,,,,,,,,
0,2003.0,11.128461815961817,7.773025863025863,1.668647186147186,0.4229017447199266,0.10468909276248725,10.627134986225895,5.506625891946993,44.025455877455876,138.9493096903097,8.639848021499398,5.421495062671533,3.821630741943242,2.941904761904762,295.4539838251318,66.41394757473496,0.002911931818181818,4.7118853152056275,0.14248436748436746,18.251470127632917,2.0820133785250063,3.475969347492785,28.387526650782466,131.72857142857146,644.432010602392,128.25040324504891,16.285000000000004,26.965000000000003,16.055878948525432,21.739648201281923,10.297265109239719,1228.8,229.0909090909091,19.331818181818186,,,,5.246753246753246,0.0,222.80502392344496,231.73444976076559,13.388540669856457,18.875358851674637,,,,,,,,,,,,,,
0,2004.0,9.775151462099991,6.690353641456583,1.2299229161361513,0.23758956019825583,0.13824016022291882,5.814097496706191,7.736019679554162,37.91598957007045,114.31485474492828,11.096773772204807,6.13099704528276,3.868631436314363,2.783205741626794,355.88228385899805,72.57730137664446,0.0067020570670205705,5.330032599193183,0.20790199009623467,17.794172973309664,2.2673855720618312,2.4372765191013364,28.58086063616639,142.125,666.2187896676327,133.36111916874688,17.178888888888892,28.50222222222222,16.1476352471535,21.889963317657564,10.296339221200535,1367.625,222.2727272727273,19.622727272727275,10.6,0.0,4.2,4.6873015873015875,0.0,237.70334928229664,241.62679425837322,13.360334928229664,20.28086124401914,,7.2,-0.6,1.9,,,,,,,,,,
0,2005.0,9.64223233304866,6.459102197877708,1.0665088690598894,0.131528729363375,0.07091982820329278,2.9458786401699784,3.0717353512629106,38.71239403264914,104.5073602644521,5.880946415788934,5.85887518037518,3.6950066137566133,2.9057416267942586,342.61618422747887,75.30298231079266,0.0,5.3561942813655135,0.10928566553566552,17.319149994149996,3.5907155532155532,3.1515986429856295,28.702350922350924,158.81666666666663,621.3859364204819,139.06496586555204,21.203333333333337,31.96,15.999373994346598,21.939094248469246,9.933507617762755,1603.857142857143,235.0,20.145454545454548,18.322222222222223,10.488888888888887,14.633333333333333,4.48051948051948,,228.56459330143542,234.73684210526315,12.991387559808615,17.13732057416268,,15.977777777777776,9.38888888888889,12.77777777777778,,,,,,,,,,
0,2006.0,9.068420506434204,6.0398873767024455,1.2972375417580897,0.093841642228739,0.07289222873900292,1.979105571847507,2.126484604105572,43.77152421969203,111.56476217656012,4.888691348973606,8.88301971326165,4.333239962651728,2.7255000000000003,322.70910515410515,66.07256306996103,0.002473716759431045,4.8674303776344585,0.08510222067269047,18.107007999457664,3.1903699022826535,2.1063779191330214,29.401539508217358,203.4333333333333,674.9333602404279,130.02903532408632,21.336666666666662,32.125,16.025678453632537,22.393316068160026,9.566587488097692,1598.4,,,17.286666666666665,9.346666666666666,13.166666666666666,4.170560966810967,,231.8636363636364,216.4090909090909,13.486363636363635,18.292272727272728,,15.88,8.200000000000001,11.536666666666667,,,,,,,,,,
0,2007.0,7.337803218930669,4.528455422573069,0.8630022210904562,0.05749479528105482,0.03175370728562218,1.36294240111034,1.5974120639014255,33.103970670759885,76.62891936884772,2.33511712873415,8.316769073220687,3.4691865079365076,2.790836940836941,361.40674749263593,82.97398215838614,0.004784688995215311,4.63735759854181,0.10071049080789339,19.389374027848056,4.644988615280822,2.827550884787727,30.48167645846218,,615.8302456709957,117.111089704997,,,17.0087227277474,23.43003818097487,10.342083575415812,,,,19.444444444444443,10.011111111111113,14.822222222222225,3.8194227994228003,,216.65223665223667,229.06926406926408,13.065007215007213,18.171500721500724,,15.31111111111111,7.344444444444444,11.166666666666666,,,,,,,,,,
0,2008.0,9.747121953706536,6.261972663310994,1.040038655135015,0.1369351408825093,0.06647205779858842,4.046192185007975,2.9247617902379806,39.531851066492386,104.03311764537183,4.816032449535851,7.539365170694285,3.229102323878443,2.934793388429753,342.7036315943943,69.9963878742785,0.0028409090909090906,4.791553481240982,0.10605429292929291,18.097056727994225,3.247752976190476,2.304512716450217,29.28609018759019,,614.4162056277056,127.4608630952381,,,16.29011627886003,22.47727324359668,9.961251176948052,,,,18.07777777777778,8.399999999999999,13.644444444444444,3.206873934146661,,246.98209366391185,243.72038567493112,14.12728650137741,20.983140495867772,,14.377777777777778,5.733333333333332,10.088888888888889,,,,,,,,,,
0,2009.0,11.155408457755396,7.313955296404276,1.2705123391347881,0.4500000000000001,0.23364527629233509,14.525788945354162,21.062075506193153,38.01261821568454,118.06180375180375,25.622955802367564,7.809280071780072,3.504605933282404,2.801446280991735,343.72930582540823,71.54307177797745,0.007909281494187154,4.360294090954468,0.1674925354170637,17.87911709185294,2.6036415366604047,2.9585219898899147,28.997399715937455,,666.4739147780324,131.63809521540654,,,16.19245257607522,21.970417408587224,10.377395759027834,,,,18.33333333333333,7.666666666666668,13.411111111111111,3.3392332415059696,,227.0351239669421,236.60123966942146,13.100206611570245,19.48623966942149,,13.833333333333334,5.422222222222222,9.700000000000005,,,,,,,,,,
0,2010.0,8.611906163593279,5.642167733425402,0.9773999120624888,3.282282094124199,0.8111680165712424,50.7419002050581,41.47802948843271,39.0190762208707,95.6184792553996,78.58239352045804,5.763643213326757,3.2717221135029355,2.7459740259740264,428.6804483384263,87.21502069805194,0.010795454545454544,6.114350198412698,0.35992627164502167,18.515852047258296,5.217773944805195,3.3480916982323237,29.031016594516593,,858.5480455403182,149.57665940656565,,,16.155655174512987,22.407312389520207,9.869572540133479,,,,20.37,12.44,16.57,3.172244554387411,,231.61471861471858,241.7229437229437,12.782121212121213,19.490562770562775,,15.830000000000002,9.89,12.79,,,,,,,,,,
0,2011.0,9.271281800391389,6.121586337939078,0.9982828529917572,0.22781589479702688,0.055178546023616444,5.804459691252144,2.723268144218849,36.23347157979007,100.31060781873175,3.8648669796557122,5.983630445709099,3.483817266744096,2.826575276575277,406.7014272064271,84.22961884858438,0.0,4.3443915758570935,0.027244738020600085,18.987780514504653,4.817711598746081,3.733897347862865,30.40176860974275,,751.718934607513,119.08229841518634,,,17.00798690517656,23.50010445796222,10.619924059975784,,207.0,20.1,25.182222222222226,14.672222222222222,20.464444444444442,2.964095031952174,,240.7467532467533,229.94588744588748,14.016991341991346,20.373322510822515,,19.599999999999998,10.843333333333334,14.975555555555554,13.9,17.225,5.699999999999999,7.625,9.3,12.025,,,,
0,2012.0,10.599351439727027,6.753698904989983,0.9930336790665428,0.13729727983459325,0.05468830339519994,5.6870452930154425,2.3297380620656485,34.17419614205999,103.51631301458343,3.198108548539583,5.9358863358863365,3.5403513518645098,2.627705627705628,343.56514138837355,73.0055374311097,0.0021905805038335154,3.8026256541316785,0.04495557989533894,18.949057919991656,3.106747552982493,3.5258026260887707,29.932287113823257,,659.2229702501203,118.4371791494984,,,16.75151908065161,22.85521304916636,10.653231895112919,,,,21.820202020202018,12.4989898989899,17.43535353535354,3.3907647907647913,,213.4155844155844,230.29870129870127,13.404632034632035,20.49497835497835,,17.623232323232326,8.95050505050505,13.384848484848485,,,,,,,,,,
0,2013.0,11.30083451181882,7.182600099219216,1.3409210816129502,0.9674384538020901,0.23707684654889624,17.816545323363506,7.1477373558118895,40.12882730401632,126.12366729723031,17.03325087610802,5.963637276928416,3.4027708159287102,2.8264069264069263,280.5760052910053,64.1021856350097,0.002805836139169472,6.136907656815064,0.1348537965102382,16.431081188749904,1.602539416956595,2.3143279131705055,28.29239004860171,,851.7712526438554,153.60188456433823,,,15.270880992464328,20.995151189812233,9.489447982915575,,236.0,16.5,21.478409090909093,12.055681818181817,16.814393939393938,2.667857142857143,,220.22263450834882,216.14100185528756,13.093753865182437,19.058379715522573,,16.914772727272723,8.577272727272726,12.390151515151516,,,,,,,,,,
0,2014.0,10.480197704959286,6.69711139224082,1.2082321856163818,1.2382874196510558,0.37445339470655925,43.95713367440641,27.98729108444298,42.07372501287692,112.74115930793043,39.762380587064136,5.068586534992784,2.385100329439952,2.9163636363636365,310.6161247918748,70.55685151515151,0.002424242424242424,5.408984126984127,0.15439850889850887,18.03609595959596,2.593627224627225,2.927985954785955,29.076312554112555,,832.1494592780956,142.15099514189512,,,15.883789533429532,21.86966115199615,9.86558773929774,,143.4,15.0,21.603982683982682,12.49757575757576,17.486406926406925,3.4840367965367967,,220.3848484848485,222.1833333333333,12.66869696969697,17.567378787878788,,17.08017316017316,9.193333333333333,13.00121212121212,,,,,,,,,,
0,2015.0,11.31156480379588,7.525034254516327,1.4985931215014883,1.4477218274388084,1.2626125541125541,30.20759209344115,54.71993434343434,40.60051010963361,128.92594915465406,110.48982106782108,4.857428408836861,3.126190476190476,2.8989431818181814,407.9886479787048,83.23811055763112,0.030475992804759926,4.0350118108679744,0.39176179604261796,19.423587884718025,3.6833370396726557,2.958563546423136,29.62378113325032,,798.1266308456801,116.90929112554113,,,17.07531020824685,22.863014533791933,11.272147581490048,,295.0,16.400000000000002,20.356161616161618,9.26060606060606,15.623434343434342,2.7736111111111112,,206.71363636363634,206.4681818181818,12.586454545454545,17.181863636363637,,15.665050505050507,6.27919191919192,11.227474747474746,,,,,,,,,,
0,2016.0,9.616304252766703,6.160029430385162,1.1051609165245528,0.2740270350564468,0.05002594159897531,5.037212460741873,1.8641012857304993,41.091526216427404,109.86434348470198,3.882670201209527,4.726495109828443,3.330750360750361,2.9750454545454543,408.3481477688978,87.47868926528018,0.0031786395422759056,4.242348812803359,0.2520449247721975,19.307031857031856,4.257021261566717,3.897384988748625,29.842317051635227,,679.3869825957416,121.1586985993804,,,17.121003559571744,23.065890690117964,11.121106093401547,,198.0,15.2,22.673333333333332,12.726666666666667,17.51,2.3251336898395722,,226.85454545454544,229.7954545454545,13.598863636363637,18.76659090909091,,17.656666666666666,8.276666666666666,12.57,,,,,,,,,,
0,2017.0,10.028226916475045,6.493323959221715,1.1319796648350264,0.42043154761904766,0.1517415534656914,13.264205898268397,14.250651838582874,39.054364485611366,109.8852004419192,16.74289321789322,5.574370552818828,3.050544662309368,2.926409090909091,413.50840679522497,80.91352131886379,0.0012453300124533,4.503562780446342,0.11408779576587794,19.731124602186245,2.777229486647295,3.1753177321156776,29.76468399750934,,632.8036849103277,115.90353854098717,,,17.116284977959634,23.142142278953923,11.045163778192888,,178.0,13.9,20.280134680134683,9.116835016835017,14.693265993265994,2.928068632756133,,256.6409090909091,247.76363636363644,13.258409090909089,18.41654545454546,,15.252861952861954,5.552188552188551,10.461952861952861,,,,,,,,,,
0,2018.0,12.058067088771578,7.877709136250283,1.7253712759947173,0.8058172082268468,0.3442236917007559,28.820760096663708,22.715611223638746,50.0055702239711,152.61055097210894,39.74572428081602,5.870050955988456,3.6364534702769995,3.406869889369889,467.7016354401154,92.90260186782913,0.0,4.105560348742167,0.06420851875397329,18.185625485625483,3.8575399348126624,3.955948495948496,29.58218221172767,,810.7404176861786,127.64342569047115,,,17.11912095480277,22.73362134834862,11.561188831370648,,,,25.632424242424246,14.442424242424243,20.798787878787877,3.3303703703703706,,217.83030303030304,213.6818181818182,13.858999999999998,19.277530303030307,,19.955454545454547,10.413333333333332,15.796666666666665,,,,,,,,,,
0,2019.0,9.836883757832137,6.659622290474632,1.1765004703179973,0.06503507493606504,0.02092793377197047,2.2078100667209575,0.9904990269669168,40.08950548617715,113.76834953766773,1.3044968028912984,5.4462746083281806,3.2175705467372135,3.4185380116959054,484.1048844453607,89.42836848730465,0.0012894906511927786,3.7427159129286784,0.034243140626119356,18.802997042358744,4.767576473959452,3.4098530390019754,30.328028716752122,,739.3458735004631,119.85444086252598,,,17.2526748155312,23.22150078546355,11.28890435254265,,,,20.66818181818182,11.540909090909091,16.415340909090908,2.891851851851852,,236.54040404040404,229.33333333333334,13.73378787878788,19.111414141414137,,16.745454545454546,8.652272727272727,12.839772727272727,,,,,,,,,,
0,2020.0,12.072649915082975,7.7933171730610615,1.8035340516423168,0.2868020868020868,0.30397412664854523,5.494605394605395,10.670120082329385,51.49816878245284,148.87521753246753,22.071368446368442,5.85145584171008,3.456178402096769,3.452129186602871,375.7876114470771,77.36991658936302,0.0019480519480519478,3.8613556483199334,0.07642857142857143,18.34154504225933,3.0559523809523808,3.622882008864152,29.255480442176864,,700.7740342658999,120.50100621005978,,,16.849529323850753,22.484647866419298,11.24267901205937,,,,20.90284090909091,12.914772727272728,17.11931818181818,2.8961657390228814,,233.43434343434345,233.10101010101005,14.223737373737372,19.64489898989899,,17.75965909090909,9.846590909090907,13.963636363636365,,,,,,,,,,
0,2021.0,10.836165413533834,7.339072681704261,1.3055263157894736,0.30687285223367694,0.09011807975222609,6.778865979381443,4.51109175377468,40.62902568922306,125.38630130312994,6.666444057297715,5.455548469387755,3.1204014939309053,3.4887218045112776,133.81430821147356,71.8946488523467,0.0,4.706166495375128,0.09506680369989721,17.443199725933543,3.0623501199040764,2.307824597464885,29.184374785885574,,1154.5693493275173,145.90404933196302,,,15.642920863309353,21.54344433025009,9.775670435080507,,214.3333333333333,17.46666666666667,23.8,13.433333333333332,17.633333333333336,2.812925170068027,,233.88888888888889,244.84126984126982,13.043650793650793,18.003968253968253,,17.866666666666664,9.066666666666666,13.6,,,,,,,,,,
