,YEAR,DP01,DP10,DP1X,DSND,DSNW,EMSD,EMSN,EMXP,PRCP,SNOW,DYFG,DYTS,AWND,CDSD,CLDD,DT00,DT32,DX32,DX70,DX90,EMNT,EMXT,EVAP,HDSD,HTDD,MNPN,MXPN,TAVG,TMAX,TMIN,WDMV,WDFG,WSFG,HX01,LX01,MX01,DYHF,TSUN,WDF2,WDF5,WSF2,WSF5,PSUN,WDF1,WDFM,WSF1,WSFM
0,1960.0,5.456216223863282,2.767705769176357,0.24391652283809143,5.818211291250507,0.6164643635231871,45.25972611266729,23.800603844231293,13.941692154976467,32.10390492223826,41.417226890756304,2.3813907266737453,3.0016526610644263,,102.07103628023353,23.543953227931485,4.0120004391743525,15.099464207290293,6.842366836062489,11.107367463454418,2.0724000878348705,-11.87135595081247,23.917953729845035,157.5895,2164.903962088417,398.19293763724204,,,5.764876391241608,12.814327715038582,-1.1259718708827404,3027.660476190476,281.4848484848485,19.866161616161612,,,,,,,,,,,,,,
0,1961.0,5.406625465178097,2.873300438596491,0.13750996810207336,3.714390142021721,0.5034601180982761,30.044087966127442,18.332141670464036,12.14510649255715,29.201906731791603,33.785688653451814,2.3259436824857382,2.8383597883597886,,141.01586620926244,27.96304890520108,2.732647280255976,15.377301273605621,4.899572118702554,11.150931363322668,3.106388104648974,-9.444889767237592,25.29946530522618,173.196,1977.3187336669448,373.07225848547586,,,6.637599024405546,13.969131840140534,-0.5912504329004328,3037.191428571429,283.5,20.38181818181818,,,,,,,,,,,,,,
0,1962.0,7.071668761346181,3.728174835916772,0.392783130847647,4.169590618616593,0.6253246753246753,43.058073780476384,19.201727179630407,16.88528543499511,45.97145971233068,37.91218149234278,3.467691259357926,3.4585813492063493,,63.39329557479557,12.882817215740946,3.266201971286717,13.771983760119355,5.597611098882284,10.34450130848436,0.5394232885758309,-11.21165309267004,23.185532259642432,120.46600000000004,2232.643382740448,375.1068092242033,,,6.0679071648690295,12.609663395455769,-0.39192740969012146,3655.7899999999995,274.5,20.36125,,,,,,,,,,,,,,
0,1963.0,6.787597310686483,3.6003683330116454,0.25966833944540946,3.665554544535436,0.6611520114704827,27.828587283205117,21.80108385952335,14.943936337901304,39.30456153895644,39.63237745976599,2.1682282003710576,3.515843346684468,,122.76162022005771,24.31405590736169,2.9425768905107748,13.239416598094286,4.823864381715621,13.309988909162463,1.6303996279202895,-9.254019414928505,26.33209282911762,171.55555555555554,2120.872238272556,338.95535675527407,8.93,20.165,7.7713639464300615,14.920774927551788,0.6050568852634967,3479.686666666667,281.15,21.288636363636364,,,,,,,,,,,,,,
0,1964.0,6.498751578282828,3.6502777777777773,0.363884154040404,5.894587617243867,0.9554768668831171,59.44873083513708,31.55187973484849,18.365777304292926,44.14551783459596,61.44955830627705,5.051717171717171,4.177943485086342,,105.36560824409509,20.51727336219336,4.0701038961038964,14.394121212121211,6.219152092352092,10.036859451659451,1.5164767676767676,-11.776481616161616,24.21983896103896,181.0625,2109.697881471146,390.2880851370851,8.914814814814815,21.049629629629628,5.992765085137085,12.92606843867244,-1.0015405310245309,3741.25,279.0909090909091,23.12727272727273,,,,,,,,,,,,,,
0,1965.0,7.3173250360750375,4.105722402597403,0.315791847041847,6.451493460828904,0.6705681818181818,66.5480371070561,25.188495896464644,16.511132485569988,47.091189393939395,42.15983270202021,6.300000000000001,3.8831672203765226,,68.93931824296232,13.349380202020201,3.5818101010101007,15.395571717171716,6.643234343434344,9.56490101010101,0.5352828282828282,-10.616846868686867,22.47847797979798,124.41916666666665,2499.86219466326,405.0266016161616,10.867833333333333,22.051833333333335,5.157615616161617,11.613144464646464,-1.3223718787878789,2864.036666666667,260.6363636363636,22.231363636363636,,,,1.8333333333333333,13625.454545454546,,,,,58.59090909090909,,306.8181818181818,,19.39090909090909
0,1966.0,5.747514204545455,3.1806249999999996,0.27282670454545455,5.837553661616162,0.7258175505050504,70.60689777236652,33.934952651515154,15.572545454545457,36.23949289772727,59.774655934343436,5.9803030303030305,3.8344345238095237,,98.31062304075235,21.294450995670996,3.3627096681096678,15.37024531024531,6.313190476190475,10.492991919191917,1.3794577200577198,-10.980937893217893,23.1704772005772,127.31949999999999,2408.679367807729,398.002309004329,10.912166666666666,23.081283333333328,5.6379246002886,12.43442836940837,-1.0773619393939395,3357.697619047619,252.97979797979798,22.362626262626264,,,,2.4285714285714284,13619.454545454546,,,,,57.8909090909091,,298.6363636363636,,19.19090909090909
0,1967.0,5.852621675306861,3.023932668840076,0.15824759945130312,5.445646722961537,0.95525181265922,69.12177106158589,35.07640982131723,12.914907006573674,29.874572978461867,66.56185243083391,4.804040404040404,2.3134920634920633,,92.47169686753757,18.477566538399874,3.570522687189354,15.253644151263199,6.278307164616689,10.677433060766393,1.8138259007306627,-13.438172284065143,23.78069745069745,196.8818181818182,2164.8174452148605,397.6694639994045,11.026333333333332,25.88366666666667,5.477715614191805,12.46062774857418,-1.4130541411850936,3860.8441558441555,286.70707070707067,22.85050505050505,,,,1.6444444444444446,15926.727272727272,,,,,68.16363636363636,,282.27272727272725,,19.70909090909091
0,1968.0,7.005041711760462,3.7853828463203465,0.2725606511544011,5.0432550955988455,0.7035928481240982,45.065358044733046,21.60166756854257,15.959413713023087,41.89143612463925,42.383942775974035,5.096363636363637,3.9324153757888705,,72.94920045172219,13.468077973613688,2.6143698893698897,14.363155935774982,5.7442205501729315,9.687858173572458,0.8780288714812524,-9.708562409812412,24.089933060766395,138.78833333333338,2129.3702584983325,370.25825282301474,10.810666666666666,24.550083333333333,6.369727994227995,12.99003469502279,-0.3069511183261183,3599.4454545454546,316.8787878787879,23.081818181818182,,,,1.3452380952380951,15225.818181818182,,,,,64.98181818181818,,331.3636363636364,,17.10909090909091
0,1969.0,6.544592803030303,3.3004876893939388,0.23672348484848485,6.989952989009593,0.850145202020202,128.60365288101139,19.60247474747475,14.959860164141418,35.63701799242425,51.0358648989899,6.614343434343434,3.301109307359307,,101.16116558772522,21.861809512172414,2.9306090862542473,14.3648172392124,6.75378933342643,10.454386608015641,2.0418077666061536,-9.82495397523623,23.297736931527258,158.62530303030306,2285.1412934312066,378.8972036319415,13.708400000000001,28.156133333333333,6.329732602522927,12.99598163373365,-0.36944106095517387,3102.8792207792208,231.11111111111111,20.194444444444446,,,,2.22962962962963,15501.818181818182,,,,,65.18181818181819,,220.9090909090909,,16.790909090909093
0,1970.0,7.0030208821610085,3.9568147351586838,0.3008772897307929,7.262809663454825,1.2264326614645087,67.81124633431085,33.78434182590234,16.853820070587588,42.830063579378866,78.48466535234053,5.290909090909091,3.476142857142857,,130.7035883268778,27.38571440399309,3.882173905329643,15.019076893052302,6.817006718236226,11.007222991034467,2.2668677406382325,-10.838897168405364,23.061349856882643,171.84633333333332,2142.6901944151946,398.87524321079644,12.745466666666667,27.42306666666666,5.67677120739006,12.321252613961633,-1.010018581600549,2930.6066666666666,252.72727272727272,23.43181818181818,,,,1.5317460317460316,14696.181818181818,,,,,62.22727272727274,,323.1818181818182,,16.0
0,1971.0,6.330191336441336,3.4838480963480967,0.38598161098161093,5.805526039616949,0.6802799052799053,59.484079196416864,25.42175162800163,18.59159981222481,42.92395800958302,41.899548830798835,5.090909090909091,3.929339963833635,,90.4106133090161,17.278116071428574,3.474044011544011,14.703077200577201,7.66698150334514,10.423643757528055,1.2572144109334193,-11.124603174603175,21.64403217535449,194.995,2313.8102157153544,400.16464778739777,11.074625000000001,25.255375000000004,5.3509852453102456,11.73309532157466,-1.1714803270803271,4793.307142857143,,,,,,1.8333333333333333,14010.0,,,,,59.37272727272727,,282.27272727272725,,16.590909090909093
0,1972.0,6.683652190103803,3.729197970488293,0.2205813899362286,6.531226457525159,1.1959235209235208,76.11440073274488,38.68122794767955,15.17437278313085,38.119805194805195,75.47191220965414,6.775757575757576,4.038222222222223,,92.58625885018407,18.06201423097975,4.134961996815445,15.206841506194957,7.291554398666468,10.250585597352838,1.2723027690700106,-12.637314369060057,21.953681177538936,176.35,2281.4746678473043,417.20366450838435,12.567125,25.09825,4.879826920684679,11.149191782355574,-1.362470595735682,4040.854761904762,,,,,,2.9629629629629632,12534.0,,,,,52.21818181818182,,290.45454545454544,,16.78181818181818
0,1973.0,5.8343516332152685,3.302444200820825,0.26009726204531397,4.436528785067745,0.6715168603326498,33.75506643428721,21.74998552251842,16.67441321845543,37.27075907497986,38.032927726513265,6.242424242424242,3.375224292615597,,89.47625379646809,21.19454563797784,2.498417589943014,14.480314341966885,5.856088426639273,11.280681818181819,1.8175795485117516,-8.971358622545063,23.267249645364053,195.27875,2027.8303395278394,366.48620135984544,12.2095,24.570499999999996,6.697163967153374,13.24343683200039,0.1558991060728349,4184.863095238095,,,,,,2.074074074074074,14130.0,,,,,58.96363636363637,,286.3636363636364,,15.972727272727274
0,1974.0,6.310939575509112,3.4087124795734067,0.20127911088175987,4.668883489578854,0.7345472224611298,52.83771871983792,23.13349101229896,14.492965224620855,35.450376016551516,43.12138867387211,5.3999999999999995,3.5989145658263304,,92.8151436826437,19.55698716329966,2.320086880711881,14.902990921115922,5.867150673400674,9.976168229918231,1.499598063973064,-10.212536105098605,22.988265542328044,170.57125,1789.1412100780244,378.3678442159692,12.901125000000002,25.172875,6.1408672198172205,12.928945737133235,-0.6327658008658009,4078.7166666666662,270.0,19.5,,,,1.7777777777777777,13054.363636363636,,,,,56.01818181818181,,249.54545454545453,,16.7
0,1975.0,7.487715330646365,4.0931753495546594,0.3528461959496442,6.319114723660177,1.1385373438821713,87.21591665909847,37.703469672090364,18.700969572573026,47.991829601433054,82.275061451958,5.666666666666667,3.7119828259172523,,86.90729797979797,19.40827119719361,3.608164153853809,13.41171598994875,7.234793750310992,10.18824358113151,1.0681992337164752,-11.041113567945464,22.967201261382296,171.14124999999999,1840.2949056801783,390.61070131736074,12.481041666666666,24.82075,5.732124726327312,11.921487093844854,-0.4772794913419914,4335.410714285714,253.63636363636363,22.563636363636363,,,,1.75,10749.75,,,,,51.35,,285.0,,15.766666666666667
0,1976.0,5.178124749478917,2.557654922238256,0.14986897747314412,4.650101461038961,0.7660988659228096,43.917461820586816,22.47548015364917,11.4970351330768,26.516823668229918,46.15354780196329,3.4962962962962965,3.4560468631897203,,120.50239121703038,27.474124433995122,3.150080235856098,14.613749875603322,5.1499636139722345,12.481161056376573,2.357622095337613,-11.080263409961686,25.57710255261979,215.82208333333332,1904.1899058546635,355.2760351669403,11.81475,25.965625000000003,7.2604059281236,14.626325434144398,-0.23979659899487485,4543.357142857143,319.09090909090907,23.018181818181816,,,,1.7777777777777777,13948.363636363636,,,,,58.60909090909092,,327.27272727272725,,16.509090909090915
0,1977.0,7.509482941301123,4.273560782651692,0.29165430529066894,4.1840502611629375,0.8329324715688352,54.35409223014856,27.193584445857176,17.095459666596025,46.76591739069011,56.82300628664265,3.281818181818182,4.022260273972603,,95.41687554469732,18.718528708133974,2.4421751980962503,12.688605668210931,5.051854699881015,12.188783195362145,1.1368943191311611,-9.014618269157742,24.295950767069186,195.27625,2025.8642055589914,331.40276651224013,12.156125,25.187250000000002,7.675716159084581,14.339316314776841,0.9600125408217515,4607.839285714286,265.5,20.36,,,,2.1333333333333333,13758.545454545454,,,,,58.27272727272728,,274.09090909090907,,14.963636363636365
0,1978.0,6.504787211130495,3.64675297753656,0.278108645086257,5.844327268387418,0.910414564549903,73.90651656196769,25.44972523299591,16.981362371045208,40.734375282677526,53.32536780262345,3.253787878787879,3.597588908981314,,95.66796631939488,23.27481792513042,4.736269286269286,13.231677350427352,7.5671734515484514,11.537789640914642,1.642923396048396,-10.9088088994339,23.820593781218783,184.39166666666668,1892.3476907885927,391.4500901529027,10.949124999999999,24.899124999999998,5.767467192529692,12.370212655400156,-0.9260050123487624,4356.464285714286,257.72727272727275,25.563636363636363,,,,1.0,14575.09090909091,,,,,61.31818181818183,,286.3636363636364,,17.281818181818185
0,1979.0,6.35154170675004,3.1652076318742988,0.18174026976110308,4.908398719336219,1.1681512546095878,82.99630030463364,32.6093594676928,13.659133998717332,31.453466886123138,73.11793530543531,5.284090909090909,3.23615873015873,,87.13115983314259,17.825578295712223,3.6948161461554316,15.57865420789528,6.449816725932798,10.263514288291073,1.0547792980828696,-12.083743074881468,22.038274969078543,192.65833333333333,2088.655294922349,407.8424779684602,13.08625,26.831875,4.872219819367141,11.432712230725624,-1.6929159580498865,3452.35,294.54545454545456,21.41818181818181,,,,2.3222222222222224,15243.272727272728,,,,,64.6909090909091,,294.54545454545456,,15.009090909090908
0,1980.0,5.9172824650097375,3.329083794992886,0.28250789614425975,3.524728554274009,0.6962590439863168,29.99813570268115,22.470381386290477,15.02622634940817,38.03111746839019,42.011781148144784,5.133333333333334,4.089711934156378,,118.05379310344829,22.308510423108636,3.048408189033189,13.785531655844155,5.288219246031746,12.253751803751806,1.9773809523809522,-9.798350018037516,25.842606421356425,173.0666666666667,1742.1988425116547,347.486840020099,10.965,24.305750000000003,7.183265557359308,14.23010421176046,0.18249159000721507,3423.4666666666667,286.3636363636364,20.60909090909091,,,,1.6309523809523807,15744.0,,,,,66.15454545454546,263.6363636363636,,14.38181818181818,
0,1981.0,6.61706115626979,3.6110467470179697,0.2536840657344254,3.2219778007821485,0.533539065604283,24.379512516469035,16.26258129953782,15.926187543471718,38.73179858710434,31.398923500010454,4.915151515151515,3.695397793263648,,87.54229845551274,19.32094409705521,1.9870046363101919,13.042574221046445,4.328549716744162,10.979384452995564,1.3145716423494203,-8.711910507188286,24.699213530810752,161.32666666666665,1673.1339194819343,324.2399779541446,12.31488888888889,25.608833333333337,7.8685685960130405,14.675516888461331,1.0100980339105339,3377.1777777777775,278.1818181818182,20.42727272727273,,,,2.3666666666666667,14955.0,,,,,64.8,285.45454545454544,,14.0,
0,1982.0,6.836696237264419,3.9424379072106346,0.3869752722025449,4.776596389191809,0.8577282565918929,58.25185304517366,28.450596877869604,18.387813333551968,46.52718180178408,56.1802379859198,2.691435936748437,3.0896237507348623,,69.4184200968523,18.44843198751362,3.046378787878788,13.668431096681097,6.302334876344777,9.893490420470618,1.2048426271198547,-11.180733477633478,23.27775081079536,165.89166666666665,1645.0126123699,358.40831374974226,11.915666666666667,24.301666666666662,5.692415271519864,12.010661298272685,-0.7021425685425684,3470.8333333333335,274.09090909090907,21.5,,,,2.388888888888889,14870.727272727272,,,,,63.48181818181819,282.72727272727275,,14.51818181818182,
0,1983.0,6.201912829078183,3.1958800604469895,0.2200111349717649,3.473382922192446,0.6570529558624797,29.81013622620766,22.532402253830828,15.347008271693312,34.7787198759246,39.22448378341235,3.5337513793396145,3.3593226022803484,,149.32293084693083,33.498810388107266,2.5586850649350645,14.691422784391534,5.934573872839179,10.293733987101334,2.819670465588833,-9.25750086429774,24.095088126159556,187.97166666666666,1485.9959166376411,365.6739853144541,12.096666666666666,27.2925,6.5573579620610865,12.73976886209029,0.3093172987313612,3600.0436507936506,274.09090909090907,19.1,,,,2.1666666666666665,15236.727272727272,,,,,63.92727272727273,248.1818181818182,,13.236363636363636,
0,1984.0,6.0329778152297235,3.248317691638302,0.210695835123316,4.0541591741591745,0.9243173281341219,46.19703435453435,34.882418239097625,13.80805186543736,34.77017434431557,63.63442329511032,2.7672757475083056,2.8634792626728114,4.857575757575758,97.17018898664061,26.10376401096098,2.809498556998557,14.82220057720058,5.586905119083336,10.45119083336905,1.986095038075236,-10.757256313131313,24.040640135442118,192.98611111111111,1582.0585963731392,356.0209798927224,13.245555555555555,26.494444444444444,6.516440370516129,13.174820371322848,-0.06290574314574304,3457.533333333333,324.0,22.15,,,,1.5185185185185184,15724.181818181818,,,,,,321.8181818181818,,16.13636363636364,
0,1985.0,6.499479371638461,3.540347741484105,0.27862472123835763,4.33162651597766,1.0279297302024575,65.16812426335328,37.97772147885784,16.785039983164985,39.99357399755127,74.91337700599063,1.826533189033189,2.875534851621808,5.112121212121212,64.64010711102623,14.871629055762716,3.7308547661488833,13.397027699968877,6.0478408555141225,9.512869501235837,1.0278499278499278,-11.19521280734516,23.08576454073979,178.19000000000003,1468.5219158249156,365.2272334733474,9.956,22.909,5.678570071292844,11.794280181589588,-0.951583867385338,3640.8333333333335,257.72727272727275,22.2,,,,1.2,15303.454545454546,,,,,,245.45454545454547,,16.29090909090909,
0,1986.0,7.233362898588463,4.266415768859378,0.3332234807798718,4.271597468188378,0.6786186244832861,54.70200271109362,37.22845587995965,16.99126555566405,49.47260220356085,60.62675628465103,3.167009379509379,4.213219616204691,4.675757575757576,76.54742789867791,17.691366100895802,2.596623590930521,13.14035689283214,5.884771691454859,10.15280492334948,0.9383131170259883,-9.430417648907747,22.956923799522805,162.5338888888889,1513.9332239327466,350.26221643592936,11.68,25.340333333333334,6.464789436086465,12.398350102867427,0.3177092852142357,2859.588888888889,294.54545454545456,21.40909090909091,,,,1.8888888888888886,14409.90909090909,,,,,,278.1818181818182,,15.881818181818184,
0,1987.0,5.809964993853883,3.329968734968735,0.2535591363369141,2.201759660092993,0.6397303725081505,28.651445673667897,17.79015926460371,14.126637860082305,36.237715648548985,40.77132809577254,3.189539774646158,3.241802721088435,4.648484848484848,97.92741174500104,23.27335945304695,0.43590853590853584,12.942992077367078,4.12406413031413,12.007526848151846,1.653669941169941,-6.770007041569541,25.10061702186702,180.49333333333334,1581.7265207451726,303.37242538711286,12.024750000000001,25.851999999999997,8.565843583499834,15.066468600843601,2.196360337579087,3138.4,282.27272727272725,21.009090909090908,,,,2.619047619047619,14369.272727272728,,,,,,285.45454545454544,,13.9,
0,1988.0,4.86503367003367,2.488646785313452,0.14705707872374538,3.131045107156219,0.6504622949067393,33.37032066698733,29.575607931163486,12.593099326599328,25.44416810966811,47.21846934958045,2.3676125244618396,3.204566744730679,5.548484848484848,201.23121773795825,38.64243750429465,2.5540239125953415,14.194914450628737,4.891546072974645,12.622627980485122,3.6785023706452282,-9.817297052154196,26.546492029134882,236.74833333333336,1558.420437710438,340.6447296433726,12.274999999999999,26.494999999999997,7.7678551673194525,15.040356287363428,0.633803195217481,4175.116666666667,306.8181818181818,22.009090909090908,,,,2.3333333333333335,16232.09090909091,,,,,,302.72727272727275,,15.281818181818185,
0,1989.0,5.744314574314575,2.797753460531238,0.19848752070974293,3.9402966169632836,0.7716463577574688,32.93537330981775,20.074216770883435,13.943397359841804,30.690226070226075,41.44421997755331,2.6350309513352994,2.7603991596638657,4.890909090909091,131.26758603476625,29.167829794544083,4.272674019102591,13.888818800247373,6.234744039029754,12.272961588675875,2.4367116745688175,-11.983039579468151,24.899931113859687,201.5725,2050.2038964507715,374.5920512265512,10.67625,22.75716666666667,6.036494265787122,12.947506898921185,-0.8848419741634027,3751.1666666666665,294.54545454545456,20.827272727272728,,,,3.0,14552.272727272728,,,,,,304.54545454545456,,14.345454545454544,
0,1990.0,5.469113846352653,3.0746922853266136,0.23287862634877554,1.9477498869289913,0.780728123452004,24.46589589929142,29.141910307768516,14.227558958454482,34.8363499063126,49.43079192780685,2.0093820861678005,3.5081734186211797,4.5,117.03229126816336,24.31420578881744,2.5829389596379886,14.881330293223499,4.09982908138248,11.498247033441206,1.6078310847728323,-10.26246732232169,25.513195057369817,182.99,1925.4685485209236,349.11515729416215,10.587083333333336,24.51041666666667,7.05705175541826,14.215762279521988,-0.13250624833634544,3445.875,302.72727272727275,22.236363636363635,,,,1.25,14838.09090909091,,,,,,277.27272727272725,,14.78181818181818,
0,1991.0,6.448943628834933,3.8188541732019994,0.344503262438045,3.225671570780267,1.0114990484555701,45.79356348160696,45.18935368174499,18.50486095426313,45.95382037246168,74.92420216659347,2.5161211947356525,3.6424719887955184,4.642424242424242,138.14157425316998,26.845590045987244,1.9157003951396476,14.278410945233377,4.850932893689903,12.031417984922657,1.6633427060997152,-9.540318707771979,24.65437728419037,167.915,1825.6167745415319,335.5608940203099,12.037749999999999,25.34825,7.8069921073215465,14.118351252848916,1.4442030215371335,3259.6666666666665,278.1818181818182,21.536363636363635,,,,1.2666666666666666,12029.09090909091,,,,,,263.6363636363636,,15.927272727272731,
0,1992.0,6.289459647495361,3.3342591733663163,0.16607580911152336,3.3763901772830343,0.9657230467944753,30.45840909090909,31.338416305916308,13.99754831478046,33.378673314780464,60.524373840445264,2.953158491993444,2.750076804915514,4.909090909090909,49.292784493874926,10.921949177224407,1.3593149714709347,14.026049485682513,5.6692786316639525,10.124156042734024,0.8923822100427604,-8.672231985649416,24.28113153156731,150.915,1980.6553694158072,348.72670409865367,8.502,21.918999999999997,6.796323209155777,12.937124121291554,0.46007141533288315,3122.6666666666665,286.3636363636364,21.33636363636364,,,,2.0634920634920633,12567.636363636364,,,,,,317.27272727272725,,13.900000000000004,
0,1993.0,7.123041047681335,4.172252587540357,0.4351804270869018,4.050081616570979,0.8960143481420078,50.355852343086376,32.07426826522571,17.191633628162407,53.10825287821691,71.11927635012741,3.5739025408143057,3.679201680672269,4.875757575757576,40.38128318903319,8.626366862304362,2.5661768786768784,14.624908078033078,6.013558688558688,8.260284635284636,0.23735326235326237,-10.410193036130535,22.21409672659673,131.01666666666668,2112.59171291866,375.2128281093906,9.275,21.3875,5.542907460594961,11.700451867451866,-0.6836198939948939,2946.5944444444444,294.54545454545456,20.27272727272728,,,,2.4285714285714284,13038.727272727272,,,,,,270.90909090909093,,14.454545454545457,
0,1994.0,6.6355134074558535,4.054830680909818,0.3318163650897463,3.6643386589429756,0.777439866288787,56.083499174686224,30.228473584768548,18.599601954799795,46.52153658891069,55.4764824504033,2.2876554662268944,3.834908963585434,4.927272727272727,71.95240296220635,16.0637331043065,2.4833647748785364,12.103731284006512,5.240859446364034,11.053717714497528,0.7193597177542131,-7.725938480479765,22.79098882004845,145.61666666666667,1895.6747836226623,325.404850536823,10.515,23.925,7.604273601016721,13.066756026847772,1.2863460952910493,2223.277777777778,286.3636363636364,20.36363636363636,,,,1.3055555555555556,13659.09090909091,,,,,,287.27272727272725,,15.436363636363636,
0,1995.0,7.124303168236992,4.1224980901451485,0.28336649053560814,3.977279524018654,1.069851203546856,38.03620600414079,32.927044252044254,17.02859349800526,44.309566118113906,68.94975688562646,2.8384287402904422,3.591510538641686,4.627272727272726,120.56130881889503,22.637102325778798,2.9345241632006336,14.037764903941374,6.460379681480599,10.248954816844725,1.351993063002237,-10.522669588037234,22.909234812078846,152.74722222222223,2065.7310379699666,382.1981397660075,10.945,24.13,6.0956620299635,12.139781696387201,0.029758516537928315,2584.138888888889,278.1818181818182,21.26363636363636,,,,2.1777777777777776,12821.272727272728,,,,,,246.3636363636364,,14.627272727272729,
0,1996.0,6.656227251189938,3.8736493398806835,0.25442188408606314,4.891998880058582,1.478538314918912,73.49099174043204,47.99294948418083,17.146786979604144,40.633396841549825,114.69836423940903,2.4800811268834524,3.0510989010989014,5.129696969696969,92.29198692279942,20.72734238816739,4.226101010101011,14.763406565656567,8.15009608771291,10.17268310609432,1.1182013728742701,-12.978256096681099,22.3941471456892,179.1875,2086.487474709097,401.44263409090905,10.5325,23.405,4.839964967532468,10.684967556068022,-1.3500127813852814,3250.5,270.0,23.4,,,,2.0,15318.818181818182,276.6666666666667,278.8888888888889,17.87777777777778,21.5,,280.0,,16.3,
0,1997.0,5.170877060649788,2.8018800013118197,0.268808485285758,3.4605649905649907,0.9761401897765533,52.35153513153514,39.631783746556465,16.061660380864925,33.53389763435218,74.33920454545455,2.843087468087468,2.8971926083866384,4.87922077922078,106.91344704591182,22.926189440703336,1.7308034473172087,14.479390232601245,6.618780396558174,11.297154414515525,1.0345655630377852,-9.922269483829115,22.718189534231197,155.65833333333333,1843.1488464134432,352.4780115974561,10.61,23.840000000000003,6.7569593153759815,12.931410002805833,0.254231025854879,2800.0833333333335,,,,,,1.6222222222222225,16907.363636363636,243.63636363636363,280.90909090909093,19.07272727272727,19.42727272727273,,,,,
0,1998.0,6.210989792100903,3.8273865640532305,0.38383945272834163,3.0514934522453316,0.8978127136021873,43.72042579392204,35.60333409280777,19.39751459034792,46.52197552241997,72.87051340472394,3.5292403198653197,2.9670153920153917,4.47335064935065,118.45013688016529,23.492933160433157,1.82003627003627,13.041364416364416,5.0752704002704006,11.413635713635712,1.299811174811175,-8.17067821067821,23.73521872521873,139.65277777777777,1661.5967277777777,327.9862998712999,10.415,23.6,7.685511865761865,13.768231133731136,1.6574197801697803,2565.0833333333335,,,,,,2.2333333333333334,13989.09090909091,262.2799422799423,253.6700336700337,16.81183261183261,20.312698412698413,,,,,
0,1999.0,6.155409052355617,3.790797285835453,0.379842316292698,2.1983374721746816,0.6611385169524704,26.74582927838742,24.523966408268734,17.37668575063613,46.40058774770607,42.98879688356432,2.184982986834839,3.527252747252747,4.867272727272727,79.49800357647133,16.460037187630643,0.884870530703864,13.43846166693389,3.0420979273252,9.792769578905942,0.8008139839958021,-6.962225328683663,24.51628495998951,128.675,1962.361338495411,313.2104805734245,9.4425,22.405,7.98101093039878,14.409762131050769,1.5485603689006466,2911.25,,,,,,1.5444444444444443,15085.272727272728,292.1212121212121,294.24242424242425,19.666666666666668,23.912121212121217,,,,,
0,2000.0,7.371507822885776,4.294890979536648,0.3770679233277658,3.140898617511521,1.2776112554112555,35.28822004608295,40.79292063492063,20.91529013418777,48.86830907500199,84.66473852813853,2.8659047619047615,3.4029459241323647,4.6490909090909085,74.38307196110767,18.963661156381743,3.089012322100558,13.792660498542851,6.312245706363354,9.900239085533203,0.8691675154910449,-10.13646019013666,23.486390162125456,171.8125,1875.2431326801852,368.51869896443424,9.843333333333334,23.076666666666668,6.103679384885267,12.533867533882239,-0.4213060683869508,3423.275,,,,,,1.777777777777778,14466.181818181818,293.93939393939394,293.030303030303,18.315151515151513,22.278787878787877,,,,,
0,2001.0,5.609012893159235,3.3244052018442263,0.2658070249533664,2.5919579502224135,0.7095208281158696,28.85428159994276,26.022447616662497,14.126399447436034,37.37451873555532,44.01011353201436,2.640757363551481,3.789285714285714,4.4727272727272736,106.94651624215577,26.498865869580154,2.3159413866556724,13.460779907922763,5.641688311688312,10.989163059163058,1.7070153920153919,-7.917913969628255,24.752276094276095,169.8625,1799.2451392654964,345.85170597127734,13.166666666666666,23.956666666666667,7.26479292929293,13.77113621933622,0.6741077406720263,2573.6666666666665,,,,,,1.984126984126984,3169.4545454545455,275.9393939393939,250.1212121212121,17.184848484848487,20.88,,,,,
0,2002.0,5.981259573759574,3.167306027306027,0.2093023643023643,2.188252236652237,1.1051936778499278,24.04528167388167,34.24053734893579,13.935906288156287,33.5337041014541,69.0901554608586,2.5955237705237706,3.5144982993197282,4.787272727272727,104.66977149432847,24.59905861172371,2.188296373437883,16.53582455280569,6.156079486453319,9.848789631967204,1.4729201224528328,-10.751472678265133,24.39314479912611,174.68333333333334,1720.7848525145066,379.96872947806906,12.815,23.01,5.96079792194179,12.393615723321332,-0.35242934397887227,3243.875,,,,,,1.465909090909091,2924.9636363636364,286.0,291.8181818181818,18.54909090909091,22.169090909090908,,,,,
0,2003.0,6.148464433929551,3.502569437453159,0.2125345369531416,2.961961904761905,1.0842730158730158,30.790411832611834,32.923712842712845,14.852054151705314,38.01623365437319,66.28004733044733,2.592600957818349,2.9609710550887023,4.494545454545455,109.66641988062442,26.000841194968558,3.301055364970459,13.306913474366306,6.860415475509815,11.06190918620164,1.8905565084810367,-10.5416928721174,24.17169239565466,162.09166666666667,1728.8915191427957,362.977655088622,10.2,22.5625,6.4948260434534015,12.984467862588145,-0.0233326901086336,2802.1666666666665,,,,,,3.2916666666666665,2965.7090909090907,289.0909090909091,287.2727272727273,17.26181818181818,20.683636363636367,,,,,
0,2004.0,6.348527532687838,3.4901360937620476,0.2888481323595827,1.8488880742913003,0.578566810966811,26.725897802913934,18.050275901875903,16.25574080499653,39.64423887181521,33.98175353535353,3.1821087862754527,2.476731601731602,4.674545454545454,43.95301948051948,11.045054415988995,1.7484661429105872,14.58443161776495,4.677501314884493,8.57212748310879,0.6252639883481005,-9.691727660199884,23.501096074226915,146.95000000000002,1839.0474580770108,355.16049493600894,8.39,20.22,6.409870605251446,12.718741048670955,0.0487376576612688,2898.333333333333,,,,,,3.005291005291005,2724.0545454545454,289.6363636363636,293.2727272727273,17.674545454545456,21.398181818181815,,,,,
0,2005.0,5.883582528582529,3.47239787989788,0.3867107892107892,1.9624392496392498,0.786259163059163,21.691417316017315,32.70059826839827,17.23172247197247,45.20013505938506,59.75281125541125,2.5921626984126984,3.46622934888241,4.7727272727272725,81.65504582865695,19.10946966325471,1.8645287993418833,13.254015792099903,4.959943223961915,10.470190557106443,1.1496604900810508,-7.863166174427857,24.72399954147618,162.7,1643.6779285714285,337.5643666976844,8.973333333333334,22.52666666666667,7.344662550066756,13.462727235640786,1.2817845376326686,2750.375,,,,,,2.733333333333334,13954.09090909091,277.2727272727273,276.9090909090909,17.86,21.799999999999997,,,,,
0,2006.0,5.435430998803092,2.999752788124881,0.16226802912849425,1.8143177489177487,0.6876992784992786,24.201391341991343,30.94867330447331,14.0538361186617,31.256920142734096,50.002729004329005,2.4886819321029847,2.9577838827838834,4.612727272727272,133.2976628926629,26.368563401063405,1.9206076206076206,14.049468299468302,5.74028054028054,11.291776841776842,2.088064363064363,-9.031213031213031,24.29980789230789,181.975,1557.5872558677152,349.09108452608456,9.845,23.185,7.025022191022191,13.816735176735177,0.4089596187096186,2728.75,,,,,,1.8928571428571428,15075.636363636364,262.3636363636364,248.7272727272727,17.15272727272727,21.443636363636365,63.35454545454545,,,,
0,2007.0,5.981283873606708,3.501869652657054,0.3252695685766552,2.2351024765658916,0.8136076209246941,26.50565175565176,29.59866287732141,17.33153949506312,43.119000181795464,60.77193978108612,3.115374771978545,3.0266520894071918,4.467272727272728,118.21904728604729,26.110137557146903,2.64549298053971,12.118602918369277,5.318945125487181,11.330978004342493,1.685421302477377,-8.584637631319874,25.64101478739329,160.58333333333331,1506.8400390061327,328.61144175398846,9.92,22.575,7.748128191123518,14.215472036789793,1.1406232990789065,2719.208333333333,,,,,,2.033333333333333,14516.545454545454,246.3636363636364,254.7272727272727,17.863636363636363,23.254545454545454,62.10909090909092,,,,
0,2008.0,6.722110283507342,3.837127843561667,0.34090511204481794,2.4405497835497836,1.0576817796283444,31.259220779220776,37.36221346507606,18.08819773363891,44.705334839531915,83.20148513488208,2.7670604858104864,3.1412477954144618,4.589090909090909,69.87521578676751,18.13959629674583,3.31569331499238,14.075205324270744,5.4928611886555805,10.296409691035858,0.9787298890102628,-9.707744062790791,23.184705533303667,159.82333333333332,1855.814774819625,369.2967065852112,5.43,17.13,6.23911481975968,12.917352341842998,-0.6152813852813852,2779.2,,,,,,2.5104166666666665,14661.363636363636,282.54545454545456,271.0909090909091,17.918181818181818,23.23272727272727,62.47272727272728,,,,
0,2009.0,6.700943519567681,3.8657483269899378,0.27160458855089725,3.4931551285209825,0.9998136575204245,63.87769301610765,38.251123479694904,18.1650678646484,44.02639065632354,85.7616267400102,3.0298609471336744,2.6626488095238092,4.247272727272727,48.12647792207792,11.175705211169127,3.479689382782166,14.489816798321954,6.528209934395502,9.525098183603337,0.5022556195236607,-9.933092783505156,22.163258617098823,146.45,1813.9332134149374,391.18444180390054,10.216666666666669,22.63,5.100592099195192,11.135806998557001,-0.9455278298448403,2396.0,,,,,,2.848015873015873,16017.125,285.6363636363636,282.1818181818182,16.752727272727274,21.634545454545453,64.05,,,,
0,2010.0,7.89036277958153,4.735920138888888,0.4107857593795094,3.750418215019985,1.3503265052178093,67.93929305699217,51.678804086412775,20.957289547258295,57.48115310957903,115.22003157872723,4.997704488493962,3.739837398373984,4.196363636363637,79.18985594694499,16.73125625300625,2.7733084375941517,12.61288750931608,6.966891351402221,10.360814276303406,0.8532875337223161,-8.247886121814693,22.56030581435473,136.29999999999998,1683.0951842797724,357.5002329645663,5.22,14.43,6.566045085778419,12.237811041313757,0.5975567805210663,2541.5,,,,,,4.433333333333334,,260.3636363636364,268.18181818181813,17.076363636363638,21.847272727272728,,,,,
0,2011.0,7.183742720573077,3.8902226989280555,0.39845875850340134,20.222748623258827,1.0629939096850862,364.0269929616868,44.07107843137255,18.593684517367553,49.817553796106424,85.33720291146763,3.3802549302549303,3.627843915343915,4.416363636363636,74.67050545133878,17.475392270468028,3.026896307956914,14.72317511332663,6.047466366405761,8.844547203638115,0.5240420073753407,-9.629761285291588,21.48471449706298,147.55,1982.2348988259216,382.100338595187,9.965,23.31,5.658690046205198,11.484605207923389,-0.3353119178800998,2537.5,,,,,,2.90625,,270.54545454545456,266.3636363636363,17.590909090909086,22.887272727272723,,,,,
0,2012.0,6.8299472626820705,3.432497428906268,0.16976393771973883,9.486622807017545,1.1778973743647658,102.2697966507177,42.50867800677583,14.638485027863481,34.731654216858026,83.48107236965932,3.0297296674956247,2.853991596638655,4.212727272727273,96.60039037433155,26.461929005880616,1.729364303557852,12.84638784154913,4.905312727893373,11.83822634951667,1.8049546928579185,-7.6904343356762705,25.63683280578441,,1806.6644796487037,330.1275552374746,,,8.0437537355118,14.767262389641422,1.394079617216714,,,,,,,2.75,,280.1818181818182,276.54545454545456,16.812727272727273,21.710909090909087,,,,,
0,2013.0,7.691992940252434,4.1673543755822235,0.5465461577803351,14.334163795388283,2.299919051138563,158.90953411667698,74.48938910005982,22.247075684512392,58.05320736019811,174.38024407841482,2.875460958794292,3.0129629629629626,4.203636363636364,74.88376760024487,18.945685073733856,3.7325467215711114,16.461221095977194,9.00917933692324,9.705305669939817,0.944180920705311,-12.363500070390314,20.545080728891705,,1857.808465085639,438.29918008482036,,,3.8936563544856226,9.826924233625453,-2.062083658888537,,,,,,,4.7272727272727275,,290.9090909090909,288.3636363636364,16.77818181818182,21.439999999999998,,,,,
0,2014.0,7.421156255010421,4.08415078362995,0.3785769400352733,10.817721661054993,0.9623072833599149,84.37079685746352,42.14135765550238,19.6126487844717,50.777647186147185,69.11517145135566,3.141283240568955,2.3364285714285713,4.618181818181819,74.36855023448773,15.833607874968168,3.675943786605552,13.685953017570665,7.038254392666157,10.270762774806894,0.45087269756387405,-11.063063672438673,22.69158390628979,,2145.7723063973062,388.2790760016128,,,5.632349922544776,11.743899637127578,-0.4867099248790426,,,,,,,2.909090909090909,,258.54545454545456,258.1818181818182,16.447272727272725,21.027272727272727,,,,,
0,2015.0,6.991887591306195,3.835507063995436,0.34170637717149344,8.864629211368342,1.4428601853300649,52.78305649664346,43.951975868843334,18.950302275244134,47.257746993747,103.65216928319337,3.627689995189995,3.154666666666667,4.42909090909091,104.76007625272331,23.411786588832047,2.336580633171543,12.725396278805372,4.876609165245529,11.65567143294416,1.3244785517512792,-8.33352895841532,25.65556555817919,,1730.7771366204418,327.1884035156762,,,7.849844658708295,14.507640419344966,1.2226076894485984,,,,,,,2.1266233766233764,,284.58181818181816,297.0909090909091,18.469090909090912,23.661818181818177,,,,,
0,2016.0,7.374575322553263,4.277256546558016,0.5459911616161617,6.457646435197456,1.1930862680862682,94.6301130841947,54.509462871962874,23.469346697012135,57.33686819727891,106.09271089271088,2.9246429815395336,2.843040293040293,4.772727272727273,116.16004802119556,20.56276118326118,1.5135461760461761,12.656540404040404,4.246251803751804,11.48734126984127,1.099011544011544,-7.255964646464647,24.514899350649348,,1637.396905982906,322.48280266955265,,,8.162293722943723,14.468815151515152,1.8815740620490622,,,,,,,2.2849025974025974,,281.4545454545455,274.1454545454545,18.589090909090906,24.20490909090909,,,,,
0,2017.0,6.170540505501443,3.085257711038961,0.249871764520202,6.004393939393939,1.161012953454814,73.50649831649831,36.12876354911239,15.131551508387446,35.461496710172085,71.94577922077922,3.099593073593074,2.7665584415584417,4.68,109.87725790875791,20.396891168412907,2.3611351611351603,13.944602338080596,5.27745885354581,10.501045653219567,1.551410586193195,-9.736100654578914,24.258280841541712,,2142.848416193182,361.3475873643266,,,6.7852260597695375,13.373071669071669,0.33338908756300073,,,,,,,2.486607142857143,,282.9090909090909,273.7090909090909,17.59272727272727,22.28109090909091,,,,,
0,2018.0,7.663227336389101,4.310294913419914,0.3644780260589084,11.305324004161212,2.216145534519028,105.41643175945501,79.71944661763939,19.656108193277312,52.22495128590873,172.90821771936228,3.860441558441559,3.14978354978355,4.289272727272727,121.4824431818182,25.36192478616392,3.048823117301378,14.956108706108704,7.310780684693729,11.322069556852163,1.3310768136855093,-9.659852301482735,22.484093314093315,,2302.13024368105,385.58347141184095,,,5.733837442750487,11.938515841646277,-0.47341219127088696,,,,,,,2.5255681818181817,,255.47272727272724,263.56363636363636,15.819272727272729,20.67909090909091,,,,,
0,2019.0,8.711455828122496,5.002740099406767,0.5822753994976216,10.010785634118967,2.2962649753347426,173.69745390412058,90.99500989966106,23.695456095344987,67.91031663359789,201.35460250343974,3.583070707070707,3.8017543859649123,4.449772727272727,83.17872536945814,18.008736684067568,4.067338829471183,14.804762965792378,7.414734530175708,9.665596617434852,0.47898947457770985,-10.515083927510398,21.435093317630077,,2063.0970988688728,416.67084373143194,,,4.714163685171037,10.567138464476699,-1.0787240153637212,,,,,,,2.7976190476190474,,277.8409090909091,288.6363636363636,15.572954545454547,21.908409090909096,,,,,
0,2020.0,6.264294103828988,3.1035406669127594,0.3106387798248263,7.461466582198289,1.079954304954305,82.60173688100518,39.72767935082749,15.665533407161314,38.47829477130614,69.67818796429907,2.751148127235084,3.3007518796992477,4.756818181818183,126.68378528138527,22.89366978051189,1.2689520518467885,15.214566719829875,5.191885015569226,11.2464342674869,1.2976652489810383,-9.563427634743425,24.415317143869775,,2284.514640474829,358.9941763499658,,,7.048310808587124,13.730026556289713,0.3664346282372597,,,,,,,1.8417508417508415,,293.40909090909093,280.6818181818182,17.738636363636367,24.82954545454546,,,,,
0,2021.0,5.890222482435598,3.1155932864949256,0.24570647931303669,2.9102182539682544,0.5171536796536796,19.523214285714285,22.718019480519477,16.775081967213115,37.11362433862434,33.1512987012987,2.7202380952380953,3.084375,4.635714285714286,65.95049562682216,41.177643260694104,3.111945117029863,14.629782082324455,4.263357546408394,12.583777239709441,3.386279257465698,-9.520564971751414,26.434511702986278,,2562.0021761904763,343.7825423728814,,,7.7308401937046005,15.10911622276029,0.35231154156577876,,,,,,,1.6761904761904762,,282.50000000000006,269.6428571428571,18.392857142857142,24.982142857142858,,,,,
