,YEAR,DP01,DP10,DP1X,DSND,DSNW,EMSD,EMSN,EMXP,PRCP,SNOW,DYFG,DYTS,AWND,CDSD,CLDD,DT00,DT32,DX32,DX70,DX90,EMNT,EMXT,EVAP,HDSD,HTDD,MNPN,MXPN,TAVG,TMAX,TMIN,WDMV,WDFG,WSFG,HX01,LX01,MX01,DYHF,TSUN,WDF2,WDF5,WSF2,WSF5,PSUN,HN01,HN02,HN03,HX02,HX03,LN01,LN02,LN03,LX02,LX03,MN01,MN02,MN03,MX02,MX03,WDFM,WSFM
0,1960.0,9.65239194075401,5.874678434592227,0.34972218075666345,3.0278285730871946,0.8515093463369324,34.30640601416464,26.38229710902125,21.305267121129187,64.14410826242722,60.82019911761291,4.76762941919192,2.629148629148629,,207.53003787878788,40.073838999753626,0.5121027346637101,9.8310051736881,3.3797733431879773,15.160766198571077,1.2264535599901452,-3.2793292682926833,26.818045700911558,113.33904761904759,1422.2793163112608,249.53319475240207,,,11.307287817196354,17.315371766444937,5.307552106430156,2104.279285714286,258.0,17.754545454545458,,,,,,,,,,,,,,,,,,,,,,,,,,,
0,1961.0,10.94337121212121,7.489638949013949,0.6778679653679653,1.4765207345564488,0.5584847196454339,19.99011372225658,18.245232726929153,28.029285113035115,92.80111516955267,35.234835600907026,4.2180668290043295,3.575084175084175,,206.1713818181818,40.3303771043771,0.16751515151515148,8.712848484848486,1.3280808080808082,13.302828282828283,1.1115555555555554,-3.1759636363636363,27.192436363636364,119.43733333333333,1474.6534626262628,226.63205387205386,,,11.969456969696969,17.827564848484847,6.092669090909091,2144.5261904761905,263.7678571428571,18.649107142857147,,,,,,,,,,,,,,,,,,,,,,,,,,,
0,1962.0,10.043817152415878,6.3504117609213155,0.5028324647751399,2.6085243460243457,0.9696759259259259,33.219559375809375,28.12120402745403,24.788294891591068,71.47672392716979,63.60030594405595,3.775369769119769,2.704444444444444,,248.95608126721763,43.54188246097337,0.40974025974025974,9.548773448773447,2.19359176177358,14.589997376361012,1.6349140758231668,-3.7331621408894136,27.503776072412435,121.72133333333333,1452.8453617253617,239.58908434999344,,,11.67078676374131,17.643572346845072,5.6764956709956715,1829.4619047619046,284.95,16.874166666666667,,,,,,,,,,,,,,,,,,,,,,,,,,,
0,1963.0,8.294748376623378,5.081110660173161,0.43208198051948044,3.117796717171717,0.8517895957769376,30.63620580808081,18.489498511333956,21.270968479437233,59.52286255411256,47.59946709408734,4.482139249639249,2.478042328042328,,180.72114624505932,31.034848437997784,1.1555977211821367,10.236664417833248,3.5235448173759867,15.176673975375273,1.133077528532074,-5.309927943629242,26.112373222016082,127.09828571428571,1498.7218585858586,257.11916507374303,10.165,24.1825,10.646142964899457,17.301932951968666,3.9870046475890635,1595.1,219.5840909090909,17.341818181818184,,,,,,,,,,,,,,,,,,,,,,,,,,,
0,1964.0,9.73528321186549,6.522816775348421,0.7401674977624345,1.485261707988981,0.6811843929490988,20.823750491932312,20.379758367993663,27.046129650939776,84.23722669735328,40.81735822275038,8.909090909090908,3.466322055137844,,230.17437046521556,42.56014410774411,0.1136969696969697,9.36040404040404,1.5394074074074076,14.97341414141414,2.7996902356902362,-3.975350841750842,27.456364983164985,137.93533333333335,1393.9320331695333,228.0925292929293,13.597142857142858,26.384285714285717,12.109136296296295,18.705568484848488,5.522577912457913,1975.3485714285714,248.33333333333334,18.590909090909093,,,,,,,,,,,,,,,,,,,,,,,,,,,
0,1965.0,9.76348011091987,6.38629561536188,0.5925294250595455,1.141006253006253,0.570973063973064,18.143484607984607,14.61290404040404,25.95586019402284,78.39794252768651,32.13256734006734,12.359848484848484,4.2427987861811385,,212.1713262764633,40.71272015142145,0.2791486291486291,8.860620584321882,1.5147654654148162,14.728020932891061,1.3500201457993666,-2.991023828264088,26.613131734787576,133.46933333333334,1466.0195662337665,221.6871251475797,13.921904761904761,26.33452380952381,12.187043308783569,18.326379715522574,6.075940377804014,1902.3009523809524,236.78787878787878,20.47818181818182,,,,,12631.636363636364,,,,,54.73636363636364,,,,,,,,,,,,,,,,229.0909090909091,11.127272727272729
0,1966.0,10.026527176527175,6.465017903906793,0.519780699410329,1.3390625835070278,0.5404882154882155,32.43518919352253,21.00865600448934,25.258570493292716,76.2969414159229,34.8139541357134,14.454545454545453,3.191926655719759,,204.17732082732084,36.85319371825865,0.13417289780926145,9.91934558947546,2.075223477820881,12.779428796311912,1.8638406326718016,-4.000346507749105,26.73269372762879,132.31733333333335,1486.5643798018798,247.84370551526396,13.08904761904762,25.398333333333333,11.216817244804258,17.307456157118494,5.141185716159741,1688.7857142857144,247.87878787878788,18.80606060606061,,,,,11484.545454545454,,,,,49.31818181818182,,,,,,,,,,,,,,,,270.0,10.236363636363636
0,1967.0,10.826338383838385,7.232146464646465,0.47874999999999995,2.182617216945575,0.962946127946128,36.54213779586914,33.44578002244669,24.306904040404042,80.32188573232324,65.41725028058362,14.272727272727273,3.1260496671787,,183.98242424242426,31.635789225589228,0.28854545454545455,8.925410774410775,1.9147340067340064,13.769198653198652,0.8655892255892256,-4.0285117845117835,26.543016161616162,130.85238095238097,1418.6314445828143,244.55494680134677,12.67654761904762,25.472738095238093,11.181253838383839,17.173637777777778,5.151868181818183,1574.6780952380952,265.42424242424244,18.100000000000005,,,,,12090.0,,,,,51.690909090909095,,,,,,,,,,,,,,,,237.27272727272728,10.818181818181818
0,1968.0,10.782086295049258,6.909701957850106,0.6739197530864197,1.3856552063073801,0.6433953505644683,18.037384455319238,18.434198603683896,25.96427827659309,84.24632014590348,35.65033608140226,12.606060606060607,3.439503328213006,,212.81001948051946,41.90897659022659,0.2273102648102648,8.867622167622168,2.2111930111930107,14.365407452907453,1.7401139776139778,-3.110290062790063,26.543964305214306,125.95976190476192,1505.1274891774892,232.84537605787605,14.626000000000001,27.288,11.945796853671853,17.932362749112748,5.856237646737647,1665.28,250.6060606060606,18.202693602693603,,,,,12660.545454545454,,,,,55.01818181818181,,,,,,,,,,,,,,,,249.54545454545453,10.118181818181816
0,1969.0,9.65197261838366,6.139949229366407,0.6264879292486655,1.7577232175772322,0.671600193107546,20.310663201356633,15.926760249554366,27.762430771341815,76.80920444586089,34.57174316696375,14.944444444444445,3.127040816326531,,220.21795703514013,37.93960659223817,0.05023923444976077,11.042065390749602,2.044377990430622,13.694098883572568,1.1516879319510898,-3.31666533758639,24.804558745348217,117.28444444444445,1490.0346340113463,257.91920919723555,14.006428571428572,26.490357142857142,10.910126129718234,16.90771384901648,4.920994284954811,2083.6507936507937,265.4006734006734,18.084074074074078,,,,,12153.818181818182,,,,,52.036363636363646,,,,,,,,,,,,,,,,241.3636363636364,9.445454545454544
0,1970.0,10.568435931643478,6.889317705355442,0.6845229019757322,1.153577441077441,0.5432521416698631,13.83631993006993,13.697559455312621,28.18842640238866,86.49563274251953,29.5213335890551,15.136363636363637,3.327437641723356,,256.8747600225861,48.72714677640604,0.18212994138920063,8.546813817184187,1.9494949494949494,14.899532360643471,1.6754208754208753,-3.267770295548073,26.501937897493455,130.87904761904764,1492.439714862915,224.7640491333084,14.315714285714286,25.528095238095244,12.34576430976431,18.351163860830525,6.3928560917820185,2135.6428571428573,246.96969696969697,20.396969696969695,,,,,11555.454545454546,,,,,49.61818181818182,,,,,,,,,,,,,,,,257.72727272727275,9.872727272727271
0,1971.0,9.82754762818054,6.28666410944892,0.5447545070962792,1.7493031949407787,0.8496666085592259,28.4029208673504,25.277638804148875,25.830533979030815,74.44125223756552,51.0816813872183,,2.660823754789272,,207.01725974025976,36.727110061655516,0.2655011655011655,9.464918414918415,1.313412607083493,15.148625495460939,1.0005370157268891,-2.9944483294483293,27.453305203938115,126.05408163265305,1333.915461661626,222.29693558966287,13.896349206349207,26.437142857142856,11.951358974358975,18.357640710906534,5.653318181818182,2199.605442176871,,,,,,,10844.181818181818,,,,,46.99090909090909,,,,,,,,,,,,,,,,270.0,9.52
0,1972.0,12.254537463239995,7.864743958573074,0.7897040020457743,1.5713263205301422,0.6297351909693681,19.86870892730765,18.37712340402214,27.71900348420918,93.84610343945786,35.08620358193143,,2.765202517788725,,171.0742851045668,34.04378851809232,0.3067254826748497,9.331594425265312,1.6399309551208283,13.74169543536632,0.9388569236670501,-4.036020969185526,26.052013808975833,113.7595238095238,1376.1004651780968,243.78739035928908,12.519107142857141,24.743154761904762,11.30087290627797,16.914715893108298,5.653681242807825,2463.0267857142853,,,,,,,10361.454545454546,,,,,43.40909090909091,,,,,,,,,,,,,,,,275.0,10.38888888888889
0,1973.0,11.749632896802709,7.82552615099785,0.6205609554666158,1.0199219761719762,0.4954836829836829,16.32278231028231,17.599449624449626,26.170499378329566,91.90416696161978,28.831327700077697,3.5,2.5900236127508856,,191.5190516218941,40.549290372075184,0.1568469505178366,7.987149980820867,1.596861471861472,14.005197510822512,1.3167532467532466,-2.453993095512083,25.914150432900435,125.22642857142858,1349.6957705146706,219.4677522056003,13.2425,25.133571428571425,12.190833141542003,17.940330844155845,6.487457230533179,2735.8174603174607,,,,,,,10430.181818181818,,,,,45.53636363636363,,,,,,,,,,,,,,,,240.0,10.233333333333333
0,1974.0,11.033931148216862,7.227403284546142,0.6823146430289287,1.8800295953162196,0.7010479797979798,32.73357965459876,28.078315295815294,26.99342682780183,89.56358117742046,47.9122233495671,5.322222222222222,2.832766439909297,,147.29029641654643,28.379943838740136,0.07306397306397307,10.386870022981133,1.6450701904405607,13.018169347798976,0.7122454705788038,-4.1592132079169115,25.238299128854685,132.06202380952382,1345.6280731601732,246.62507896424566,12.03535714285714,24.805,10.886423004293375,16.805606002707858,4.893954643436125,2604.3625,,,,,,,11235.818181818182,,,,,48.5,,,,,,,,,,,,,,,,257.72727272727275,9.8
0,1975.0,11.111497314413981,7.288846200096201,0.7162249478916146,1.2210973370064278,0.5473058611593643,15.557203528794437,14.92392877822814,29.737010782427447,91.30175478996313,28.81171427652319,3.8629629629629627,3.243339002267574,,214.66383978675645,39.41073892918049,0.1264102059556605,9.863698675062311,1.6027576319784111,13.835577481681376,1.1723463765671558,-3.147226860441146,26.71218867712374,129.66660714285717,1389.4942624878927,233.15295112535372,12.92095238095238,25.280476190476193,11.723226644927943,17.5815427793707,5.824145916493319,2431.5267857142853,,,,,,,11505.818181818182,,,,,49.854545454545466,,,,,,,,,,,,,,,,220.9090909090909,9.736363636363636
0,1976.0,9.224160561660563,5.9461371961371965,0.5391376480662196,1.4733393770731433,0.6004632211687426,18.49393166357452,16.734382165210388,24.398717175681462,72.96854256854257,31.236710664931522,4.5436507936507935,2.48668430335097,,136.1301241405653,27.69258288008288,0.4375495460938499,10.488444115659304,2.058521108521109,13.791022403522403,0.737049987049987,-4.975305222203956,26.091306332556332,130.67827380952383,1354.729686878437,247.57203088578086,12.142738095238094,25.06142857142857,10.873363862988862,17.445855121730126,4.265937019380058,2493.607142857143,,,,,,,11050.90909090909,,,,,48.86363636363635,,,,,,,,,,,,,,,,245.45454545454547,9.618181818181816
0,1977.0,10.508006854256855,7.01830808080808,0.6705647747314414,2.678869338546758,0.6996383588976182,47.945871619420004,24.16670407781519,27.27447957752124,86.67951264630432,43.176956291308144,3.5799999999999996,3.6696823446823443,,236.1285732577282,44.05726107226108,0.862805267868559,8.838888888888889,2.2749102749102748,14.789510489510489,1.6464035964035963,-4.66823488045007,26.998757168757166,133.7511904761905,1448.08538008658,231.4790174177674,14.032500000000002,26.85690476190476,11.773763893513893,17.95783485033485,5.634895377828921,2374.6785714285716,,,,,,,13244.181818181818,,,,,56.27272727272727,,,,,,,,,,,,,,,,241.3636363636364,10.60909090909091
0,1978.0,9.782111062195806,6.62456587668452,0.6527349768875192,4.651554629856517,0.5019973251680568,59.30614273916161,14.64012467884419,24.52489201946829,80.51171662142002,25.838773404779502,4.5445887445887445,2.657804232804233,,194.540625,39.96349695260879,1.3292544808992177,10.187218045112783,3.6363679084073817,12.828914616085669,1.1007305194805195,-4.217357835877572,24.461029277739804,128.66934523809522,1426.5406836473385,267.5636449077239,13.057380952380953,25.64916666666667,10.464769513746488,16.23292766005924,4.38690516537556,2270.0580357142862,,,,,,,13983.272727272728,,,,,60.74545454545455,,,,,,,,,,,,,,,,253.63636363636363,8.89090909090909
0,1979.0,11.216229827005689,7.40023282911214,0.8315766449387139,4.030907231827477,0.5696780303030303,50.55722098283449,15.334281881313132,31.51999800965318,97.7429407374235,36.90463226010101,4.0309440559440555,2.7425448868071816,,153.4652781786115,33.506218167591406,0.9120500782472614,8.698740930431072,2.3323267890169297,14.00472735402313,0.3148847631241998,-3.753857437554621,26.054964229823383,123.70410714285713,1446.4663673499704,237.76462370180684,14.72725,27.768,11.286758500497937,17.260830930024593,5.2056556104302585,2096.401339285714,,,,,,,10343.454545454546,,,,,44.78181818181818,,,,,,,,,,,,,,,,212.72727272727272,10.10909090909091
0,1980.0,10.140045777976813,6.991074745816126,0.7156820669751705,2.5963880742913,0.8245539611280353,26.33417236884979,24.130505451338784,27.15571521868936,90.73565598513873,47.335241969964194,3.8878656696838516,3.584951963241436,,194.5642459753788,43.10185676206509,0.5602186246021863,10.211502500543595,3.080369484316853,13.173690855927697,1.3621079213184475,-4.533414773962719,25.428402445507707,138.41041666666666,1219.366466089466,262.0080345117845,14.758928571428573,27.723214285714285,10.868895202020203,16.482581206804895,4.730066358299235,2112.6815476190477,,,,,,,11361.818181818182,,,,,47.2090909090909,,,,,,,,,,,,,,,,257.72727272727275,9.381818181818184
0,1981.0,10.115773654916511,6.773560915275201,0.7902683982683983,1.2808677996177997,0.7056747600225861,16.883918577668577,18.113570487483532,29.264713481756335,89.4675341991342,38.461558127862475,3.271031746031747,3.022354497354497,,175.66114267676767,33.58205678515537,0.32852315915696195,9.848954332052923,2.391107744107744,12.86889417989418,0.648012987012987,-3.693510304249741,25.099944877344875,126.16642857142858,1519.5272190391308,243.72716236814827,13.48915873015873,25.529174603174607,11.185474727150783,16.55533223184223,5.20291235290531,2275.3005952380954,,,,,,,10224.0,,,,,44.09090909090909,,,,,,,,,,,,,,,,261.8181818181818,11.336363636363636
0,1982.0,9.947024758866865,6.719643173590542,0.4744021248407213,1.5520903617455342,0.49661554857633283,27.561241976414387,24.025130153071334,24.138468224433137,76.95389962701366,36.71390539380735,3.47435265351932,2.9111969111969116,,135.28013995891115,33.69432632446919,0.26653760949535593,8.719087250777392,1.7311798540965206,14.845693041526374,0.7815691638608305,-3.836050037599333,26.975558712121213,129.5870833333333,1232.9761148777693,212.1422376314162,14.629714285714286,27.126938775510204,11.838297758194189,17.9728709315376,5.6482494360099995,2120.8321428571426,,,27.46,19.46,24.1,,13216.363636363636,,,,,56.02727272727272,22.32,22.46,21.525,25.98,22.6,14.660000000000002,15.220000000000002,15.575,19.0,17.075,18.48,19.22,19.225,23.02,20.125,234.0,10.41
0,1983.0,10.502106959162175,7.155605131065254,0.7452841296399579,1.0200584822063696,0.5327907452907453,14.719720596305104,18.63332650832651,27.318261913614677,91.74646712524012,31.206857425607428,3.0995923026744943,2.8066572681704267,,226.2626914921813,48.89747683878119,0.5116715812367986,9.042963276658927,1.9245205679988289,13.517310789049919,3.1186063533889623,-3.825276627559236,27.285224344898257,146.6120238095238,1042.2191107799306,233.8557882133969,14.572904761904763,27.265047619047618,11.654102008699834,17.96895732689211,5.453139443085096,2083.225,,,27.21666666666667,17.333333333333332,22.633333333333336,,,,,,,,20.933333333333334,21.116666666666667,,25.38333333333333,,11.766666666666666,12.766666666666666,,17.03333333333333,,16.683333333333334,17.416666666666668,,21.46666666666667,,,
0,1984.0,11.00265707388349,7.192333714503524,0.571588526777206,1.6382884972170688,0.5911747343565525,38.741857606679034,31.41172211626757,25.79451035512356,82.80476208627152,49.08878495242132,3.577119994003111,2.4632740889783142,,180.6180218651405,37.215355667060216,0.18476430976430977,8.244536271808999,1.58202096724824,13.271732476277931,1.0350283134374043,-3.029455540250995,26.90136134067952,127.34416666666667,1268.3680604748786,218.23856421356422,13.84152380952381,26.362897959183677,12.034735345883075,17.604564738292012,6.007996518212427,2046.1666666666667,,,24.76,16.44,20.1,,,,,,,,20.54,,,,,12.34,,,,,16.1,,,,,,
0,1985.0,10.603672213203463,6.975616657647907,0.7487626262626262,2.844644723092999,0.6818744881244881,31.705249042145592,16.426905883155886,28.14199246933622,88.68876309974749,38.116335653835655,2.9361570776893355,2.678956582633053,,157.042621961372,32.93422594818117,0.7743630333182572,7.792910447761194,2.336401865133208,15.07201815597338,0.5985526910900045,-3.2189718076285243,26.69350757037324,136.33685714285716,1280.0216737593857,215.71106809028453,12.104642857142856,25.526452380952378,11.800364352480022,17.801859404277316,5.531060945273632,2513.5266666666666,,,,,,,,,,,,,,,,,,,,,,,,,,,,,
0,1986.0,10.196989353239353,6.8969999907499915,0.7159770784770785,0.9657361429420251,0.44408775887649127,12.272321959086664,11.449885677702579,28.2129942048692,85.74923264235765,23.963376216897345,2.843312399650428,2.984880377271682,,172.97551457975985,41.08432615323745,0.11008096841430173,8.326307863212625,1.877010467486658,15.149803018850637,1.0537059941821847,-3.6785097574383285,26.888983371126226,140.72866666666667,1193.4539116956491,220.49955168039847,12.332083333333333,25.90529761904762,12.017120851370851,17.995695423623996,6.3540693614145995,2118.116666666667,,,,,,,,,,,,,,,,,,,,,,,,,,,,,
0,1987.0,8.956146577088136,5.836406739004142,0.5838859372950282,0.7867663406552294,0.48933256172839507,29.490590027256694,33.694477012185345,25.0066933715635,70.72350595472349,47.143656806156805,3.101447441447441,3.1019352869352868,,201.2941118077325,46.76183421516755,0.0014204545454545453,9.782202606421357,0.7811527978194645,13.875652213747452,1.8112170457408554,-2.607158076298701,26.158386930529787,169.51333333333335,1256.105329153605,221.90880837857026,13.010833333333334,24.454523809523806,12.067447519411806,18.185534654939417,5.840120924648268,2729.875,,,,,,,,,,,,,,,,,,,,,,,,,,,,,
0,1988.0,8.906830601092897,5.866644785087408,0.5690943391763065,1.8008633727383727,0.7152772624201195,21.821250277500273,21.037688449117017,27.330227686703093,72.41589959903486,44.98928949357521,2.9713390058217644,2.3907990314769973,,185.16181751921545,47.78695503790742,0.31447467876039303,10.475860647289219,2.1478435145101815,13.289158592730022,3.6451980118646783,-3.782432545408736,27.83127207448636,207.2833333333333,1387.6706889698996,244.55702506928696,11.623333333333331,24.641428571428573,11.395755205112348,17.81833958061339,4.871505136397994,4658.142857142857,,,,,,,,,,,,,,,,,,,,,,,,,,,,,
0,1989.0,10.689481732623326,7.472382484771865,0.8034427715843645,1.989948547524305,0.7034037857567269,21.545723468450742,19.797505871035284,28.826311056200435,93.85866369127432,41.05240429505136,3.285493626743626,2.625107613666936,,150.52528238736573,34.06362548646639,0.8227972364336,10.539959114959114,3.7418973282609644,12.93873802964712,0.8128186628186628,-4.230755826664918,25.940048537321267,127.66428571428573,1144.5750353286562,270.2584166885303,16.198,27.47642857142857,10.101077708907253,15.742742074423893,4.287250338886702,2449.857142857143,,,,,,,,,,,,,,,,,,,,,,,,,,,,,
0,1990.0,10.503630050505052,7.691502074314575,1.1648445552463411,0.65060992844498,0.46555869872701555,13.398000996712337,15.341814181418142,32.369998035198925,110.6885308763657,26.478652508107952,3.2645761488981826,2.6568027210884355,,150.20018322320954,33.83616014036469,0.0569116489571035,8.248151427696882,0.712246928156019,13.5011828239101,0.7877497922952469,-2.3897351217805762,27.68233476540295,122.65833333333333,1191.323508031131,201.08299969390876,11.686666666666667,22.93428571428572,12.357595270890725,18.230917973020244,6.284560726310727,3058.4285714285716,,,,,,,,,,,,,,,,,,,,,,,,,,,,,
0,1991.0,9.252837335620354,5.878347150752812,0.44507575757575757,0.7152958152958154,0.4706592238171185,13.04133644133644,15.020175438596493,24.03285639412998,67.41593624928531,28.891860712387025,2.986847586375888,2.6057651991614255,,284.68433566433566,53.79379914529915,0.006993006993006992,8.423387723387723,1.1482206682206682,15.072245532245532,2.3593628593628595,-1.9068069153069154,27.582604506604504,171.04285714285714,1006.7712018489983,206.2806048951049,12.586666666666666,24.93428571428572,12.925350932400931,18.954510644910645,6.821691414141413,4926.142857142857,,,,,,,,,,,,,,,,,,,,,,,,,,,,,
0,1992.0,11.33957536530352,7.244022751789743,0.7456506815730116,0.7641024695001968,0.4963425463425464,12.053419749442476,13.998238269666842,25.896557075610474,88.18021305285869,27.352792445649587,3.074071712018141,2.902174603174603,,114.01324601951721,24.582667949334617,0.01971872924253876,9.132311779930825,1.3104087752525253,12.343355429292929,0.1921480429292929,-2.912205158157539,25.289846906565657,129.02,1250.1761222393427,239.75358585858586,10.076666666666666,22.24571428571429,10.840309352023638,16.35831013257576,5.185352413019079,4016.0,,,,,,,,,,,,,,,,,,,,,,,,,,,,,
0,1993.0,10.477010489510489,6.79319153069153,0.5808420745920746,2.030765925709746,0.9007602910828716,29.158528300663132,27.71926329345684,24.806548174048178,79.77658216783217,63.21137798879734,3.204381425865801,2.8589249639249634,,172.07708178726034,41.26165127840909,0.4403251262626263,9.033246527777777,2.4923611111111112,12.925473484848485,1.7426294191919194,-3.2250789141414145,25.703238636363636,169.7,1229.6005103758675,242.91860953282827,10.752857142857144,23.74571428571429,11.18572324810606,16.803050505050507,5.408130839646465,4880.285714285715,,,,,,,,,,,,,,,,,,,,,,,,,,,,,
0,1994.0,8.832126207126207,6.041738122988122,0.5138507326007326,1.473026460254721,0.4929166666666667,17.418958607817302,18.995719696969697,23.90687944000444,72.79058094683094,31.722310606060606,3.3577887166596843,2.684092775041051,,165.25587627650128,35.03059963474026,0.21433080808080807,9.12412461670274,1.5771374458874456,13.338596906565655,1.1413932855339104,-2.599602610930736,26.798090785082973,168.05714285714285,1466.8529819023568,233.37881589330811,10.741666666666667,23.85,11.455953660488817,17.66635514745671,5.228448920003608,4961.428571428572,,,,,,,,,,,,,,,,,,,,,,,,,,,,,
0,1995.0,10.012756512493354,6.334149388623073,0.6637267410951622,2.1634880551547218,0.5683625730994152,23.62454224787558,18.87667198298777,28.109623072833596,81.71234104199894,40.7076129718235,3.2781618708089297,3.1652087646652864,,208.8595280536457,39.60964154532336,0.32934376229830775,11.146439503257685,3.360515603799186,12.626880747776271,1.6318370269862807,-4.217892889938344,25.665134554500224,151.22857142857143,1079.7869370395686,268.8238478398706,11.194285714285714,24.54714285714286,10.326483744370108,16.09299800241218,4.267057031352485,4880.428571428572,,,,,,,,,,,,,,,,,,,,,,,,,,,,,
0,1996.0,11.114466857020048,7.246354502471523,0.9535015811611557,1.0827773980405557,0.4766564454064454,14.478086504139137,15.52423490860991,31.465806814344045,100.8522598323662,32.462091149591146,3.6523755411255414,2.898106812169312,,183.44444352617077,33.83345823661041,0.37592697157914545,9.956187652926783,2.503159657802515,12.607073283858997,0.7138048855905998,-3.2959466821423344,26.087197278911564,142.45000000000002,1424.2105367231638,247.2791968860447,11.89,24.866666666666664,10.95684625237886,16.0061041589363,5.187003163100989,4500.142857142857,,,9.4,-1.7,2.5,,,,,,,,3.9,5.0,,8.9,,-4.4,-1.1,,0.6,,0.6999999999999998,2.0,,3.2000000000000006,,,
0,1997.0,10.290679729627097,6.3270445052024,0.6165599605073289,0.7697083618136249,0.3803421115921115,10.965303789777476,10.078672889610388,27.191503189792666,81.43959918736235,20.34069715007215,3.4527971514082627,2.4076688815060905,,151.58735247208932,28.639487433862428,0.01082251082251082,9.826824795574796,1.0465899070065736,11.868850709475709,0.8119318181818183,-2.3282751623376625,25.744624569103735,151.88,1240.3433046450905,240.47188852813855,11.595,24.636666666666667,10.928316558441558,16.80432566738817,5.109813897907648,4402.714285714285,,,23.38181818181818,8.999999999999998,16.154545454545456,,,,,,,,14.890909090909092,15.354545454545454,,18.83636363636364,,5.727272727272729,7.5181818181818185,,9.263636363636364,,9.872727272727271,11.090909090909092,,13.890909090909092,,,
0,1998.0,9.564085331102138,6.001494537208822,0.6709735409315241,0.31135808635808637,0.14638218923933208,6.927133977133977,6.023021026592455,28.873819012453467,81.32744679690057,9.911938775510203,4.688975607725608,3.095738440303658,3.1432539682539686,232.61071308321308,47.522298673548676,0.0,7.560143021535426,0.8488424023234149,14.32683708696367,1.6040714559701903,-0.34866650227409707,28.067196010740318,144.85714285714286,1066.916804048311,194.24166416916415,11.944285714285716,25.78,13.155746465559758,19.008511028001532,7.198884979998903,3799.0,,,25.26688311688312,12.581818181818182,18.63896103896104,,,253.08531746031744,257.5992063492063,14.029861111111112,19.244940476190475,,18.376298701298705,18.081818181818186,,21.66363636363636,,9.032792207792207,9.145454545454546,,12.081818181818184,,13.092532467532465,13.345454545454546,,16.36363636363636,,,
0,1999.0,9.015070876835583,5.573634302205731,0.4424454630336983,0.8536403640364038,0.473885918003565,16.80315281528153,17.076648841354725,24.961341506299494,65.28243109364958,31.231506238859183,3.364008214008214,2.5666235334713594,3.3976604278074864,224.27652256693924,41.51395533821459,0.02244668911335578,9.401065326991253,1.3112674362674364,14.803545597064115,2.5738839007357526,-2.1033881139436694,27.817159469474287,166.21428571428572,1283.4973063048064,222.64188757059125,10.928571428571429,25.062857142857144,12.087771649475354,18.77405736376107,5.510884791477384,4371.857142857143,,,23.577272727272728,11.861363636363636,17.395454545454545,,,252.49427043544688,252.92929292929293,13.839104278074867,18.113606654783126,,16.86818181818182,16.990909090909096,,21.91818181818181,,8.418181818181818,8.181818181818182,,11.672727272727274,,12.100000000000001,12.1,,16.400000000000002,,,
0,2000.0,10.41378004711338,6.362578470911805,0.840085223418557,1.5699724517906337,0.5214993067934245,17.93441485562698,12.97975836799366,30.651398046398043,87.95131519714853,29.531511190334726,4.110583669204359,3.1581498211932995,3.3491978609625668,167.39609629629632,32.239412644968205,0.37654944506796356,9.377447312632498,2.5441241685144123,14.12540650406504,0.24576250307957623,-2.8160961466517023,26.408336720867204,150.8857142857143,1266.3082051282051,237.56073575258762,10.912857142857144,23.02142857142857,11.31472839506173,17.236769339738853,5.435945753834642,3724.285714285714,,,22.503787878787875,11.555555555555555,16.925757575757576,,,247.89304812834223,255.17112299465242,14.222780748663103,18.692673796791443,,17.256060606060608,14.445454545454544,,17.99090909090909,,8.79141414141414,6.672727272727272,,8.518181818181818,,12.798989898989902,9.981818181818182,,12.572727272727272,,,
0,2001.0,10.385763222284961,6.734050756007278,0.5836598908338039,0.4066393097643098,0.22068645640074205,6.397401094276095,7.337167594310451,25.74547750799925,81.74225854821508,11.748680684394971,3.962177579365079,3.3398809523809523,3.3921925133689843,178.04865882161658,37.45582054309327,0.00613931523022432,8.519395251213432,1.3963804713804713,14.004105154105154,1.1405011655011654,-1.4524229306047485,26.771678645428647,152.87142857142857,1404.6394138047137,210.26657680703136,11.29714285714286,23.54714285714285,12.356308835104288,18.362169515669517,6.350016922471468,3621.428571428572,,,23.727272727272734,9.663636363636364,17.436363636363634,,,252.21390374331554,249.1283422459893,14.360481283422459,19.243529411764705,,16.21818181818182,12.79090909090909,,16.245454545454546,,6.409090909090909,5.409090909090909,,7.009090909090911,,11.20909090909091,9.045454545454543,,12.154545454545454,,,
0,2002.0,9.832569169960474,6.5078436539306095,0.7136253842775581,0.8080886994949493,0.43142098830874337,14.270754419191917,16.332892334422947,27.73099516908213,83.20899824330259,27.457681037783075,3.8411708661708666,2.882783189033189,3.5058823529411764,259.98920002372057,53.13597462722462,0.011904761904761904,9.054954304954306,1.5172017797017798,13.51348605098605,2.818984487734488,-1.8648653198653198,27.144785954785956,162.70000000000002,1095.3710942760943,232.31452200577198,11.464285714285714,23.67142857142857,12.068285443722944,17.77941314935065,6.242807088744589,3685.0,,,23.83746031746032,13.645396825396821,18.650000000000002,,0.0,255.94652406417111,255.51336898395718,14.627807486631015,20.151711229946525,,18.851428571428574,13.522222222222224,,18.166666666666668,,10.94,5.5555555555555545,,8.533333333333331,,14.817142857142857,9.255555555555556,,12.866666666666667,,,
0,2003.0,12.136136234796949,7.882147044423831,0.9629876571840859,1.872430996899082,0.6753156565656565,24.778851969543457,17.04346327861953,29.919942118893008,103.64692215522572,45.99023042929292,4.615855379188713,3.5293360433604337,3.366310160427808,133.38972320608684,30.47440623967733,0.07778994766946574,8.724690102400945,2.3367035240529215,13.980389088822823,0.4262165545298075,-1.8305627705627707,25.620240181505242,146.38333333333335,1423.9053548303548,228.37715863453818,12.515,23.56571428571429,11.426261261496201,17.0250497313931,5.694475225577635,3668.285714285714,,,21.594805194805193,11.892207792207794,16.88961038961039,,0.0,263.1818181818182,262.7219251336898,14.609358288770053,19.15112299465241,,17.102597402597404,12.47272727272727,,17.172727272727272,,9.17922077922078,4.045454545454546,,6.672727272727273,,13.145454545454543,8.072727272727274,,11.927272727272728,,,
0,2004.0,11.634156884156885,7.187357812357813,0.8178428428428428,1.1614845261121858,0.30445075757575757,19.09497635933806,14.004561237373736,30.789370734370735,95.69977984477984,22.896170033670032,4.142854503220357,3.4093711843711842,3.3828877005347597,160.7064740971079,33.73351177278007,0.32750413543096474,7.979745187062262,1.361205698095942,14.367440080244958,0.24824464153732445,-2.4694917819308064,26.048681941364865,,1155.7178455988455,214.94648483968606,,,12.123255332066309,17.810822770386793,6.41878366416781,,,,23.533766233766237,12.166233766233768,18.198701298701298,,0.0,229.84491978609626,225.54545454545456,14.616470588235293,20.388342245989307,,17.685714285714287,13.536363636363637,,21.527272727272727,,8.246753246753247,3.736363636363636,,7.627272727272729,,12.653246753246751,8.436363636363637,,14.70909090909091,,,
0,2005.0,10.262990653586984,6.161905092868396,0.5575016217218052,1.6389347669238974,0.6195116054158607,17.924657679277242,16.995108378619015,25.886901187497518,73.97341743119266,36.374260077983486,4.543476237024625,2.8683274544385653,3.231016042780749,233.10983410493822,49.7189283008658,0.07220959595959595,8.591622474747474,2.3569047619047625,14.69900072150072,2.0734938672438674,-1.6883434343434345,27.03002380952381,,1165.668119759987,230.25438311688313,,,12.109412896825397,18.00511417748918,6.223013248556998,,,,23.784415584415587,12.205194805194806,18.384415584415585,,,252.02139037433153,244.5454545454546,14.23754010695187,19.560213903743314,,16.645454545454548,13.245454545454544,,21.55454545454546,,8.342857142857143,3.290909090909091,,7.981818181818181,,12.546753246753246,8.336363636363636,,14.909090909090912,,,
0,2006.0,10.980473195567535,7.094810299763129,0.7902784584388358,0.3147562582345191,0.19648325358851673,5.051306543697847,6.997464114832535,29.05661224781508,91.48479029278096,12.11433014354067,10.414351851851853,4.2043083900226765,3.2442780748663105,165.5389671717172,36.41786631373981,0.03041255932822198,8.640527477876876,1.3827678680088318,12.59192745005998,1.061353205027904,-1.6191371981432223,26.393164823797353,,1245.6315072805983,226.1335182722231,,,11.804720118569515,17.363470440202367,6.118531876423442,,,,24.45350649350649,12.178701298701299,18.297142857142855,3.3825311942959004,,256.2620320855615,246.53475935828877,14.68042780748663,18.987540106951872,,16.51896103896104,12.218181818181813,,23.581818181818182,,7.008571428571428,0.2000000000000001,,7.972727272727273,,11.542857142857143,5.827272727272727,,14.990909090909092,,,
0,2007.0,9.509457616797066,6.070455207381813,0.7567344480188518,1.7531912531912532,0.6170056944250493,21.285192585192586,19.78703626122981,30.397809682672065,83.63154510372402,40.29714192617419,10.36465133965134,3.342350374493232,3.2278074866310162,230.00634256854255,46.21254425791012,0.6922117516629711,9.340917449758912,2.7161528173723295,15.46795832893394,2.171111815014254,-3.1061320962235595,26.992974342730445,,1188.5990857142858,237.37187554992434,,,11.648538851054095,17.807882553760603,5.694937167845704,,,,21.46363636363636,15.245454545454542,18.11818181818182,3.764614633732281,,252.192513368984,248.97742127153893,14.561390374331552,22.114997029114676,,20.06363636363636,,,,,13.590909090909092,,,,,16.718181818181815,,,,,,
0,2008.0,11.141837355031798,7.108838383838383,0.8180852840575062,1.3195382395382396,0.6503705533596837,19.91566418149751,19.62536231884058,29.15973722008444,93.31041850382127,46.050052151954326,8.206780025530025,3.411166666666667,3.330534759358289,188.1053703703704,36.95836357401173,0.10919690734505547,9.57169846614291,2.371156004489338,14.110537473500434,1.0152263374485597,-2.1030200149644593,26.62653884524255,,1145.3141949176365,237.44379357953432,,,11.44846848110737,17.240992954233693,5.517098453672527,,,,20.454545454545457,14.336363636363636,17.618181818181817,2.8434110007639415,,256.0160427807487,261.3048128342246,15.086524064171124,21.93561497326203,,19.0,,,,,13.181818181818182,,,,,16.227272727272727,,,,,,
0,2009.0,10.930812139249639,6.59255321067821,0.5937886303511303,1.1111791831357047,0.42212238665727037,21.86197628458498,12.084114399812075,26.663560891654644,80.80910659515922,28.31666470910657,8.239210095460097,2.9782377344877347,3.1693850267379675,146.6111712700445,28.88160627438405,0.18881094899613418,8.78346427235316,1.9435309889013592,12.710559296670409,0.34736563162489087,-2.6454089840200954,25.59334705075446,,1306.637673160173,231.4639462081129,,,11.307326848734256,16.978642723531614,5.580408338232411,,,,21.1,16.39,18.85,3.0084967320261433,,251.6280451574569,245.49019607843135,14.44812834224599,21.42822341057635,,20.29,,,,,15.449999999999998,,,,,17.93,,,,,,
0,2010.0,10.156587271144232,6.106499899537875,0.684450898374949,7.529165481720225,2.0401461707017265,95.24996603153537,62.814645796590234,27.747066140610446,82.08569608421881,199.61663593608037,8.970954644484054,3.4781179138321994,3.0320855614973263,263.3291163738223,51.05219843219843,0.10599326599326599,9.650997594997595,3.449351611351611,14.742248196248196,2.076772486772487,-1.6621369889369888,25.904189610389608,,1449.8507195423626,233.11759974259977,,,12.039764615264616,17.850201000481,6.101268196248197,,,,20.39,14.939999999999998,17.61,3.3935828877005347,,244.01069518716577,225.45454545454544,14.157754010695188,20.019786096256688,,19.56,,,,,14.329999999999998,,,,,16.87,,,,,,
0,2011.0,13.545241877298329,9.020415997532933,1.2574766966904063,7.808832293247878,2.077338157485216,90.38483864620228,59.68940773279009,37.07644448517432,127.96211128103985,167.3180300908242,10.059560652113845,4.1489671560323735,3.2034090909090915,245.35315476190476,47.123629011635344,0.11063802582789922,8.03832630098453,0.9812907556578444,13.15307825086306,2.071087456846951,-0.9564556962025315,27.24261379618975,,1286.3143439218438,217.14239131824573,,,12.530243543025188,18.022262434471298,6.965699590845161,,,,21.314545454545456,15.201818181818183,18.021818181818183,3.465295815295815,,248.97727272727275,252.44318181818184,14.982386363636365,21.980681818181818,,20.014545454545452,21.18363636363636,,22.531818181818185,,13.469090909090909,14.264545454545456,,16.401818181818182,,16.69818181818182,17.81818181818182,,19.203636363636367,,,
0,2012.0,10.00167639011725,6.066962507822723,0.598367701593508,1.9131017971927062,0.7857165008480799,39.89364040841313,28.939444887471208,25.45811989583495,76.90583623663248,54.76988493962178,8.447597402597403,3.0419499876816953,3.0357219251336898,223.4081115502855,49.85992424242424,0.0,8.293495855995856,0.8810638435638436,14.046642709142711,2.650294612794613,-0.5978014115514113,28.490439329189332,,1298.1218666932484,206.15921620046623,,,12.856957103082104,18.918799242424246,6.671770946645947,,,,24.14909090909091,15.860000000000003,19.766363636363636,3.098263888888889,,274.8663101604278,253.73262032085563,14.967486631016044,22.2096256684492,,22.60025974025974,17.163636363636364,,21.527272727272727,,15.334805194805194,7.881818181818181,,10.954545454545451,,18.982337662337667,12.463636363636365,,16.363636363636363,,,
0,2013.0,11.532183620631274,6.847305832955653,0.8279203848698434,4.397986111111111,2.052166368114644,54.6128557900433,50.57091854505648,31.615350435765595,91.07817113110629,140.01570943424392,9.984369202226347,3.3489729225023344,3.1836229946524064,224.00658120615017,40.41705013891581,0.005427408412483039,10.078427666860502,2.5590020675841574,14.047640046520645,0.8128900949796471,-2.346436486399173,26.356011339406862,,1343.5950391006843,241.02584528655427,,,11.457620242941138,16.931813335917813,6.004847693351424,,,,21.296363636363637,14.894545454545456,17.998181818181813,3.148575036075036,,258.8770053475936,239.14438502673798,14.61229946524064,21.578074866310164,,19.865454545454543,16.20909090909091,,20.509090909090908,,13.570909090909092,7.527272727272728,,10.009090909090908,,16.61090909090909,11.254545454545454,,14.71818181818182,,,
0,2014.0,11.125467152181955,6.73501453420226,0.7462695547533091,8.034046015712683,2.2678743214457504,101.94398508898509,66.89783607045511,28.807012570261666,85.99743120949306,177.88906697359076,5.356654204381478,2.738929939792009,3.4509090909090907,174.3517788790157,34.062920818158915,0.5371950800522228,9.42970292494102,2.898165326736755,13.274658146086718,0.4190751047893905,-3.637100712338808,25.481382532811104,,1584.7572111592115,257.7059169930598,,,10.667957030623699,16.408294166151308,4.926670514670515,,,,20.56323232323232,13.518383838383837,16.672727272727272,3.2566666666666664,,255.61497326203212,245.80748663101605,14.596791443850268,19.786417112299464,,18.380606060606063,14.590909090909092,,18.28181818181818,,12.15858585858586,7.818181818181818,,9.854545454545454,,15.022626262626261,10.927272727272726,,13.863636363636363,,,
0,2015.0,11.000950269242951,7.083734935215771,0.8658179605914798,7.890946045824094,2.4342561266931013,118.84552185619258,60.73056919737593,29.4020460453213,94.68298564632182,181.50799531933984,4.8604166666666675,2.920414462081129,3.3517112299465244,214.1652036951144,39.33581990868876,1.223124689518132,8.374937312232396,2.688495611856268,13.787975776500366,0.7290179310671113,-3.4659316230217874,25.865808258226288,,1385.0526145693386,239.7270598845599,,,11.35978545407234,17.287232104416532,5.431112323468881,,,,22.23381818181818,15.76509090909091,19.321454545454547,3.090909090909091,,247.96256684491982,246.81283422459893,14.268877005347592,19.545401069518714,,20.557818181818185,16.36363636363636,,19.8,,13.741454545454545,8.227272727272727,,10.345454545454546,,17.740363636363636,12.272727272727272,,15.27272727272727,,,
0,2016.0,10.82499689677109,6.941857127340998,0.5438058257950731,2.1981012658227845,1.1871166207529844,32.00827579593402,34.77876721763086,25.897878167233007,81.81628629500581,81.20825298438935,4.538841113841114,3.0976190476190477,3.383262032085562,264.01034080298786,54.218416741304665,0.121608324625566,8.302848683883168,1.4968838632631738,15.026918196745783,2.0234469074986317,-1.590854729561626,28.243527889734793,,1150.1520306965763,213.6150433522416,,,13.01340781584316,19.01972354082699,7.140695476936856,,,,23.970101010101004,16.50686868686869,20.250303030303026,2.1535714285714285,,259.80748663101605,255.79144385026734,14.279144385026738,19.44919786096257,,22.07717171717172,17.61818181818182,,21.26363636363636,,15.342626262626263,9.445454545454544,,10.909090909090908,,18.726666666666667,13.090909090909092,,16.2,,,
0,2017.0,11.199887177093059,7.030550486187742,0.90351542974092,1.4733554593554594,1.1302337953853105,27.40560557960558,29.242737257131196,32.8700882187892,98.20208552400982,77.72695971256576,5.144712694712695,3.2558080808080807,3.4820855614973265,200.2484834710744,38.47424812030075,0.11291866028708132,7.919133059922534,1.4822909546593757,15.174681020733653,0.8330542264752792,-1.4973017771701982,27.639932786511736,,1201.892231934732,207.1107387787651,,,12.62548541809068,18.600472146274782,6.713280132148553,,,,22.213737373737377,15.76,18.96343434343434,2.1387878787878787,,259.67379679144386,259.0160427807487,14.536791443850268,19.97379679144385,,20.672727272727276,17.172727272727272,,20.363636363636363,,14.416161616161617,8.845454545454546,,10.7,,17.508888888888887,12.854545454545455,,15.609090909090908,,,
0,2018.0,12.784694889296118,7.854518896236688,1.0996315034658595,1.7461821866077183,0.9385091516670464,31.725866952196736,32.73256056808688,33.26987903796953,111.58987120689295,71.10392395129237,6.879456906729633,3.168531746031746,3.362281639928699,261.2930375180375,56.72881465991635,0.008859784283513097,9.844478685156652,1.2536613104409715,14.126540220608018,1.9403844742827792,-0.372354660405508,27.41616186073813,,1551.6255985680987,229.71659476117102,,,12.446235637244111,17.82721042140534,7.262362853718787,,,,22.41090909090909,15.081818181818182,18.749292929292928,2.1661111111111118,,260.7724301841949,257.13012477718365,14.142840166369577,19.265478312537137,,21.052323232323232,17.627272727272725,,19.963636363636365,,13.781818181818181,9.645454545454545,,11.327272727272726,,17.3450505050505,13.254545454545452,,15.47272727272727,,,
0,2019.0,11.593094662539109,7.627244874467096,0.8403793737127071,1.8636244588744588,0.813885582010582,32.51369769119769,29.713140933140934,29.498992838437285,98.86579902745657,55.125955387205394,7.434415584415585,3.7561827956989244,3.368342245989305,242.97256336954447,48.25969155844156,0.08097943722943722,8.85472132034632,1.4994724025974027,14.587824675324677,1.76599025974026,-2.1680262445887446,26.912942370129866,,1268.0298716329964,223.40008928571427,,,12.409683035714286,18.37095738636364,6.572274350649351,,,,23.78,16.22,19.419999999999995,2.501010101010101,,252.0320855614973,247.48663101604282,15.225668449197864,21.11336898395722,,22.000000000000004,,,,,12.68,,,,,17.580000000000002,,,,,,
0,2020.0,11.853255816433155,7.313673238365356,0.7103928091612821,2.8065009937651446,1.1731875404289196,46.129431784148764,41.64600338358959,30.60684673085535,91.46763688472022,102.00780066676619,6.475275974025974,2.9156802721088435,3.3588235294117643,256.61230703259,47.196425160697885,0.0,8.746446280991737,0.860633608815427,13.470642791551882,1.9705050505050505,-1.4229485766758494,26.9871230486685,,1206.6255227476925,223.46710560146926,,,12.393011753902664,18.137391184573,6.6474062442607895,,,,20.5,12.97272727272727,16.518181818181816,2.705808080808081,,257.5080213903743,252.8395721925134,15.182941176470589,20.147326203208557,,17.87272727272727,,,,,10.763636363636362,,,,,14.072727272727274,,,,,,
0,2021.0,11.486101107109508,7.371795384820595,0.7841403227957849,9.936975835110164,2.63885949441505,112.79891613361762,81.64003527336861,30.536363211951446,97.51740139823242,202.63521457965902,6.127412280701755,3.002925170068027,3.24390756302521,121.32628930817611,60.86248876909254,0.24797843665768193,8.70058400718778,2.637466307277628,15.892857142857144,1.7129380053908356,-1.294811320754717,27.872282120395326,,1953.654587912088,215.3780772686433,,,12.946803683737647,18.97391060197664,6.918656783468103,,,,19.616666666666664,11.666666666666666,15.1,2.614285714285714,,242.87815126050415,239.29271708683473,14.666456582633055,19.81232492997199,,16.400000000000002,,,,,8.783333333333333,,,,,12.7,,,,,,
