,YEAR,DP01,DP10,DP1X,DSND,DSNW,EMSD,EMSN,EMXP,PRCP,SNOW,DYFG,DYTS,AWND,CDSD,CLDD,DT00,DT32,DX32,DX70,DX90,EMNT,EMXT,EVAP,HDSD,HTDD,MNPN,MXPN,TAVG,TMAX,TMIN,WDMV,WDFG,WSFG,HX01,LX01,MX01,DYHF,TSUN,WDF2,WDF5,WSF2,WSF5,PSUN,HN01,LN01,MN01,HN02,HX02,LN02,LX02,MN02,MX02,WDF1,WSF1
0,1960.0,9.265027802331469,5.928095842493748,0.5846926633575849,1.5640509402414167,0.5679520068408956,31.008133870832285,20.27908048741382,18.178185803434495,74.06284371387775,44.03288039121372,4.145916057122953,1.6737658366098733,,73.04104204437537,15.309924008844868,0.1865058602468674,11.377846813458325,0.6751539028517446,11.51487121990719,2.412526602094948,-5.310375751346974,25.221405135631752,103.945,1364.5822331565937,272.61527850446913,,,9.702036524027532,17.225277084825645,2.2508461594360876,843.409090909091,225.0,22.85,,,,,,,,,,,,,,,,,,,,,
0,1961.0,10.035228829264364,6.2355646750316795,0.5925859391595432,1.6410688252183099,0.6642858983420207,30.44682502491781,21.431984936831878,20.147076933219065,78.55846732370844,48.87438911711871,3.337120419263276,2.242156862745098,,100.67346151423533,20.46282786277649,0.1196969696969697,10.767328371780428,0.6150096859000967,11.334642659471427,3.2295765877957656,-4.115110745418964,25.598027288540983,170.63958333333335,1327.2205776345625,260.5088795736227,,,10.220764415189073,17.597934852438275,2.7942987012987013,1459.2545454545455,200.63636363636363,18.681818181818183,,,,,,,,,,,,,,,,,,,,,
0,1962.0,8.804941757115671,5.430359669852424,0.4628357418212491,1.3168623517404006,0.49650019613611845,29.632931932566077,17.616853521343813,17.843431572453312,63.995297453485854,35.85090205102341,5.108957971162695,1.6813323201621073,,43.43356217573774,9.360616466866468,0.12559870684870683,10.552019277019278,0.674786077333848,10.718798080899992,1.524013106497183,-5.091509347134347,24.711059020597236,138.60260606060606,1364.5673754004074,265.3221473433974,,,9.732543424168425,16.989285797005543,2.4137151783401785,1352.3721212121213,208.8181818181818,18.50909090909091,,,,,,,,,,,,,,,,,,,,,
0,1963.0,9.832228869381648,5.875779955641066,0.445118012131901,1.0611632759520082,0.4677992550085573,18.935843173519228,16.15607017013994,17.709136370316926,65.00749123176207,34.333380818148264,3.8511904761904763,1.9425409226190475,,45.242669264069264,10.609358962293744,0.051118998323967275,9.565294470884535,0.46627365043514113,11.003309716508474,1.5477590904609537,-3.549448477678291,24.934136708701928,134.42032467532468,1233.996721806523,250.25713281887195,8.7925,17.5975,10.24906340915813,17.342496616564944,3.1408300305629497,1618.4718855218853,198.54545454545453,17.51818181818182,,,,,,,,,,,,,,,,,,,,,
0,1964.0,9.402590015804302,5.608795952724524,0.48738026523740813,2.2479562104562105,0.9366838023088023,58.10357403013653,26.844377844377846,15.593083402047688,67.6598347591562,76.92034163752913,2.1363636363636367,2.1979076479076483,,38.41193232628091,8.799528700679007,0.173051948051948,12.33675426482175,0.77992908175835,10.532687502199698,1.3862435328898741,-5.555491306580264,24.592536207017915,115.17795454545454,1315.4892028603706,286.24182103683637,7.364545454545454,18.751590909090908,9.01842642020556,16.421394869865907,1.5146457210138193,1712.6617845117844,232.72727272727272,16.818181818181817,,,,,,,,,,,,,,,,,,,,,
0,1965.0,7.219865827964419,4.092519256955876,0.31276649797776557,1.2883609281713548,0.4830323109804242,33.26765129288825,17.394599975496202,14.447454254144397,46.29460159949597,38.501571476217705,5.416666666666666,2.6566666666666667,,46.97157701636425,10.941738710007943,0.1523867158482543,11.091150729612268,0.7171396979089286,11.776180016564632,1.434931521469983,-5.035702993587609,25.44298231682847,132.65738095238098,1253.2534266163943,257.10472358837745,8.60075,21.000625,9.979082927756004,17.595869318715476,2.391709916152224,1337.8507575757576,166.36363636363637,18.827272727272728,,,,8.0,,,,,,,,,,,,,,,,232.72727272727272,16.21818181818182
0,1966.0,8.071580676268177,4.867325556388057,0.38679809773559776,1.9185278583336836,0.6994390857254934,43.49552424382521,22.426675913083677,15.847645774364524,56.63651430167056,53.79680893540117,4.0,1.957070707070707,,42.73709723130587,11.402595309354567,0.09174482924482923,11.130776904850979,0.6554620276842499,12.041332193184044,1.8585350863128642,-4.555011624178291,25.585186588103255,147.76642255892256,1261.9822594836185,260.70861240268647,9.363333333333333,22.735833333333332,9.878037709546968,17.4334997817683,2.2973474716298794,1618.3146464646463,217.27272727272728,18.87272727272727,,,,,,,,,,,,,,,,,,,,250.0,15.3125
0,1967.0,7.693697848045675,4.459898501927487,0.30282779485678035,1.8675687176900768,0.7913969795037756,49.588607643704734,27.994997303128372,13.209083589518372,47.88156929892437,61.81861086594096,4.166666666666667,2.1872813411078718,,85.95172441325015,20.201405914546157,0.2541924031253299,11.263240858057932,0.9341797768627036,11.56227035159962,3.356911668954352,-4.086467198113539,24.913363359201774,165.69444444444446,1158.810644702054,260.73922594850944,9.634545454545457,19.55909090909091,10.132932651867103,17.803840279977475,2.44634681307852,1804.901818181818,212.8181818181818,16.490909090909092,,,,,,,,,,,,,,,,,,,,295.5555555555556,12.355555555555554
0,1968.0,9.139584494163701,5.782989370365608,0.5200177160573201,1.5066878809416122,0.6123107406689495,35.00402748163942,15.635986194568284,16.964594548740585,70.66744890560484,45.39572412109725,3.8285714285714287,2.4275280898876406,,59.24668554681328,13.323396738634079,0.10391806261371479,10.887756222383551,0.7697401227464519,10.24767749831041,1.9768624308181268,-4.78885698152779,25.342813578826235,152.704,1322.8602970177972,265.3156238241365,9.51090909090909,19.326363636363634,9.846806738268763,17.058702469998355,2.6204555044679267,1856.8109090909088,238.0909090909091,17.881818181818183,,,,,,,,,,,,,,,,,,,,230.9090909090909,11.742424242424244
0,1969.0,7.818345057720057,4.749104617604618,0.37139357864357864,2.410794816855423,0.64291362397423,71.13049597708688,19.754016354016354,15.871473593073592,54.74295504799237,46.1562575611818,3.35,3.1165564373897703,,55.630370817812675,11.500714875620536,0.05066545962772378,11.063756386869594,0.5475242088449636,11.457169629811139,1.7776901993883125,-3.9698736012415257,25.039050523201468,151.47648484848483,1236.212130857183,262.1566122364707,9.683,18.486363636363635,9.927766553676932,17.316723780936044,2.519156252552479,1474.24,201.8181818181818,16.436363636363637,,,,,,,,,,,,,,,,,,,,266.3636363636364,11.031818181818181
0,1970.0,8.28140139612221,5.092184535712454,0.48105328118018476,1.832919294467518,0.7911266398576043,46.14994451403081,26.063256019220486,15.33159405878949,61.296276763281845,61.77800997648714,6.8055555555555545,2.531585156585156,,76.74844115480478,16.184542052532557,0.10686201983670338,11.64558834274024,0.7907227793303743,10.706432087602975,2.8285125212340403,-4.071680754196577,25.179502689645094,154.9731818181818,1352.9461852244506,270.3074287860522,7.572121212121211,17.57393939393939,9.778869798801761,17.267517222404884,2.303402081392588,1435.8444805194806,203.75,18.6125,,,,,,,,,,,,,,,,,,,,235.75757575757575,12.47272727272727
0,1971.0,9.495761365458335,6.030280620053348,0.6181032912093518,2.454243669472096,1.2060618879146798,71.35380088045063,33.678384094754655,19.537402834258895,76.56177061014182,98.26665512998,1.75,2.3955053449951405,,72.48071486502144,16.124759953533538,0.10547932151705736,11.847919899806692,1.0477710619220053,10.203349079292474,2.3100059444399066,-5.256952181291803,24.317958856307914,151.6974891774892,1457.4016524303436,287.0133148874187,9.565132275132276,21.31281385281385,9.206131460607876,16.302504181527766,2.1620740536542424,1427.5488311688312,,,,,,,,,,,,,,,,,,,,,,243.33333333333334,10.339999999999998
0,1972.0,8.884333874458875,5.348334054834055,0.47109325396825397,2.145656311862342,0.7443327749860413,57.90810618750318,26.715491599411198,16.725197871572874,64.66109258900305,56.94871707019948,,2.384318181818182,,73.78058227126408,14.950815760585701,0.6425891252578368,10.451311980453085,1.4211235935162314,10.804207057427917,2.249356403650882,-6.353678569215378,25.639723461609965,137.8386904761905,1507.74223873442,275.56990020715483,10.27809523809524,23.0459126984127,9.58712567834347,16.8712587332572,2.348388472808718,1726.1919642857142,,,,,,,,,,,,,,,,,,,,,,273.1313131313131,11.633333333333335
0,1973.0,8.90603808205331,5.586404472571985,0.5622772320741863,1.5096292596292595,0.7442294742294742,39.38575776075776,23.210226995226996,15.856729733887095,70.97865271643191,60.59656991156991,,1.8418207282913166,,68.30628419766175,14.951709472776546,0.009295552931916567,9.586918754646028,0.3210695808256784,10.60467611656636,2.400952908879738,-3.358589006952643,24.909164994896706,155.998,1358.3226465392845,252.9965178571429,10.36374458874459,24.687207792207793,10.299961307324113,17.415088212261992,3.2440191022781937,1706.8080952380956,,,,,,,,,,,,,,,,,,,,,,238.78787878787878,12.02651515151515
0,1974.0,7.915192636954295,4.771821097727834,0.5181203223949337,1.3788143713924963,0.6276036029942279,46.11855891504329,18.857988365800868,14.912791740498996,61.677712581028636,48.86771058802308,,2.0347896440129447,,70.564880368067,15.471852453102453,0.08036455705167361,10.432380775325562,0.5090038390964318,11.449501630057187,2.5219576719576717,-3.886455174001186,24.889775243617837,173.0566419294991,1269.7938586245969,256.17586386350274,11.151921768707483,25.441299319727893,10.256057904886609,17.675210522330893,2.846245237209961,1698.5136363636364,285.0,19.2,,,,,,,,,,,,,,,,,,,,273.3333333333333,11.218181818181819
0,1975.0,9.69173041831772,6.045823312489978,0.48394813593226294,2.228542261520985,1.0801261091154708,62.044300336188634,30.81561185563845,17.487312180764558,71.44042742237187,78.45401392342882,,2.3143571428571432,,56.366926573426575,11.183408410248035,0.06766166125541126,11.207242063492064,0.9552962662337663,9.906280212842713,1.4288965548340549,-4.244464939574315,24.224819624819624,163.08126984126983,1294.2416678345635,280.6376784012633,9.601738095238094,23.89779761904762,9.120383570075756,15.929147637085137,2.406642884199134,2552.237662337662,218.57142857142856,20.327272727272728,,,,,,,,,,,,,,,,,,,,214.28571428571428,14.645454545454545
0,1976.0,7.389757696007695,4.200223264389931,0.22914421997755333,0.9844492544492545,0.3647510822510822,28.45589706589707,12.325559163059163,13.302834836459835,43.620093915343915,26.806829004329003,,2.5466196355085247,,41.14352375798804,9.456587527056278,0.16143354729561626,11.006813205951136,0.4748972863556197,11.099431066618568,1.2537295073753407,-4.936013061650993,25.613171722182138,167.8717142857143,1449.9592106835948,261.19852092352096,9.457409523809524,23.984866666666665,9.86541303411095,17.42543056307119,2.3398007986266607,2460.907619047619,258.75,20.009090909090908,,,,,,,,,,,,,,,,,,,,207.27272727272728,13.53636363636364
0,1977.0,9.20916782770231,5.63115639150122,0.529610762800418,1.2374696594349772,0.5743174936816554,27.783768736080873,24.596332649367334,17.72360443515616,69.7288546383374,46.86899569601882,1.0,2.316738095238095,,77.25355212121212,16.765550564351933,0.06997575364922302,9.947149090516437,0.5742920891893495,10.521524936250962,2.2957068236177824,-3.7221518636314554,25.91106997074463,172.8045833333333,1287.584620859508,248.94433318013796,10.80569387755102,25.159268707482994,10.4051542627844,17.71982637529898,3.120022653650205,2298.5488095238093,209.25,23.19848484848485,,,,,,,,,,,,,,,,,,,,155.71428571428572,17.442857142857143
0,1978.0,8.954205762339734,5.554783480740419,0.3785586555921484,1.3154641654641654,0.4757094757094757,20.66080380524825,16.03561541339319,17.440451403992075,59.42420514095156,30.832905777350227,,2.2127906976744187,,60.75220497957786,11.3802048393108,0.3085939280018227,10.474778091060985,0.9684407939374826,10.523225394914139,1.6290843630247602,-4.393299133249791,25.65494619802567,147.04689153439153,1194.9524833393918,262.39136944181644,10.347571428571428,24.393343915343916,9.816073294439187,16.98294182840706,2.6241969388433204,2487.7999999999997,233.5909090909091,18.295454545454547,,,,,,,,,,,,,,,,,,,,,
0,1979.0,9.514919821962076,6.569602801997167,0.5848999722239159,1.821866269073716,0.6262478508489147,39.35409278959811,19.831767139479904,18.894507448732803,77.02384227926483,46.019874274661504,,2.0116987179487182,,61.205509447150064,13.388745173745173,0.17300246675246672,8.893315393315394,0.6295313170313169,12.079963242463242,1.9246173121173122,-3.8591864835614835,25.36531821594322,179.05625231910946,1346.466624884237,243.34206351643851,11.072680272108842,25.90244217687075,10.508984543797045,17.592962971900473,3.4563816251316255,2126.3257266542983,215.45454545454544,18.881818181818183,,,,,,,,,,,,,,,,,,,,,
0,1980.0,9.395278608076227,6.691034208296113,0.7033379429212762,1.0514470097803432,0.4487721126610015,23.9996405857517,17.021552829886165,20.065353778716872,82.03674683341349,33.268582651915985,,2.3441211052322166,,45.347280663780666,9.16848939492775,0.041669631738124886,9.26807408725217,0.37051755322303265,11.17195585996956,1.1790025993793116,-3.0586181037379667,25.716425507521397,160.95006802721088,1221.8053033936487,247.25988077941847,9.563396825396826,25.998173469387755,10.285545429836526,17.3816194824962,3.169081139180454,2246.8591836734695,180.0,26.2,,,,,,,,,,,,,,,,,,,,,
0,1981.0,10.163998387233683,7.638203180262003,0.8522604193192427,1.1083229159432368,0.5468813420685078,24.82907512867406,17.720577817904022,22.918654047477578,97.17000132982486,43.98552908766812,11.0,1.705232558139535,,67.50205904976566,14.905977658186561,0.05775909782759098,9.375535442487497,0.47987235367372355,10.53452652750598,2.4772203443436323,-3.4641062286267768,26.13379753997905,168.82375,1159.6590072568333,244.29563798454214,11.058539682539683,24.41401814058957,10.497670610211705,17.72834846508134,3.234429848880191,2344.6697240259737,,,,,,,,,,,,,,,,,,,,,,,
0,1982.0,9.838775570834397,7.27012520159579,0.7627259994907053,1.722186535089761,0.6545616593744935,39.328172081801114,20.651989142764542,21.538067891803184,88.068316399287,47.51210905849944,3.465811688311688,2.4520325203252034,,52.44554980304979,11.872712867421772,0.35503123208602655,10.91421825891004,1.1546127296127295,9.994987763737763,1.483119076869077,-4.66570583526063,24.598280756405757,159.08051587301586,1189.9431550910567,271.6412018670067,8.84865367965368,23.50321933621934,9.274620784656744,16.25183001101751,2.433063778687066,2373.2665313852813,,,19.063636363636363,9.007272727272726,14.112727272727273,,,,,,,,13.197818181818182,6.175272727272726,9.35090909090909,17.527272727272727,21.10909090909092,8.69090909090909,12.32727272727273,13.863636363636362,16.336363636363636,,
0,1983.0,11.992685963274198,8.854522111875054,0.8394942421413011,1.4362285012285014,0.8246089931573802,32.025338520338515,21.362198598892146,22.421530204000796,105.69044758509465,60.45407027261866,4.54578131816504,2.5662050534499516,,39.636265863765864,9.45200302456925,0.2728805326844542,8.816339869281046,1.2693468568468569,9.248830105080105,1.0515785140785139,-3.795531081119316,23.442211376586375,142.3543537414966,1282.2552147919284,251.88220122225087,9.374821995464853,24.31902494331066,9.779902371049431,15.85620923058423,3.280361229003386,1990.8974025974026,,,21.359168831168827,10.470077922077923,15.978597402597405,,,,,,,,14.656519480519478,7.5286233766233766,10.712727272727275,17.62727272727273,19.93636363636364,10.10909090909091,12.672727272727274,14.17272727272727,16.018181818181816,,
0,1984.0,11.025756430518335,8.234078454614169,0.8204877573925193,1.9698203739187345,0.7351806511642577,38.254248969003065,20.345209116930427,21.83193213312261,97.72158824640968,54.603429888265964,4.371747161807403,2.0816436251920116,3.872727272727272,51.28802584284402,12.039218215397462,0.23405075008848594,10.847331581765545,1.4883630000089625,9.668115045754798,1.5947821157448485,-4.238078902229846,24.160973913939753,155.32317460317458,1079.5435472881338,281.2267398604191,10.439666666666666,25.153726190476192,8.791056823853994,15.69059148718776,2.1334892205977107,2041.6206349206348,,,21.932499999999997,11.59,16.651590909090906,13.090909090909092,,,,,,,14.849181818181819,7.639318181818183,10.935636363636366,16.727272727272727,19.700000000000003,9.1,12.545454545454543,13.836363636363636,15.690909090909091,,
0,1985.0,7.995294680677744,5.734463587487782,0.44799201694362983,2.9600210001047986,0.8779410223544302,54.74426527848315,27.009126379517443,18.065393756109483,63.06346305799935,67.55948350222094,5.824359550982927,1.9251020408163266,3.4181818181818184,54.25353298701299,12.720131453513806,0.7086510524851332,11.488959583017879,2.4994020240672024,9.736921994176457,1.556144995877139,-6.219806909582694,24.27366884727376,174.13607142857146,1052.4626477665724,293.07166080651376,10.587452380952382,26.069968253968252,8.371884717509717,15.443249090071633,1.611168789108251,2136.2571428571428,,,23.896277056277054,13.02060606060606,19.20822510822511,9.818181818181818,,,,,,,16.331341991341993,8.805021645021643,12.655844155844155,17.536363636363635,19.89090909090909,9.5,12.327272727272726,14.090909090909088,15.909090909090912,,
0,1986.0,8.896277027301123,6.617902635071309,0.6357568803351935,0.7197731504994075,0.31775496384434926,12.97411263472716,12.093548010028458,18.732150825524315,77.55360279501845,23.894921481373995,6.657120575502928,1.8873809523809524,3.590909090909091,56.96878288190788,12.90948548352474,0.02506454748190285,10.694089656899575,0.8153810835629017,9.421400098982744,1.6153119148986916,-3.439506726056313,25.353273079078868,179.31987012987014,1109.1708537489824,269.383827337722,10.0854,23.760236363636363,9.345353308766532,16.133964615159865,2.7709915745411613,2490.8541125541124,,,27.018666666666668,14.587030303030303,21.003272727272723,10.181818181818182,,,,,,,19.613818181818182,10.118060606060606,14.318666666666667,18.99090909090909,21.00909090909091,11.918181818181818,13.7,15.227272727272728,16.918181818181818,,
0,1987.0,7.238021633384537,5.268378339850114,0.4859401910813201,0.8288024709373023,0.37266485075473843,13.581304011219741,11.28155065907875,16.729692256668063,60.70835292731462,24.628128597370168,4.208605320118478,2.4894607843137253,3.563636363636363,48.48778467564181,13.086745706479315,0.059397909096704275,9.55683078634886,0.9973044259929504,11.857228757126299,1.668044023371892,-3.789955246672114,26.755638468999127,172.17966269841276,1044.6226474545317,244.48728995162398,10.366619047619048,25.31414285714286,10.242117240910273,17.464290296110992,3.0861300294975,2267.065056818182,,,27.44318181818182,15.74659090909091,22.057954545454546,9.181818181818182,,,,,,,19.41590909090909,10.7375,15.060227272727273,19.863636363636363,22.463636363636365,11.763636363636364,13.990909090909089,15.863636363636363,17.818181818181817,,
0,1988.0,8.535002434693792,6.242447847077476,0.5331504343850022,0.9181368280506212,0.43099384651108785,18.810154707999537,13.539817717403922,15.060228668222496,68.57983527218096,32.49544874027633,4.241246441246441,2.00025641025641,3.472727272727272,69.43976357138638,13.734065010864624,0.159884000581675,10.700850559862188,1.3097252747252746,10.98400752025752,2.095352564102564,-4.797037092967325,26.414906995781998,161.60757369614515,1155.8436892443601,268.8086689434646,10.382777777777779,24.22502777777778,9.44320270941769,16.813429914529912,2.511436317773527,2123.1513914656775,,,27.21409090909091,14.849090909090911,21.130000000000003,9.636363636363637,,,,,,,19.46227272727273,10.32818181818182,14.96409090909091,19.988888888888887,22.65555555555556,10.255555555555556,13.944444444444445,15.966666666666663,17.944444444444443,,
0,1989.0,8.032824371077382,5.8177699253000466,0.3564977080037321,1.1141490299823633,0.3622719256052589,24.21278940195607,15.172057078723745,16.602040644540644,59.01403237770708,28.428856020522687,5.538492063492063,2.053525641025641,,32.98415309558167,7.253995948686669,0.41333582041773165,10.653192579131147,1.1471816842950864,9.833303828664652,0.8082097360447875,-4.756403774458382,23.49518659843402,163.77166666666665,1180.1571242209998,280.6732998740473,10.533395833333335,25.55564285714286,8.793446987052658,15.740314037527954,2.104936175504435,2115.324603174603,,,22.07272727272727,10.627272727272727,16.71363636363636,,,,,,,,13.90909090909091,6.799999999999999,10.436363636363637,17.63636363636364,19.90909090909091,10.036363636363635,12.727272727272728,14.563636363636364,16.4,,
0,1990.0,8.957326299431562,6.516946357735831,0.4549408194145036,0.9702529736428042,0.4713005763853221,16.96145412967447,14.458771329110313,17.4816439846703,67.24484051036683,34.579424185356395,3.5516316438191438,2.2171159029649594,,57.287273238069695,14.982425266489782,0.5613547921612437,10.787347553879814,1.9417900200158262,9.485496671786994,1.7504383698738537,-5.226690022343249,25.12757099799842,183.16357142857146,1113.757181414033,277.45996776520974,11.070960317460317,26.16376984126984,8.98836711353163,15.615660358190196,2.1760709316669,2186.292857142857,,,25.422525252525254,14.671616161616162,20.19212121212121,,,,,,,,19.061969696969697,10.051060606060606,14.810555555555554,17.9125,21.175000000000004,10.625,12.65,14.225,15.9375,,
0,1991.0,9.207555206633074,6.810610643909824,0.5628084119887399,0.5294083694083694,0.29839125953411666,9.122176046176046,10.052108018965162,18.56996800558276,72.75940567856551,21.110787878787878,4.359777974550703,2.1935497835497837,,41.36921359239719,11.84640018936549,0.017450447874976176,10.991905124923994,0.8242208019810543,9.383052699141027,1.3162193134590612,-3.6169595324312303,23.331203745430873,152.99539682539685,1043.7164524415161,277.84027374920913,9.60113888888889,24.451999999999998,9.0904125413668,15.547904689071883,2.6473451836423534,1620.1264069264068,,,23.683125,14.078125,18.4425,,,,,,,,17.345,10.248750000000001,13.898125,13.4,16.114285714285717,6.014285714285714,9.37142857142857,10.671428571428573,12.285714285714288,,
0,1992.0,8.210796976229075,6.119542426023908,0.5127089531410519,0.6271989280560709,0.3696965574108431,10.649817975675118,10.3672459286745,17.440336581571152,65.66223295565888,31.394450834879404,4.287104904228191,2.1561011904761904,,60.41311522449453,15.608602241707338,0.111005758219134,9.399931066810048,1.2523538676535522,11.014951793737282,1.6464293680382007,-3.334430451006884,25.511693045825535,172.72115646258501,1075.070195563382,251.83028812924516,9.754486394557821,24.640263038548756,10.126294554967325,16.957597054365195,3.416136873741969,1679.4476190476191,,,26.249545454545455,15.507272727272728,21.298636363636362,,,,,,,,19.242272727272727,11.530000000000001,15.380227272727272,20.942857142857143,22.85,11.985714285714286,14.725,17.47142857142857,18.300000000000004,,
0,1993.0,8.962082475811984,6.713234511390249,0.4709847302060416,1.212207586064729,0.3603978561121418,27.62214223871367,11.76374211502783,17.533693743642512,69.29488986764602,27.329783962069673,4.326391293891294,2.1542328042328043,,13.373397619349502,6.677427952349087,0.30831711091145053,10.56216318621979,1.520290341842066,8.289375392980409,0.5621370444254458,-4.865904042672911,23.416183849240277,158.0442857142857,1079.9254589959487,284.8776465761718,9.414887755102042,24.350086734693882,8.479070111889513,14.845952034903448,2.147737069708768,1794.6142857142856,,,25.80022727272727,14.890227272727273,20.65409090909091,,,,,,,,20.179671717171715,10.504671717171718,14.7375,18.342857142857145,19.985714285714288,11.914285714285716,13.485714285714286,15.342857142857142,16.857142857142854,,
0,1994.0,8.199071887708252,6.163140108284736,0.4804576163047238,1.0281429326487468,0.5353080220812779,19.999634215913286,15.12259660559079,17.69978262554709,68.8975151306453,43.38279891942682,3.3298701298701303,1.5973333333333335,4.83,59.075350250222584,14.137398324765513,0.16212188852813852,10.997649485930737,1.7471462511182136,10.320641551249029,1.6819158428971512,-4.1414636544011545,23.865729704701668,187.20157407407407,1109.2521569168507,280.23327499323597,10.747392857142858,26.4359126984127,9.147411690566377,15.817537334852753,2.3802749695616883,2119.2464646464646,,,26.414090909090913,15.997727272727273,21.366363636363637,,,,,,,,18.869090909090907,10.539090909090909,14.972272727272728,19.122222222222224,22.53333333333333,12.4,14.266666666666667,16.01111111111111,17.799999999999997,,
0,1995.0,9.566317991631799,7.35527057786472,0.7819282182252894,0.672100364106178,0.3075192189227277,30.021947674418602,14.300983519404573,21.371931825728897,92.5344870401565,25.157800013501767,4.120379230905547,1.8113475177304965,6.1,35.12740277337838,8.646438856174882,0.0341928602798168,9.711072683355294,0.9118021385102132,8.849103613777526,0.8871198677099298,-4.008320539019297,24.28733655319835,170.47518518518518,1467.5696778748072,273.5696650175222,12.551952380952383,27.360190476190475,9.359390601892931,15.6421641481362,3.0025635223127463,2306.0464646464648,,,26.1875,14.21568181818182,20.450681818181817,,,,,,,,19.98,11.032499999999999,15.215,19.57,22.34,11.78,13.99,15.830000000000002,17.84,,
0,1996.0,9.621726689386263,7.607537533388597,1.1080065088575728,1.0750517504981791,0.43604113423390534,43.40013850237065,14.38557563587684,25.69790734088607,114.08098395812225,36.76028355847633,2.367427312640079,1.5219512195121951,,68.26038780663781,15.158906960017209,0.14073631047315258,11.156523103659328,1.1698705107866598,9.214940218511646,1.8146832118881806,-4.782386257533316,25.262375496311833,167.54555555555555,1370.938875425834,285.69866073109085,9.532300000000001,25.586433333333332,9.150322956718918,15.61406649346168,2.6593696205755033,2184.625,,,24.34583333333333,14.527500000000002,19.564696969696968,,,,,,,,18.268333333333334,10.573333333333334,14.773257575757574,19.744444444444444,27.066666666666663,9.21111111111111,15.06666666666667,15.44444444444444,19.633333333333333,,
0,1997.0,8.888330031550371,6.81325849291951,0.5266592987991293,1.4274856119332862,0.2518549127640037,57.224274723984024,7.323844505662689,19.25655943515054,73.50065697837944,17.39297673706765,3.217307156780841,1.8791793313069909,,36.61325316039601,9.424140947288004,0.02033531798927693,10.296532882236695,0.8971912251970902,9.688071858086522,0.8650655063411662,-2.59099706744868,24.212656275786774,158.7331818181818,1381.3741746055096,270.7136217214158,9.4604,23.0791,9.38987583416909,15.747182601041837,3.069824387570722,2285.8454545454547,,,24.375,14.321363636363634,19.806363636363635,,,,,,,,18.494999999999997,10.998636363636363,15.035,18.73636363636364,20.35454545454545,11.454545454545457,13.545454545454543,15.336363636363636,17.000000000000004,,
0,1998.0,10.800156000156,8.117303620875049,0.6755134076562647,2.541771074310757,0.4891269421792677,83.61476156119014,14.153426499211385,20.712036066678927,94.65242559349703,38.97213308332494,2.6271717171717173,2.414437689969605,2.4055092592592597,67.9911620405738,16.843486563868407,0.26144483118546513,10.000571586594642,1.2794648834994657,9.53524427061891,2.028210054434838,-3.0817455743104154,24.214409575374994,173.35866666666666,1311.763503823017,280.2379874808189,10.955783333333333,25.760250000000003,9.388032087029204,15.469856417197919,3.2130989443633537,2251.42,,,23.34028409090909,13.15255681818182,18.433068181818182,,,197.12985008818342,214.84126984126982,11.573112874779541,15.233994708994707,,17.684204545454545,10.552045454545455,14.087272727272728,20.47142857142857,23.262500000000003,14.042857142857144,14.575,17.014285714285716,18.375,,
0,1999.0,8.737811447811449,6.441634694281753,0.6154507257448434,3.0933893943252233,0.586537999037999,143.11897161068285,16.304202741702746,16.87261071499307,74.00246542455365,50.88131313131313,3.5401843106388564,2.484126984126984,2.6739393939393943,40.10655570202564,10.109668204602414,0.035106133801785976,11.5591384863124,1.0818043791956835,9.67834546291068,1.1373631762762195,-4.332771660706443,24.192336292531948,169.24133333333333,1411.8887632121948,285.9702947710184,9.852250000000002,25.62925,8.993108541941151,15.589381508668463,2.3642241744567833,2691.0,,,20.591363636363635,12.946136363636363,16.82136363636364,7.252380952380952,,217.87878787878788,226.2626262626262,12.162626262626263,15.844949494949496,,17.431136363636366,10.773863636363636,14.191363636363635,16.77,19.16,10.66,12.38,13.78,15.919999999999996,,
0,2000.0,8.35250139187147,5.934426946631671,0.3502147458840372,3.4375782258676995,0.34271631982475353,100.88322985494038,11.475824510161859,16.258690760245877,57.304235862562635,25.427503955214796,4.445003607503607,1.395977011494253,2.4364646464646467,46.6754376880864,11.40531708058024,0.01937744794887652,10.914430329955113,0.9624786163916599,9.747559236254888,1.3559922203400463,-3.303046878615392,23.983637545224507,172.978,1364.3229910049895,278.01463650709263,11.415875,26.92825,9.333111734799052,15.86583739151348,2.7354489680225833,2769.6000000000004,,,22.898181818181815,14.601818181818183,18.835,7.590909090909091,,224.14141414141417,219.6818181818182,11.545454545454545,16.113838383838385,,18.860454545454544,10.084545454545456,15.181363636363635,17.94,20.06363636363637,11.33,12.872727272727271,14.400000000000002,16.472727272727273,,
0,2001.0,8.79554700548795,6.450574360023179,0.5069478531092704,3.57802570162264,0.4922667651709568,103.92408616043821,14.667674823513147,16.99398465816773,67.39286677233528,36.12283938616274,3.956495456495457,1.9286458333333334,2.391363636363636,51.6870960731188,12.538529355011914,0.0691084760649978,11.057748499487628,1.349785830389279,10.098626038712245,1.4683768099716374,-3.901835299161386,24.587032403260853,178.2795,1557.1112912615617,281.85382225494146,11.207125,26.498000000000005,9.126623300290692,15.733638383009072,2.519930223560658,2553.4625,,,24.095738636363635,14.76590909090909,19.768295454545456,6.757575757575758,0.0,208.3838383838384,224.7979797979798,11.883838383838384,17.387878787878787,,18.991647727272728,11.201647727272729,15.603750000000002,20.5625,24.02500000000001,12.85,15.4125,16.900000000000002,20.1625,,
0,2002.0,6.961591432760788,5.005170367267142,0.5048455464786109,3.063593780217491,0.26499110602884185,123.45924915576977,8.793000762340384,15.37256288402458,57.10968053228133,25.0034702369608,4.871534946534946,1.8050000000000002,2.3787662337662336,66.41487413974914,14.171249845696746,0.08432491795323653,11.23487413111307,0.8481922398589067,10.06287045475642,1.702873872391416,-4.626166436808029,25.028217197032983,184.76999999999998,1362.654460484322,273.64841407117956,9.867124999999998,25.644125000000003,9.492245435816232,16.464441937123954,2.52540660822298,2631.5625,,,23.240252525252526,15.346919191919191,19.424444444444443,6.9437229437229435,0.0,193.13131313131314,203.83838383838383,12.006565656565654,15.589393939393936,,18.928080808080807,12.782979797979799,15.761414141414143,19.725,17.925,13.325,11.8,16.3875,15.1,,
0,2003.0,9.059489487121068,6.713841421736159,0.49120660041712677,3.0107246709519435,0.3745025807525808,111.23302177620357,11.13318995818996,16.14419289774553,71.93559348546191,31.10670718170718,3.3938546176046174,1.7863636363636364,2.349727272727273,86.39645497528475,18.731737920137043,0.05536452663645645,10.532427554576678,1.1385062843758496,10.90010519271389,2.2075420875420875,-3.809133819396977,24.868724679507284,179.77836363636362,1350.362858899758,273.41748011653715,11.435374999999999,27.624999999999996,9.644304383644297,16.241295577932537,3.219523063762099,2293.5166666666664,,,25.201818181818183,16.320454545454545,20.665454545454548,7.166666666666667,0.0,226.4646464646465,235.67099567099572,12.373232323232322,16.29054834054834,,20.829545454545453,13.170909090909092,16.784545454545455,20.71818181818182,24.090909090909097,13.88181818181818,16.50909090909091,17.290909090909093,20.21818181818181,,
0,2004.0,8.19532266458496,5.994224889409316,0.4170816774300381,3.226041200179131,0.22637346206425152,115.01788237761143,8.283067754613807,17.68341765133773,63.1646904939323,18.658400262018684,4.202916924345496,1.9773809523809522,2.1972727272727277,65.31677504208754,13.636556079502508,0.025698158051099228,9.812575014854428,0.6941952083863848,9.955558950853069,1.390077773533656,-2.428167377557083,24.827946778711482,158.64333333333335,1420.2565547985712,265.4160648148148,9.567416666666666,25.693416666666664,9.808493612909542,16.239776888634243,3.3462843476784654,2487.6583333333333,,,24.221493506493506,15.234415584415585,20.013116883116883,7.066666666666666,0.0,189.9040404040404,203.30303030303034,11.548333333333334,15.644545454545453,,19.983214285714286,12.177142857142858,16.5875,17.857142857142858,21.11428571428572,11.6,13.414285714285713,14.55714285714286,17.071428571428573,,
0,2005.0,8.933583502665137,6.74967606090055,0.7291715993756811,4.073865490687921,0.318423497345066,105.00647395180107,11.615594554320046,19.548119459905173,83.08765899519982,27.866145111243153,4.697465728715728,1.525806451612903,2.2495000000000003,53.893978485703215,12.15468253968254,0.1134343004878719,10.480425642479213,0.9517878141758739,8.793050763498524,1.4834460812819021,-2.9572145240672025,24.045870442161483,171.33733333333333,1541.714591971102,280.92510124772105,9.408999999999999,25.009500000000003,9.221992324874064,15.64445704486227,2.7471015963203462,2365.8875,,,23.522386363636365,15.486647727272727,19.50795454545455,6.31060606060606,,196.95580808080808,210.09848484848487,11.340568181818183,16.2089898989899,,19.61903409090909,12.958522727272728,16.02278409090909,19.5875,21.8125,13.9,15.55,16.537499999999998,18.5125,,
0,2006.0,8.43613492063492,6.3727610389610385,0.6901877344877345,4.712462836493009,0.31212777121868035,205.06970225655576,10.158106107456756,17.884560562770563,82.04272756132757,26.089051460804708,8.406649831649831,1.9304457953394123,2.373684210526316,80.87734545286102,17.20917445887446,0.16594913750877055,10.510078173610284,1.1659368918543231,9.791741243805465,1.8592902595196172,-4.472500827409084,24.701397306397308,211.16,1445.3307540532792,281.61286971916974,10.04,25.658,9.391312111031437,15.756330168217781,2.919855672275397,2253.25,,,24.495454545454546,15.72181818181818,20.19954545454545,4.381480774127834,,202.27272727272725,218.93939393939394,12.344949494949494,18.356565656565653,,20.334545454545452,12.81,16.39090909090909,21.70909090909091,24.709090909090904,13.754545454545452,16.00909090909091,17.563636363636366,20.27272727272727,,
0,2007.0,10.350461041440424,7.7273216951052,0.8446551920778725,4.33837505087505,0.33123633239612615,176.08790807957476,11.996843248389641,23.92935190143953,99.16824753157802,29.73074597224082,6.675459956709957,1.6407894736842104,2.105837320574163,65.72076595974679,13.073106380537574,0.06103073724654272,10.21213217717777,1.2895049225324453,9.290715918468212,1.3983535662434747,-3.066306914126063,24.501971759976346,217.185,1462.4620127965177,278.14732025365055,9.658125,25.417375,9.334736505509442,15.630191744884405,3.0096855364324973,2571.0,,,24.127777777777776,15.67797619047619,20.49623015873016,4.933244206773618,,216.41414141414143,220.4040404040404,12.232323232323232,18.184343434343432,,19.695039682539683,12.443650793650793,16.214087301587305,20.24285714285714,23.557142857142857,13.671428571428567,15.62857142857143,17.014285714285712,19.714285714285715,,
0,2008.0,10.844439352959146,6.786637583109184,0.41896025661085906,5.253461867350756,0.42597290330692816,258.195114104003,13.2172116841204,16.55241565519965,72.75193440857836,38.32257788315879,6.7378169449598015,1.71046511627907,2.105071770334928,59.24611420523921,12.902036544446183,0.12804899250682383,11.352150593716857,1.3418654053443209,9.16616889636468,1.4530207409725482,-4.222960521740641,25.186595711851734,149.11,1558.9731963804713,290.3831095594499,9.8125,22.584625000000003,8.977925123654792,15.410827214702968,2.545082050061719,2210.0,,,21.787878787878785,16.115151515151513,19.401818181818182,6.256302521008403,,206.11616161616163,216.36868686868686,12.995505050505052,20.184898989898986,,19.830303030303032,13.30848484848485,16.50181818181818,,,,,,,,
0,2009.0,10.56287911055353,6.616038096270655,0.47035199942176686,4.448960107992366,0.2861502081397369,163.8304511706931,9.515239813996358,18.478244694581903,74.67376745113937,22.42002296714339,7.41337235996327,2.2470588235294118,2.1228468899521533,75.05142121052965,15.123664207309718,0.228575225943647,11.133320712655078,1.4933806217861945,9.371559692457524,1.6364576771697514,-3.9718639066471884,24.11602888683384,169.11,1403.5040298781992,293.12141652035615,9.5795,24.090333333333334,8.998523954717452,15.18793340972753,2.789664501047628,1814.6,,,15.72,10.06,12.8,5.060502079619727,,205.0757575757576,214.16919191919192,12.863762626262623,21.09813131313131,,14.78,9.12,11.98,,,,,,,,
0,2010.0,12.791677535854985,8.793129939479293,0.8245803026302102,4.575330497962078,0.2949197281164494,164.10720564036353,10.459104806850709,22.92054873397295,106.06937662598602,26.52948690653609,7.471245059288539,1.9172413793103447,2.1366666666666663,44.56611785080535,9.7335895435512,0.10188010694145663,10.2396199063377,1.2093155481192295,7.685986397719526,1.0182980107826733,-4.213314842110854,23.246998490602785,178.45,1587.775921108188,295.9197474526156,8.903,22.292428571428573,8.701501082251081,14.445658451296488,2.9477100419178646,1591.6,,,15.977777777777776,11.22222222222222,13.6,5.488275613275612,,205.9090909090909,221.3131313131313,12.384848484848487,19.87222222222222,,15.244444444444444,10.32222222222222,12.811111111111112,,,,,,,,
0,2011.0,12.30572855825832,7.932715691495454,0.610114108774823,7.8971995751162405,0.3172905973538884,320.80015712682376,9.827264964290281,20.344072606736294,90.19242326235101,24.861730627553413,9.321689804448427,1.5653846153846156,2.1023923444976074,42.61203504225244,9.34230315866819,0.100282403349888,11.591027607361964,1.0310993369275576,7.6435451137138255,0.8505394656468276,-3.577210237785391,21.623953724360167,186.74833333333333,1685.1867781540057,309.9353234470029,10.360999999999999,23.7045,8.257957701466905,14.082173855115574,2.4463381271080658,2445.2833333333333,,,,,,5.053658433070198,,203.2828282828283,203.76262626262627,12.08080808080808,17.94066919191919,,,,,,,,,,,,
0,2012.0,12.9112517687275,8.877676837725382,1.0177653791731462,7.059807028453437,0.38201166238275613,280.0009985410538,11.32566231511544,23.994310483475534,117.75620472788725,30.94916830131674,9.734535405071119,1.5571428571428572,2.1910526315789474,60.131594203944196,13.007579576630503,0.04079373986781394,9.965884929542339,1.2461224903354533,9.545212931787006,1.3184343434343433,-2.9995673556553184,24.116304479985036,197.7533333333333,1560.040140120021,283.0500329685746,11.355,25.723666666666666,9.35546827066966,15.350327292991643,3.3678741816311257,2404.2,,,,,,4.765787337662338,,200.30808080808083,207.17676767676767,12.156818181818181,17.430151515151515,,,,,,,,,,,,
0,2013.0,10.413031903586496,5.738792355343482,0.36342060115890273,5.057733646522884,0.18418725191722224,152.08686302486754,10.249792862923426,17.548660847144383,62.228159064572466,15.525922750180913,10.3533174001924,2.1967418546365916,1.968527379053695,70.32606039817055,15.25805560225463,0.20719702807081447,9.925656589006104,0.9754172562424989,9.146109733488373,1.3726010684748549,-3.3032245945352745,23.925507373784075,194.14499999999998,1623.5845791483912,281.0546464412969,10.640999999999998,25.1995,9.458675883896758,15.51371585246828,3.4027208644465925,2404.8166666666666,,,,,,5.956746031746033,,209.14141414141417,208.2929292929293,11.651515151515149,16.64080808080808,,,,,,,,,,,,
0,2014.0,12.906546212732653,8.386836953065767,0.9138401570181232,4.3600918809082065,0.2484536768517351,129.55005418617665,14.374328584037322,25.44488758040453,110.80013330556505,26.542394588511094,9.18274044795784,1.9048701298701296,2.4250717703349283,78.49584539163259,16.45142434516221,0.10744196472351812,8.050145817864266,1.1828523328523326,10.00751668324484,1.4557037083736113,-2.705015200549181,24.045647342589092,200.90166666666664,1508.6002012333304,260.90421921480174,10.7025,25.70216666666667,10.144572036826892,15.997167803789164,4.2909820909044205,2431.8,,,,,,4.321825396825395,,213.1969696969697,216.89898989898992,12.346262626262625,17.144343434343433,,,,,,,,,,,,
0,2015.0,11.031522989745582,7.434467659509188,0.9345215323620639,3.592569745069745,0.1481734360410831,94.90546536796538,4.943456094559036,23.159463458745016,107.2378213655277,14.145874713521772,9.188866930171278,2.0313664596273293,2.2064354066985645,88.90660061655515,18.130944964209768,0.08542176938558517,7.728770078605605,0.9693568675476572,10.705706382433357,1.565347791828055,-1.9190474410457963,25.2915819852662,202.21,1366.404568654316,246.14465219630515,11.54,25.314999999999998,10.72884624914559,16.86695982261525,4.586618937257917,2312.4,,,,,,4.692577030812325,,211.06060606060606,222.82828282828288,12.199494949494948,17.405050505050504,,,,,,,,,,,,
0,2016.0,12.973165642601126,8.506040124749802,0.7423704207978402,6.097354896288546,0.24159510413582075,200.4516278218885,8.344599202823959,21.705243646138808,107.76788873516324,21.101712682901606,8.261373737373738,1.7297052154195012,2.387878787878788,62.45954676523015,12.603540788524342,0.13500690647072228,7.796877136021873,1.139749112364244,9.132323469658996,1.1755877620186832,-1.4363509389002809,24.01859008316245,208.1625,1534.586826145321,266.1758481312182,10.200833333333335,25.47875,9.919071389411027,15.744924613854712,4.097846589722412,3508.6666666666665,,,,,,4.866176470588234,,198.7777777777778,200.85297418630753,11.88939393939394,16.319135802469138,,,,,,,,,,,,
0,2017.0,12.748340139061371,8.667451488723774,0.8651312850664553,6.820244685869686,0.19333778330784315,259.05385499916747,6.6852138796001075,21.92162397300161,114.06621761356647,15.35340585063639,9.954222222222223,1.7106060606060607,2.417676767676768,99.74750821929393,20.24105721719358,0.017622108531199443,9.38498671175439,1.0379902925357471,9.374869303909707,1.8827366983932643,-2.0926167033490266,23.77460254298638,216.43333333333334,1690.0638127304794,278.35933057122446,11.132083333333334,25.768749999999997,9.700307370239187,15.439789610875469,3.9624513691508643,3725.3333333333335,,,,,,4.34719887955182,,199.24242424242422,212.6060606060606,12.048484848484849,17.138939393939395,,,,,,,,,,,,
0,2018.0,10.362692995490026,6.241102324518166,0.4234613342286609,5.252242664742665,0.28409733625250866,162.25764007317034,7.795577698163903,17.43560902518823,71.07617919265682,20.77115541706059,9.777929593554594,1.9909774436090226,2.273686868686869,71.03528035456607,13.60780445800764,0.09192989970375127,9.289206680637776,1.3039598407089574,9.161034754409313,1.275703526940276,-2.8090836813363316,23.409129763052025,242.34,1611.8422586893782,278.794570260913,13.12,27.502,9.472959630377474,15.43340314426445,3.505819804557437,3783.2,,,,,,4.659275793650795,,215.22727272727272,198.47474747474746,11.669848484848485,16.294040404040402,,,,,,,,,,,,
0,2019.0,11.299940390014525,7.158286441729606,0.504439666136536,7.211272267276634,0.7368829490922514,255.08777796681727,22.302691725033917,20.869835439592443,82.36547372639686,67.11162479086067,9.173939393939394,1.7394841269841268,2.2257575757575756,49.97810726310726,10.120509303561935,0.10053694843168527,9.99590643274854,1.8536266170476696,8.38814017366649,0.7285362395888711,-3.915514176856283,22.53959657983342,224.625,1695.1557805017044,295.67480710614916,11.57,25.92875,8.782465727449939,14.443193159666844,3.1181756335282653,3111.75,,,,,,5.315896358543418,,187.32323232323236,204.89393939393938,11.310101010101011,16.111616161616165,,,,,,,,,,,,
0,2020.0,10.824915454615617,6.72074677078729,0.45616228270199094,5.25515392015392,0.1440120683579986,172.45922043564903,4.876849894291755,18.56723014469773,73.66992085578819,11.152700908587537,9.475395256916997,1.317391304347826,2.213333333333333,76.11656092949197,15.271232375841752,0.026112689393939393,10.003254895181978,0.7559451158409493,9.825728264790765,1.3718525783629951,-2.932302050765592,25.318118511503926,193.7,1594.7725093743375,273.41781363987093,11.133333333333333,26.71666666666667,9.754011909772327,15.935294126783711,3.5747643110169154,2881.6666666666665,,,,,,5.155415499533148,,189.93434343434342,192.42929292929293,11.808888888888891,16.430151515151515,,,,,,,,,,,,
0,2021.0,8.641621197089947,4.910379464285715,0.2514260912698412,5.206223893065999,0.17648733793771962,234.6659670008354,5.1498000727008355,12.271228505291004,52.88928934010152,14.72625711862353,5.545426065162907,1.380952380952381,2.4568783068783073,26.98838486140725,16.279003782018222,0.0271617672339694,14.695856970947224,1.258741619391439,6.848985731476707,1.496381296200791,-4.081278150249269,21.562656008251675,206.8,2258.55374393531,338.9784459343304,12.755,29.04,7.358327058621282,13.236556902183256,1.4970312016503353,2886.0,,,,,,2.083333333333333,,199.2857142857143,228.25396825396825,11.511904761904763,16.199470899470903,,,,,,,,,,,,
