,YEAR,DP01,DP10,DP1X,DSND,DSNW,EMSD,EMSN,EMXP,PRCP,SNOW,DYFG,DYTS,AWND,CDSD,CLDD,DT00,DT32,DX32,DX70,DX90,EMNT,EMXT,EVAP,HDSD,HTDD,MNPN,MXPN,TAVG,TMAX,TMIN,WDMV,WDFG,WSFG,HX01,LX01,MX01,DYHF,TSUN,WDF2,WDF5,WSF2,WSF5,PSUN,HN01,HN02,HX02,LN01,LN02,LX02,MN01,MN02,MX02,WDFM,WSFM,WDF1,WSF1
0,1960.0,10.526073191880366,6.7373905616058085,0.6896225224700562,4.59242116876646,1.3289946981123453,71.59045402778587,48.657799716623245,27.612043141213547,85.41345527666155,114.81439263351028,4.8213799485538615,2.9410915573959047,,167.4687155647383,30.548594539141416,0.6412957702020202,10.36640625,3.272074915824916,13.706050084175084,0.5665351430976431,-3.4567742529461287,25.77013047138047,,1375.1725823451911,264.69780276725584,,,10.421016703493265,16.485506944444445,4.434093486952862,,288.6818181818182,18.29090909090909,,,,,,,,,,,,,,,,,,,,,,,
0,1961.0,11.39975514681397,7.6362581862581855,0.5863332745685687,3.3623229711465004,1.1035422405876951,75.94309122250299,45.78366046831955,25.59134218722454,88.72601787101787,90.44468663911846,5.014949890292355,2.9904126984126984,,203.51317532467533,37.35099670171099,0.3209544423830138,9.897139764996908,1.7896438878581735,12.93176664605236,1.15417439703154,-4.040812976705834,25.963899711399712,,1472.8610623904174,251.6300873531231,,,11.041329133168418,16.768907106782105,5.28759003298289,,261.17532467532465,19.457792207792206,,,,,,,,,,,,,,,,,,,,,,,
0,1962.0,10.418796206241138,6.642347165805316,0.6699274049494314,4.1883182040671025,1.3455868737948384,56.78946831435818,42.18956090615383,28.162098518221867,80.4395796860995,96.9124955305265,5.080029214865281,2.341906762705082,,176.74960738968633,29.161630459245142,0.4883557064749725,10.821686723062868,2.5838890212743424,12.676601533023552,1.0531954538835273,-4.711244059202775,26.58740114116261,,1434.48670495621,267.398153322213,,,10.241916947985755,16.16583097687226,4.167469730066061,,219.97727272727272,18.847727272727273,,,,,,,,,,,,,,,,,,,,,,,
0,1963.0,9.4289005733696,5.880880869376445,0.5003607503607505,5.010345713774917,1.3626687226244747,75.6258860731206,36.95028157683026,22.51317386890396,68.65408489126409,94.39203986770359,4.830666503308013,2.5408655286013775,,148.98848484848486,25.976825616412572,0.8965556182947486,10.641192044670305,3.1855295187903883,13.805457682414204,1.172622811970638,-4.814343120647468,25.43890771064684,,1552.8100318606625,269.15266390614215,,,10.161004344689127,16.715975672877846,3.5579320220841963,,310.6,19.790000000000003,,,,,,,,,,,,,,,,,,,,,,,
0,1964.0,9.648727699068608,5.993769513314968,0.6062667256985439,2.740548668503214,0.904931129476584,49.37987603305785,30.528547979797985,26.28047181227863,74.54465223665224,67.67860078053259,11.64107744107744,3.0548724131002616,,180.4282046657047,33.33225166202845,0.2611446321623313,9.974480902578248,1.6452804992278678,13.445361826282877,1.7808343459659248,-3.8907918630042526,26.56466434394066,,1481.437653351699,249.48811076324472,,,11.143444635993307,17.70765782511835,4.618021277886322,,225.0,20.14242424242424,,,,,,,,,,,,,,,,,,,,,,,
0,1965.0,10.087341906459553,6.050080311845017,0.4765203750497868,1.7954621829621829,0.6956560456560457,25.56439848939849,20.149363486863486,23.831274542451013,68.92330111065407,46.33490389740389,10.584733044733046,3.1568264014466547,,159.85252424242424,30.855923995595045,0.26137398833051007,10.019805508501161,1.507194170771757,12.220054610140817,1.216570259242673,-4.449592979484284,25.079484064785788,,1585.7901232563734,256.90859158628894,,,10.66600376748855,16.681126996566654,4.566646260744087,,250.63636363636363,18.831818181818182,,,,3.383838383838383,12636.218181818182,,,,,54.390181818181816,,,,,,,,,,274.0909090909091,16.882272727272728,,
0,1966.0,9.762988015071347,6.090966543744321,0.5581385949441504,3.234265747172724,1.09422164769387,68.49160508741905,36.56313381834215,26.595865633851744,74.7418621399177,84.63955928330928,10.860209235209235,2.663073788073788,,185.8924971139971,34.59454314704315,0.2205943362193362,10.91787260358689,2.239270253555968,11.873318001443002,2.1709557307771594,-4.393584699031128,26.04390273912595,,1519.0170695270463,267.63464542464544,,,10.503722917722918,16.837877757163472,4.252090876881055,,273.31818181818187,17.195454545454545,,,,2.309740259740259,12968.836363636363,,,,,55.960000000000015,,,,,,,,,,257.72727272727275,16.754545454545454,,
0,1967.0,11.048071255817735,7.393754784599855,0.7593502089980965,3.6643401671703555,1.4641934096159448,58.44115293773312,46.42289833275749,28.59064135655685,92.43864401899613,111.32757504623702,11.934463684463685,2.8466986331569664,,137.78829328268105,25.54464496964497,0.4688543599257885,10.553885796742938,2.4569885187276492,11.664870443566095,0.5627247631595458,-4.831324340342198,24.81958843089278,,1558.361994365423,276.2224011024011,,,9.920896435396436,15.837916218081437,3.8979743931663573,,275.1636363636364,19.92727272727273,,,,2.948196248196248,12292.145454545454,,,,,53.285454545454556,,,,,,,,,,257.72727272727275,17.536363636363635,,
0,1968.0,10.169999618437117,6.501968691031191,0.6003217268842269,2.2731361823726353,0.7420617323056345,30.90118443406621,24.41661492978566,27.12205050158175,80.75847187534688,49.358912469644174,12.161449661449662,2.9264090177133655,,165.2426897186147,34.99056391985595,0.33037358413464607,9.063400120037286,2.190872388481084,13.334792333270594,1.6178317334839076,-3.485165147045678,25.682203463203464,,1466.8697510148213,246.85426365424155,,,11.246007205429773,17.284049491812535,5.2064613294768165,,233.1818181818182,15.972727272727274,,,,3.627128427128427,13087.418181818182,,,,,56.25090909090909,,,,,,,,,,265.90909090909093,16.90909090909091,,
0,1969.0,10.334164583460357,6.569993191472065,0.7029742427629752,3.5876490468595725,1.1948855128100413,55.799728833102044,34.46093584088867,27.94981191864995,84.42749850957598,93.50411578725257,12.125940725940724,3.064285714285714,,178.74644428728587,33.49002256925811,0.16228443687460078,10.653800298062595,2.1530786018389323,14.036859146363279,1.0079108678282231,-3.8814126924987584,25.281959560182703,,1478.4818345157928,250.91788961038964,,,11.025675423061786,17.076849194423573,4.866237489059211,,278.1818181818182,14.963636363636368,,,,2.6165656565656565,12061.89090909091,,,,,53.69515151515152,,,,,,,,,,259.0909090909091,17.522727272727273,,
0,1970.0,11.041183364747958,7.508554961784626,0.8483364057526737,3.600243594054273,1.1063999205303554,53.031673881673875,32.41023380805989,29.762892769112867,97.48543177848202,79.48451039030749,12.617305710162853,3.587417989417989,,183.45851540183173,37.961996379496384,0.2335874835874836,9.052127127127127,1.9922113352916924,14.21401257472686,1.085051406926407,-2.894539604539605,25.396458236703772,,1506.0423782297364,237.43790306540308,,,11.565928382928382,17.346798665867862,5.77106591981592,,261.0,15.230000000000004,,,,3.2696103896103894,11052.0,,,,,47.31818181818182,,,,,,,,,,300.72727272727275,14.190909090909088,,
0,1971.0,10.529536051100031,6.809906786210104,0.773030747556814,3.4403430439662324,0.9218327486099998,70.32456953942462,51.748269424098815,29.780007710825245,89.3364334612202,90.31095963015395,11.328030303030303,2.7152557319223987,,156.81455281986533,31.749027454027452,0.28993136493136495,8.918863852197187,1.446879046879047,13.549782008115342,0.8783152033152033,-2.640197703531037,26.431545584045583,,1358.543338595655,230.97708541458542,,,11.544327548994215,17.35886879478546,5.607262324095657,,237.77777777777777,15.155555555555557,,,,3.7827272727272727,10880.545454545454,,,,,46.56060606060606,,,,,,,,,,288.45454545454544,14.145454545454545,,
0,1972.0,12.683767092695662,8.44191232048375,0.9557898715041572,3.4803384014359624,1.1418798373343828,62.11900644071376,41.26700394236279,34.083778396206974,114.07044157562015,92.39567151349448,13.709235209235208,3.103604963112005,,137.25986469921955,26.268918425324674,0.35193975149727363,10.370202020202019,1.9307216905901117,11.90562675628465,0.7538356623882939,-4.279891232169993,24.816811314903422,,1435.9698716561218,268.6981790481344,,,10.20318710812295,15.904459535834537,4.534790544509571,,287.5,15.9375,,,,3.846363636363636,10914.0,,,,,46.54242424242424,,,,,,,,,,274.09090909090907,13.745454545454548,,
0,1973.0,11.384461031887502,7.6324611662846955,0.7707557012704072,1.8880950558980862,0.5850831511722601,30.297972510093718,24.9275816867401,31.559808943779533,99.08621937158702,44.26942444244425,15.24242424242424,2.7996527777777778,,147.4849951512048,36.12710700558046,0.2773898913279444,8.642355604081267,1.5903337890179994,12.783466241360978,1.4355120756436548,-2.6784623414933146,26.01223111440217,,1276.240315894797,239.98730653564724,,,11.384969167017838,17.222284552922712,5.664663138975086,,143.03030303030303,13.82121212121212,,,,3.9502164502164505,11007.818181818182,,,,,47.45454545454546,,,,,,,,,,241.3636363636364,13.98181818181818,,
0,1974.0,11.040796312640971,7.20884994185965,0.7256288614298323,2.0971406371406376,0.7223060329120935,26.87054649054649,21.00277322284898,27.994936833662564,90.5634639214615,45.33342789365517,12.9992340992341,3.0559082892416227,,124.61821661998133,26.843812846510215,0.11163609782030835,10.459716842611579,1.779559211974466,13.006640558123609,0.8336894978844132,-3.2662832270069115,25.995879619438938,134.8,1349.2631127705627,251.50119322928532,9.91,14.7625,10.69802162919926,16.770086757404552,4.759496057061847,2020.5,230.9090909090909,18.172727272727272,,,,3.375714285714286,12329.454545454544,,,,,53.26363636363636,,,,,,,,,,243.1772727272727,15.495,,
0,1975.0,11.84849945887446,7.914020743145743,0.9986718975468974,2.328000046548434,0.7584186184186184,29.918834659963693,22.611990971990974,34.334827362914865,108.05142303391052,51.21726828726828,14.903787878787881,3.5862903225806457,,173.93626972101973,36.686205324933,0.11102768759018757,9.071826685219541,1.7383524282231178,13.689011419614868,1.1363319152112255,-2.33730116857349,25.663790957605617,135.5,1300.634801864802,229.99765470392705,7.15,13.915,11.782133535611214,17.366062593297507,6.0491986574933,1984.6666666666667,282.72727272727275,16.3,,,,3.577575757575757,11277.09090909091,,,,,48.572727272727285,,,,,,,,,,253.63636363636363,14.109090909090908,,
0,1976.0,10.427002878859316,6.64291589873273,0.7442754989784692,2.6907682447576065,0.9054331979589713,40.586340801633355,27.446998891715392,27.6849460838941,85.96607167859644,58.500331555615055,11.20174825174825,3.0235622268230964,,149.1271872695206,24.668519480519482,0.4846117014298833,11.805465040010494,2.4822044720274805,11.530530973451327,0.5802104483520413,-6.037770759543487,24.870867588655198,134.35,1415.125829412134,285.19852964712055,11.43,14.622,9.542502636757183,15.742777867167247,3.449952781057327,2164.8,280.0,16.8375,,,,2.2420238095238094,11936.272727272726,,,,,52.241666666666674,,,,,,,,,,298.6363636363636,14.381818181818184,,
0,1977.0,11.429862767617871,7.552373958241305,0.9170463748269871,3.4422910572910568,0.8875067160971418,60.955366210366215,29.014806499646927,31.088918429926085,102.25296893865772,63.231705927051664,11.36731601731602,3.2208866700802186,,173.19943181818184,34.4942291967292,0.5557070707070707,9.267195767195767,2.0920748490192937,13.467438605633049,1.1472075249853029,-4.241874699374699,26.592118673507567,121.275,1473.9447800538524,245.75363735999446,12.47,23.9475,11.144968212739641,17.27114387258832,5.21303848003848,2052.25,291.25,23.3875,,,,2.690707070707071,12775.781818181817,,,,,53.47575757575757,,,,,,,,,,274.09090909090907,12.97272727272727,,
0,1978.0,9.9961091798213,6.625480089495242,0.7186218243036424,4.466138902250013,0.8854859364021668,86.18032841643952,36.04240082198197,27.786280190068073,84.94090052764295,70.12042243678368,14.33877233877234,3.016746031746032,,154.13207456922166,34.47216561953287,0.6141768562821194,10.018108718766614,3.3103976961735584,12.561486789072996,0.8656746031746031,-3.6077336966152753,24.31369147136389,80.95,1496.9489418242574,262.23311439298163,11.31,23.55,10.437149995530529,16.22847808441559,4.6401725146198824,1609.5,262.5,21.225,,,,3.4954112554112546,13000.836363636365,,,,,56.24545454545455,,,,,,,,,,,,290.90909090909093,12.563636363636364
0,1979.0,11.305535945535947,7.451699966699968,0.8367149517149518,2.5396034446836584,0.6348246256976415,45.441362633207554,24.467598318788795,31.53344255744256,97.82777198727199,53.130860380066736,14.713986013986014,2.6638583638583637,,128.4843094265285,28.482760534572456,0.724665726729947,9.164425380939141,2.3426042896497443,11.931748983339892,0.5659733700642792,-3.94202440525835,25.491674176833268,122.60555555555557,1423.4909977692373,256.16012828150446,10.114444444444446,22.02088888888889,10.58731790380873,16.145209458218552,4.965969548036061,1502.6666666666667,200.0,18.5,,,,3.5693939393939402,13130.64935064935,,,,,55.73636363636363,,,,,,,,,,,,236.3636363636364,12.2
0,1980.0,10.080304151806741,6.488350006355188,0.6767891722554934,2.9046760577509247,0.7462430152589726,36.97587544659737,31.26993337631636,26.689326480945653,81.22129757979499,56.52068538730772,10.764610389610391,3.0797244287535546,,158.05904123946226,37.534764583601216,0.5326336205049077,10.164786121469291,2.82967796779678,13.197189718971897,1.7489173917391736,-4.415011679739402,25.385055505550554,132.38777777777779,1413.149566255258,267.53958620862085,10.080666666666668,22.389333333333337,10.581035603560355,16.7302899039904,4.514336112182647,1778.6666666666667,240.0,17.733333333333334,,,,2.5561167227833894,16959.81818181818,,,,,73.69090909090909,,,,,,,,,,,,268.1818181818182,13.654545454545454
0,1981.0,11.059898275913902,7.150255343614718,0.7248947811447812,2.315455262969075,0.7987871255728398,32.55196260154824,21.698196049981767,27.818566242784993,90.45145102438072,53.36595368916797,12.417814508723598,2.796945646945647,,149.99116830960207,28.359591841940325,0.23229371638462545,9.614657032081274,1.9951205834869201,12.49011115397254,0.8068331833183318,-3.246053063098518,25.082109389510386,121.11333333333334,1512.9602231997396,247.8864450056117,10.315888888888889,21.44322222222222,10.951682248167096,16.785168634720613,5.077749967204513,2076.0666666666666,310.0,17.7,,,,2.1765432098765434,14702.727272727272,,,,,63.37272727272727,,,,,,,,,,,,265.45454545454544,10.645454545454548
0,1982.0,10.214446736712363,6.629795161435787,0.636911525974026,2.8487579026253065,0.8525722073341121,41.689895601635925,26.89828424074456,26.29159617003367,80.72697766354015,58.0022605113875,5.314846060132945,2.3969810146280737,,120.87587972983806,24.380793241695304,0.11904541037194097,9.382240406985305,1.5175202020202019,12.748050144300146,0.5258860028860028,-3.8006134228583206,25.600588961038966,118.47333333333334,1345.9028168161205,231.87892834828403,9.998,21.657333333333337,11.045532408027253,16.781130454545455,4.965985374885885,1817.4166666666667,335.0,17.25,,,,3.2142536475869807,14701.636363636364,,,,,63.15454545454545,,,,,,,,,,,,268.1818181818182,10.318181818181818
0,1983.0,10.556526978176462,7.271515411850464,0.9951012332455632,2.3925380175380173,0.7803071032909742,39.68624589696018,41.77595850982947,32.484321064102,105.57776647178709,69.27404149017052,5.301793800069662,2.3284148827726807,,188.35016867279066,39.00798595195654,0.4271008403361345,9.049887530769885,1.8955753793132435,12.101566287003179,1.9979759453060424,-4.034914268737798,25.642850348141614,129.92666666666665,1143.1056483528291,233.13263223976458,13.669333333333332,25.808000000000003,11.179684743089155,16.818782852799842,5.064681195710608,1754.5555555555557,261.0,17.44,,,,2.9023088023088026,13571.454545454546,,,,,58.46363636363637,,,,,,,,,,,,271.8181818181818,10.49090909090909
0,1984.0,11.901901288012398,7.848766768211212,0.885040885040885,2.7176804928163625,0.8100198900198899,52.130430665349145,30.625768885768885,32.151708486986266,102.60325690770134,66.83099645099645,6.0374883944651385,3.0134491634491636,2.9939393939393937,149.56582216725073,28.489091121297005,0.2707831112242877,8.925629191070367,1.605322836205189,12.139965834818774,0.6938255100019806,-3.3270521390374332,25.25448430382254,122.37777777777778,1338.382330175798,239.14460345754466,10.808,22.914,10.839170928472399,16.643565508021393,5.190620911495912,1605.2,217.5,18.9,,,,3.37968253968254,13217.09090909091,,,,,,,,,,,,,,,,,287.5,10.85
0,1985.0,11.40411866205517,7.314024790612092,0.7239028608076227,3.0266751106036818,0.987337083593768,44.64039928325643,22.034690873594617,28.59201333058476,91.35799155576935,59.903475164170345,5.785420979986197,2.8236278000296693,3.3000000000000007,146.1554305879306,28.48044784580499,0.3914334543122422,8.490765155159094,2.0447669552669554,13.816333694083694,0.5785530303030303,-3.260907815529028,26.369284307359308,142.18,1146.21396991897,222.27408203757696,8.428,18.801666666666662,11.441543173437111,17.225598510101012,5.2889533393093995,1972.1666666666667,250.0,16.279999999999998,,,,2.338181818181818,13745.363636363636,,,,,,,,,,,,,,,,,269.0,11.68
0,1986.0,11.321548886548888,7.458385203385203,0.7496924846924847,2.932610819268122,0.8362157486466878,42.073580508131066,25.608620937073976,28.96479794079794,93.26135706485705,59.37769207465341,5.958597321681434,2.9743584302407835,3.0492424242424243,160.4280306267806,31.96704660745898,0.14851460109192066,9.294553413367845,1.8641620284477427,13.310142238713668,0.7500077303648732,-4.359797793844185,25.326606369820656,115.6,1189.8089182978856,232.59081090730578,8.256,18.298333333333336,11.129858478005385,16.766533962069676,5.34596619731929,1959.8333333333333,277.27272727272725,15.790909090909093,,,,3.29,14025.363636363636,,,,,,,,,,,,,,,,,231.42857142857144,11.742857142857142
0,1987.0,10.087696462696464,6.636204321204322,0.7224238524238524,2.9696099059227556,0.8100849547278118,48.84480459019565,38.83331549402978,28.36610931710932,86.88019191531289,65.33746372674943,6.253633220464904,3.4679022366522365,3.147727272727273,171.37417584525178,35.91128261477751,0.14385558324952263,9.999616657192416,1.2913430628777163,12.061341491291985,1.461833326189762,-3.904364678531345,24.953938286685812,117.14,1205.0623629536533,240.72277969196338,8.436,20.292,11.03281154619791,16.93969743402912,4.961195694316907,1724.4,254.44444444444449,15.533333333333337,,,,2.5555555555555554,14292.727272727272,,,,,,,,,,,,,,,,,293.6363636363636,13.254545454545452
0,1988.0,10.000041516521962,6.127811635912194,0.6865101534095948,2.04159494351802,0.6775225416843914,23.315608963685886,18.05710031779396,27.49551538932824,79.95411980942706,43.69104692674057,5.029984251859252,2.71155806182122,3.2445454545454546,175.41414544884938,38.56485761404129,0.31197946273703847,10.434020580990277,1.867498943256519,11.70222025449298,2.629452533997988,-4.262922296558661,26.277712113924235,132.6,1337.7265918964076,247.25933110257088,8.214,20.562,10.85137743597592,16.878583519174427,4.5360373358403665,1496.4,266.3636363636364,17.8,,,,2.4980599647266315,12857.272727272728,,,,,,,,,,,,,,,,,285.45454545454544,11.427272727272728
0,1989.0,11.987330198537098,7.745604650777065,0.8390887528818562,2.808709078739199,0.8651054664289958,31.44740020688816,25.78765682030388,27.220017788724686,99.36252205967725,57.76714985994398,6.57097232832527,2.4299580368545888,2.95,142.27907486032484,30.91306068200805,0.6043654591023012,10.225585934533303,3.309129238816739,12.593468163780665,0.6525989057239058,-3.576759778233462,25.813598785473786,97.6,1275.4330389610388,258.9261783245994,11.935,23.11,10.403920186830712,15.988021547318425,4.506723763955343,1972.2857142857144,220.0,16.5,,,,2.4527657527657527,11724.636363636364,,,,,,,,,,,,,,,,,294.54545454545456,10.772727272727272
0,1990.0,11.308878024430351,7.786234437397229,0.9153996358938219,0.9578549469853817,0.4921104989286808,24.322684923771877,23.708910315273954,30.49606412966878,103.42626952666195,37.62575145393327,6.687710560414641,2.5127378830320004,3.1272727272727274,136.6667117845118,28.560981861627024,0.09746937459703416,8.558573961499494,0.7353246001683503,12.942950336700337,0.6095617634680135,-2.797556146572104,27.17371632996633,105.15,1296.2108751631965,209.96010915607692,11.908333333333337,22.93166666666667,12.055304480980011,17.959090961700337,5.848925585643672,1862.5,284.54545454545456,16.87272727272727,,,,2.76026936026936,12274.545454545454,,,,,,,,,,,,,,,,,300.0,12.154545454545454
0,1991.0,9.8251805861455,6.007061213640161,0.5483000430368852,1.2875971771284271,0.5633235693115933,21.488349792568542,18.169948414858595,26.07986704977933,71.11142819169135,38.57572128470332,5.670001766940542,2.8230697628845776,3.033030303030303,215.22809566529963,45.504530355097366,0.041341247526814534,8.86180955356213,1.1518525806404594,14.015349745652776,2.026085530630985,-2.220490843635173,27.23681708863527,106.31999999999998,1132.4826365032818,210.42216197319289,8.866000000000001,21.428,12.409607719313907,18.285400451120147,6.054956910786809,1693.4,213.63636363636363,14.71818181818182,,,,2.1155555555555554,12939.63888888889,,,,,,,,,,,,,,,,,293.0555555555556,12.105555555555556
0,1992.0,11.863282525857377,7.363374765620275,0.7324098556134484,2.7759514219957255,0.850187993510975,49.136502228432605,41.990644241886486,27.98285113755174,89.78640883752492,84.66480510517776,6.152727772777278,2.512146506112024,3.2454545454545456,91.45873051439952,19.674639289282144,0.1680645743145743,9.611423238597151,1.5864584727986788,11.08505675309799,0.2506605078770027,-3.8349454561139344,24.41819461180286,92.55,1219.2981755270475,254.7071249385535,10.42,20.15,10.034325573279377,15.644146542747057,4.445658867400716,1531.0,248.1818181818182,15.609090909090911,,,,3.2330808080808078,11423.818181818182,,,,,,,,,,,,,,,,,280.0,15.109090909090906
0,1993.0,10.969918388331562,7.045038926476051,1.0346480199773613,3.6857930155099967,1.1373863636363635,77.02847159828292,53.78717487373738,34.71135050245829,101.5330029551287,112.07554292929294,5.392257082851142,2.8081059390048155,3.266666666666667,153.48254466191085,34.57400351832936,0.6512459762459761,10.295899338756483,2.4977033492822964,12.112493354598616,1.4867091972355129,-4.344260263545977,25.3925677830941,60.7,1240.698163780664,260.1234034161843,10.47,21.17,10.393403290844958,16.37811217437533,4.155987219130076,1006.0,245.45454545454547,14.481818181818182,,,,3.127777777777778,12447.90909090909,,,,,,,,,,,,,,,,,297.27272727272725,14.245454545454544
0,1994.0,10.548964365360467,6.929446131069509,0.9145911808249471,3.6294098705172533,0.8595874855941971,71.44948478069283,33.59368517388652,32.82261042709095,99.14398982871384,79.34937970307098,5.820134047239311,3.0073070607553367,6.583636363636364,169.10134430239896,33.296821645021645,0.28035594035594036,10.181702741702741,1.6793689445475162,11.957591647770219,1.047638802995946,-3.0142639730639735,25.653988567649282,113.78,1427.7128535353538,249.96895266955266,11.954,25.106,10.830444574314575,16.694608628805057,4.691174718614718,1100.6,252.72727272727272,17.00909090909091,,,,1.8979591836734693,13094.727272727272,,,,,,,,,,,,,,,,,289.09090909090907,17.05454545454546
0,1995.0,10.400992922421493,6.166886552600839,0.6702260702260702,3.789533085961657,1.12122893997894,58.80977461691748,46.160379372879376,27.632806122448976,78.94194888069889,92.28101234351234,4.790857460582232,2.728734335839599,5.1018181818181825,173.47151497972925,36.356540071770326,0.3657029478458049,10.69289134386537,2.927164502164502,12.922087760724125,1.437249114521842,-3.6805402353778973,25.36130526039617,116.55,1253.931146619254,264.7450495082403,11.01,24.835,10.463095793460926,16.330823002754823,4.464565609714961,1402.8,275.45454545454544,15.51818181818182,,,,1.4940476190476193,11755.181818181818,,,,,,,,,,,,,,,,,307.27272727272725,16.10909090909091
0,1996.0,12.51158098845599,8.03902214105339,1.1893048791486291,2.4811559794372293,0.9805138437950938,33.4179448502886,30.285116792929294,39.3754788961039,117.40222957251083,67.92100762085138,5.549907946459671,2.7104567713610264,3.1272727272727274,155.2260894660895,27.624200577200575,0.4076292335115865,10.35008785332315,2.19287056612638,11.805776200543642,0.3844638242894057,-4.305090781767252,25.1251443001443,105.76666666666668,1294.2934579124578,260.06071776589425,10.667500000000002,21.8325,10.329274645615822,15.836264748817074,4.583590454969866,1443.0,177.27272727272728,17.163636363636364,,,,3.3581349206349196,10806.3,252.0,,29.160000000000004,,,,,,,,,,,,,,302.5,18.225
0,1997.0,10.887733789507983,6.558918214402085,0.6314467253176931,2.494606664214507,0.9217188009123493,38.100990530892496,32.244015966112734,27.979577060931902,83.45792978168784,65.44287552948843,4.801916714037927,2.293444650587508,3.632727272727273,128.9742589763178,23.35982096714655,0.19109651523444623,10.953776683087026,1.0391602533269202,11.299690556357223,0.7816883116883118,-3.401533230498748,25.37182118807119,117.16,1165.5200387331965,255.62231513641393,,,10.192736538977817,16.22907886002886,4.123219506228127,1379.2,290.0,16.750000000000004,,,,2.0158730158730154,11993.636363636364,215.0,,26.87,,,,,,,,,,,,,,,
0,1998.0,10.107206213924965,6.29792343073593,0.7612231691919192,1.2032847145592243,0.3983587037508606,19.12586462194305,15.036196700902583,26.966957228535353,82.97221365440116,30.176382876382878,4.333225782524848,2.8818706164636394,2.626515151515152,175.72381642512076,37.84344470982402,0.003689492325855961,7.427406778827233,0.6383897848183563,13.814183435612007,0.7892020677734964,-1.0309464367703003,27.272478791050215,113.7,1088.656346590909,198.37707385845317,,,12.754808314475929,18.633847220240078,6.744079775022956,1298.5,237.77777777777777,17.022222222222222,,,,1.9166666666666667,11882.363636363636,270.4040404040405,279.2592592592593,12.405050505050507,16.262962962962963,,,,,,,,,,,,,,
0,1999.0,9.412556474610046,5.90133799732014,0.7545817443138871,1.5224991854024112,0.5893643393643394,26.46538774845226,24.00218392718393,31.79537528774136,82.2810664253075,50.677922077922084,4.248551044424831,2.0552851909994763,2.966010101010101,178.66782909047836,37.58527162603478,0.06885699096225412,8.791504898610162,1.3221979267897634,13.20966442854198,1.971026224342551,-1.755174337358548,26.871770732102366,121.3,1202.0208322199062,222.98914312295892,,,11.982766389458495,17.988584087964192,5.764952669552669,1405.3333333333333,,,,,,2.262037037037037,12489.90909090909,278.60130718954247,280.82165404040404,13.959447415329768,17.73933080808081,,,,,,,,,,,,,,
0,2000.0,10.889352859728584,6.548936516277557,0.7691556356296241,2.833598674717096,0.8091173169604542,34.03546793119162,22.480461005951202,29.61022297708714,87.82595000375348,50.719451753765476,4.945968961593962,2.7243109668109673,2.9691172595520423,135.73569403559404,26.098168044077138,0.15427777777777776,9.392928210678212,2.872975033352392,12.604750333523919,0.3854392986468459,-3.0167697330447334,25.518481513245664,97.3,1288.5582531893613,250.29186103458832,,,10.86880967893218,16.352656327425194,5.053080277777778,1397.6,340.0,13.4,,,,2.9343434343434343,13575.222222222224,268.1694214876033,272.7472451790634,14.22248966942149,17.49641873278237,,,,,,,,,,,,,,
0,2001.0,10.005099184617258,6.019633077765608,0.5606562614092734,1.4687299099368065,0.5515308254963427,24.9786789072996,22.411771159874608,26.283573384446875,73.06248965559207,43.84234935562522,5.189537834200756,2.7638392857142855,2.939802371541502,148.03581755050504,33.21123369816766,0.0008496176720475785,8.450056304028266,1.1516784912618248,13.463558869114424,1.1010862594195927,-1.4165918531105446,26.535857416760194,127.43999999999998,1145.474781318338,216.16051900405677,,,12.088370561421964,17.909753858024693,5.977087628622676,1181.2,240.0,15.081818181818186,,,,3.525541125541126,0.0,264.74173553719004,263.26446280991735,13.408006198347106,17.39357208448118,,,,,,,,,,,,,,
0,2002.0,11.010616683929568,6.99585269876681,0.8329137120548165,2.2570471687492963,0.8067257077820458,28.588415052244837,26.698314127187363,28.624385595658605,92.07766647633213,59.50074690567648,4.906643668831168,2.7298624338624338,3.081818181818183,214.98118847202178,42.87176358363858,0.07741841491841492,9.780377261627262,1.4330083144368857,12.754320758606472,2.208284889713461,-2.4006641275391276,26.677021404521405,,1156.2792966796678,239.36377747252752,,,11.48782116147741,17.279056218649078,5.657542821761572,,231.8181818181818,19.55454545454546,,,,2.7801827801827805,0.0,278.55371900826447,274.79338842975204,13.898347107438015,18.45330578512397,,,,,,,,,,,,,,
0,2003.0,13.6127721509797,8.687944131340359,1.1583392323958361,3.875188478992827,1.1804084005522855,68.38293781500303,50.976987500908365,35.82384509969416,119.83979883658012,108.97412978707945,6.4806059786173424,3.155407486377636,2.9702371541501975,138.48103870336013,27.603191279370524,0.16553744997141223,9.075211345258515,2.146416771183126,12.182657010694395,0.39219059756442937,-2.3160699991832066,24.935066890534184,107.04,1264.4772554549827,242.8955089983392,12.284,24.616000000000003,10.87121002817937,16.454275188466774,5.36322889270059,1256.5,191.25,19.7125,,,,4.971212121212122,0.0,260.1101928374656,255.7254361799816,14.128558310376496,18.813269054178146,,,,,,,,,,,,,,
0,2004.0,12.194254230617867,7.657090384363111,1.005190869736324,2.83768180260986,0.6740764286218831,42.63630498198844,24.00694002966731,37.33015173378809,114.6792425991517,50.6804231122413,5.964315698731283,3.3179467485919094,2.840082644628099,156.81172405876953,28.89287473794549,0.22031637125976747,8.367891175910044,1.4628953082224112,13.221094118757673,0.18975738695364863,-2.1075007146941114,25.189856981025205,123.975,1283.239479488765,228.91485920526014,11.073333333333332,24.425,11.523293834572137,16.95072691871991,6.0311276920144845,1131.0,285.0,13.4,,,,4.203030303030303,0.0,253.0082644628099,252.12396694214877,13.510909090909092,17.85305785123967,,,,,,,,,,,,,,
0,2005.0,10.411141380968967,6.276349911263703,0.7076848119951566,4.720942811046978,1.226898065623556,59.92070656966491,49.62369281045751,32.00738464281567,87.1393518103863,103.50374826698356,4.232286694786694,2.4578956582633054,2.833223140495868,218.4254562340733,41.29551791058735,0.24552001496445944,9.60398428731762,2.2297704315886135,13.432525252525254,1.5287511478420568,-2.6358726150392813,25.71046648301194,131.89999999999998,1325.7569705104265,246.851531986532,13.134,26.82,11.362158436213994,17.268468503213956,5.474455200149645,1264.2,280.0,17.22,,,,4.175324675324675,,278.02283706631533,266.61157024793386,13.30895476504172,17.646694214876035,,,,,,,,,,,,,,
0,2006.0,10.967431334097999,6.759652538819205,1.0299581591248257,0.9278776018502046,0.3037267375295545,19.04237976635237,17.075666795385104,34.98526627693295,100.46539199501063,26.571106097866657,7.213666556873079,2.9219403335682403,2.9071496212121204,176.9459871675943,32.787764298832485,0.02938311688311688,8.638591591939806,1.1460069444444443,12.471000502473716,1.0199272701504845,-1.3585047219645434,26.800604160224697,131.79999999999998,1290.4612611968744,227.8415412239276,12.288,25.162,11.867510416666665,17.494678687384045,6.120609764739228,1451.1666666666667,,,,,,3.8262656325156326,,254.4507575757576,256.5625,13.690388257575757,18.398532196969697,,,,,,,,,,,,,,
0,2007.0,10.905613988883951,6.9335565047542245,0.8215802786144991,5.95282394523466,1.0836263690771888,75.85512974129044,43.5651234239349,30.43925589408479,96.09707331847258,89.75596627871218,8.557450396825397,3.249094424094424,2.8422243265993266,186.83167884199133,35.05551507870315,0.41787336007519493,9.963687332035956,2.6723957723957725,14.087779337779336,1.1682471432471433,-3.5153078292757196,26.1826222001222,,1418.9258252427182,255.28473764512756,,,10.808659785932722,16.763643916643915,4.89787930087242,,,,,,,4.04537037037037,,273.1618265993266,271.144255050505,13.49095643939394,18.50220433501683,,,,,,,,,,,,,,
0,2008.0,11.986776344626175,7.5033842816266025,0.9287269329078204,3.7685594035594034,0.7921556690858161,47.522975643884735,24.199707818733554,32.320480672153025,103.05567115147679,57.61262334479247,6.834194414100955,3.102943485086342,2.7916287878787878,152.35569540153722,28.19224805452484,0.20268404710368992,10.2031108276644,2.0520466996130713,12.763056289826201,0.7599145692066047,-2.9059777945269016,25.494275530271107,,1395.8245312605359,257.4807235299423,,,10.581772907647908,16.51000394271412,4.633752296562564,,,,,,,4.526745718050066,,268.7613636363637,264.50000000000006,14.033409090909094,19.654772727272725,,,,,,,,,,,,,,
0,2009.0,11.761956496522414,7.341895064563874,0.7849423263410402,3.228044984731031,1.0281247931477289,47.826163629652,38.86253938467241,27.292453543241326,96.12910525944437,82.62149989409163,6.847464877889406,2.646686507936508,2.7007575757575757,121.54252984389346,23.02588064960833,0.09654062751407884,9.370487108761445,1.960054808739019,11.834122553859396,0.3295764664185717,-2.8603472142410196,25.106577744867216,,1546.5837453236065,249.47384930297878,,,10.630863071294488,16.31935516822359,5.007718388052459,,,,,,,3.723809523809524,,264.6969696969697,258.9015151515151,13.504166666666665,19.98257575757576,,,,,,,,,,,,,,
0,2010.0,9.912596929482175,6.171090648877534,0.7862241856504152,6.334303654303654,1.987666809774248,135.00016887016886,94.15993002635565,35.57450192794455,91.91322633753366,239.73259781999454,6.010947227375799,2.455171670117322,2.858238636363636,224.5316766723842,42.216454274891774,0.07741477272727272,9.391729475881261,2.8058997050147494,13.792102440332528,1.8244949494949494,-1.6036840986394556,25.70807522123894,,1462.0970085995084,242.54228264790768,,,11.547912179834055,17.423127893984088,5.674992891285301,,,,,,,3.0676657883179623,,267.55397727272725,255.77367424242422,13.505994318181818,19.704034090909087,,,,,,,,,,,,,,
0,2011.0,12.586304872625627,8.657632025556554,1.366922935555011,9.527761338520833,1.7500116103564378,128.47679142236103,74.38773780497918,41.929180529463544,138.52471612906064,156.0889693320728,7.21889884679141,3.2590789810547873,2.659050505050504,215.3496717171717,38.23973816029144,0.1824143070044709,9.111748633879781,1.1319175360158964,12.597019374068553,1.366294088425236,-1.8479980129160456,26.83092399403875,,1449.473058551618,236.86455538996523,,,11.571972429210135,17.187588922006956,5.959277943368108,,247.39583333333331,17.272853535353534,20.059999999999995,11.01,15.13,4.431397306397307,,265.4734848484848,263.125,13.448674242424245,20.010568181818183,,16.5,16.729999999999997,19.59,8.669999999999998,9.05,11.22,12.29,12.6,15.1,,,,
0,2012.0,10.81185607527071,6.64976692984823,0.8766277760180199,2.3497002398081537,1.0529086317722682,56.583969188285735,40.64355371900826,34.07952822847132,94.63864277170197,79.2859756657484,6.2653109435367496,3.0113709790700938,2.485858585858586,206.17790920343677,37.690487861811384,0.0,9.193113912231558,0.8031215516509634,13.631635684576864,1.4392793481028774,-0.5460101010101012,27.295457728545962,,1415.686908401333,221.71059163059167,,,12.15865558950853,18.008749511925984,6.243610283507342,,238.16498316498314,23.24141414141414,19.290909090909093,9.963636363636365,14.490909090909089,4.392962088416634,,271.01185770750993,269.72727272727275,13.846205533596839,20.247233201581025,,15.645454545454545,15.645454545454545,18.381818181818183,8.236363636363635,8.445454545454545,10.009090909090908,11.645454545454545,11.681818181818182,14.109090909090911,,,,
0,2013.0,11.204265119426847,6.409885726732088,0.79059861222934,5.5854510096231955,1.9960961287516312,57.93234210601761,47.34411027568923,31.923290986491793,90.83470682958378,138.04707498774485,5.672202629745733,3.48831569664903,2.7088203463203464,185.67038567493114,34.30703870602578,0.06302681992337164,10.902403343782655,2.586603099965169,12.970987896203415,0.8184495820271682,-2.913499651689307,25.6109504528039,,1437.6324284619152,262.70111307035876,,,10.63333625043539,16.202721525600836,5.063479710902124,,226.80952380952382,19.01818181818182,17.418181818181818,9.154545454545454,12.845454545454544,3.655521120293848,,275.5335968379447,263.9130434782608,12.814624505928855,18.355335968379446,,15.0,14.8,17.16363636363636,7.872727272727274,7.927272727272728,9.154545454545454,11.1,11.045454545454543,12.772727272727272,,,,
0,2014.0,11.381249614582948,7.190140415140416,0.8049223410334522,7.756864115870327,2.0361304503057083,127.50240380737274,69.94543092932268,32.125659515381734,94.52759180508501,182.017200354056,4.8056194599051745,3.5588961775186267,2.887191558441558,142.73395127748068,26.460804083304083,0.5667349167349167,10.012480012480012,2.87493174993175,12.798775398775398,0.34505674505674505,-3.258842283842284,24.773806403806404,,1631.548907088907,264.0231551031551,,,10.34139388089388,16.104378066378068,4.586524004524005,,270.72380952380956,19.0074025974026,13.622222222222224,7.411111111111111,10.277777777777777,4.513376623376623,,273.2885375494071,268.85375494071144,12.920158102766797,18.096324110671937,,12.033333333333331,11.833333333333336,13.65555555555556,5.633333333333334,5.677777777777779,7.577777777777778,8.722222222222221,8.755555555555555,10.344444444444443,,,,
0,2015.0,10.846091420587099,6.69658753030511,0.8122932702903884,9.006224223804871,2.1778041659986105,125.88535725922821,58.94939591015981,31.198757292979195,91.42541965304362,160.13810392282613,5.148805815160955,3.2184135610766047,2.724466991341991,196.37197835497835,34.95497427983539,1.066657313879536,8.833447904975683,2.346883183688739,13.635168817807706,0.7227296109240553,-2.8549955574261134,25.203030303030303,,1678.8741307277628,246.29029204077816,,,11.17970148241676,17.15880045828657,5.1895520014964465,,243.55681818181816,18.12387205387206,16.788888888888888,10.188888888888888,13.622222222222224,3.523725895316804,,269.90316205533594,271.1077075098814,12.650721343873517,17.73469367588933,,15.177777777777775,14.933333333333334,16.977777777777778,8.155555555555557,8.08888888888889,9.81111111111111,11.955555555555556,11.755555555555556,13.511111111111113,,,,
0,2016.0,11.323458076466673,6.848798566921777,0.644138168421836,2.714914941445554,0.9258375592661306,35.49165807737237,25.98217831374974,26.39240407554878,82.87335355304701,65.06496227581941,4.344576603951604,2.811579275905119,2.8476325757575753,237.92553475935827,43.12377041442462,0.16728499952799017,9.30445813272916,1.5414165014632304,13.851503351269704,1.5648281884263193,-2.387567025394128,27.015759935806663,,1347.838679245283,232.5196842254319,,,12.021464788067592,18.058488836967808,5.969244029075804,,248.37878787878788,18.838257575757577,16.175,9.3,12.875,3.444901394901395,,268.9328063241107,271.50197628458494,13.49407114624506,18.98142292490119,,14.3625,14.374999999999998,15.962500000000002,8.075000000000001,8.200000000000001,9.175,11.0,10.9875,12.6625,,,,
0,2017.0,11.797516801798569,7.078312724721566,0.8727073417681152,2.9042723832458934,1.372675642400413,61.60872418604205,56.80053467175027,29.907712902505715,96.38455901573704,113.87104548102253,4.989068233353948,3.0715531561461797,2.908915239350023,169.44377810700627,31.400222462722468,0.16962615573726686,9.29332077387633,2.160325476992144,13.458361391694725,0.6245136550692106,-2.459343701565924,26.428966517022072,,1405.2318769569006,240.65839399283846,,,11.349039602372935,17.091375046763932,5.598084455667789,,253.56902356902356,17.083501683501687,16.98888888888889,9.21111111111111,12.655555555555557,3.2289862914862915,,274.10468319559226,269.3250688705234,13.904224058769513,19.348714416896232,,14.622222222222224,14.27777777777778,16.355555555555554,7.777777777777776,7.655555555555555,9.144444444444444,10.766666666666667,10.655555555555557,12.422222222222222,,,,
0,2018.0,13.960031943365278,9.131618176062618,1.4929238457016234,2.9148574900454602,1.6202166688530324,59.039217361585784,71.29308627399536,39.015591949203056,144.47619527625727,147.06327801827803,6.093531055233183,3.481113000755858,2.887549407114624,228.60679675543315,42.94317307692308,0.03155594405594405,10.245120504495503,1.7692994505494506,13.315315934065934,1.149122752247752,-1.448994443056943,26.92126123876124,,1582.1856712758656,249.20455700549448,,,11.42054689060939,16.50631758866134,6.339200518231768,,259.3272727272727,16.485454545454544,17.389999999999997,8.45,12.3,3.4510461760461766,,279.1942148760331,274.2851239669422,13.076528925619833,18.328677685950414,,15.110000000000005,14.78,16.939999999999998,6.63,7.01,8.5,10.31,10.46,12.12,,,,
0,2019.0,12.267704211857438,7.913517568154664,0.9542682974134586,3.5366315502679138,1.1420638799671057,42.66241763287218,36.27135157256125,32.21671837421838,111.36249848153547,78.65264783006718,4.512913294435034,4.211973180076628,2.810759771629337,197.65467729578555,37.593228085291194,0.1699106179688704,9.484079351069642,1.7549436809145549,14.01922869471413,0.9485142689026184,-2.275609913279816,26.131367033721403,,1534.4914918470417,235.93662131018925,,,11.674091392426345,17.363851454909707,5.988653560571036,,254.3771043771044,15.76060606060606,17.15555555555555,9.877777777777776,12.777777777777777,2.4679292929292926,,282.56198347107437,280.33057851239676,13.985950413223138,19.590082644628097,,14.622222222222222,14.633333333333333,16.91111111111111,8.277777777777779,8.455555555555556,9.755555555555553,10.811111111111112,10.855555555555554,12.555555555555555,,,,
0,2020.0,12.30167577131863,7.080923463661558,0.8088610023133832,2.146987240309158,1.0046452901104064,48.76455751250272,67.37457905466627,33.79049725333456,96.80928558770664,111.12890386422363,4.083530358530358,2.620452847805789,2.875138339920949,217.80847126277976,39.81545480053056,0.035024487297214565,9.684718396082033,1.2360805019895929,12.434504132231407,1.5528160391796757,-2.347757116620753,25.695541016222833,,1490.685502473717,243.51981481481482,,,11.545280379553107,17.212094123048672,5.877327058463423,,268.7878787878788,16.527272727272727,17.72727272727273,10.1,13.836363636363636,1.677061430632859,,271.4834710743801,264.400826446281,13.88946280991736,19.373223140495863,,14.918181818181818,14.736363636363636,17.31818181818182,8.336363636363636,8.52727272727273,10.163636363636364,11.3,11.381818181818184,13.409090909090908,,,,
0,2021.0,12.124003322259137,7.460866555924697,0.9351328903654486,8.912113617376775,2.8149128919860624,103.86450849345586,73.55997677119628,32.64075235326689,105.49858787161273,245.65219512195125,3.1822523262178435,1.9314814814814814,2.8050931677018633,98.2749438202247,52.5945939849624,0.11894736842105263,9.231629072681704,2.379749373433584,14.86436090225564,1.8488471177944863,-1.3931629072681706,27.61399248120301,,2042.7492675983435,225.26094486215538,,,12.39780350877193,18.34468020050125,6.498062155388472,,245.33333333333334,16.51111111111111,15.32,6.44,11.24,1.5083333333333335,,275.97402597402595,280.5194805194805,14.038961038961041,19.551298701298702,,13.12,12.54,14.560000000000002,4.340000000000001,4.880000000000001,6.659999999999999,8.739999999999998,8.68,10.68,,,,
