,YEAR,DP01,DP10,DP1X,DSND,DSNW,EMSD,EMSN,EMXP,PRCP,SNOW,DYFG,DYTS,AWND,CDSD,CLDD,DT00,DT32,DX32,DX70,DX90,EMNT,EMXT,EVAP,HDSD,HTDD,MNPN,MXPN,TAVG,TMAX,TMIN,WDMV,WDFG,WSFG,HX01,LX01,MX01,DYHF,TSUN,WDF2,WDF5,WSF2,WSF5,PSUN,HN01,HN02,HX02,LN01,LN02,LX02,MN01,MN02,MX02,HN03,HX03,LN03,LX03,MN03,MX03
0,1960.0,8.650976312419974,6.366462156779058,0.9219003414425951,0.8005747126436782,0.36072796934865897,18.275461511668407,14.801079763148731,33.17506224213971,94.9038451415564,30.242337164750957,5.8571809363476035,2.9688852813852815,,379.52111111111105,71.96478188478189,0.0663040663040663,8.462703962703964,0.6203648203648202,17.63928293928294,4.285721685721685,-0.5047720797720797,29.103687423687425,,998.7084472544999,183.2096607096607,,,14.600965737965739,21.17920523920524,7.988978502978503,,263.4646464646464,16.26868686868687,,,,,,,,,,,,,,,,,,,,,,,,,
0,1961.0,10.311212743195503,7.693289794496691,1.2952764094143405,0.1116161616161616,0.07244668911335578,2.6516835016835016,2.459652076318743,36.69211485545107,121.5301922301836,3.7713243546576876,5.656235285182653,3.4611111111111112,,313.34299140049137,59.84309848484848,0.0022727272727272726,4.811087662337663,0.19788329725829726,17.67448051948052,2.660820707070707,0.23649107142857137,28.94217180735931,,1039.7266407496013,145.5431698232323,,,15.386373538961038,21.762422348484847,9.038091396103898,,246.53636363636363,16.84318181818182,,,,,,,,,,,,,,,,,,,,,,,,,
0,1962.0,10.563418465592378,8.65731394209655,2.021411438802743,0.2759230965113318,0.14069582378405907,7.696492233256939,7.9063216195569135,42.699604743083,154.06049434744796,10.999817502758681,5.912360053739365,3.685260770975056,,383.89617586117583,77.24682035993358,0.1785210596531351,6.127272727272727,0.45738517247951205,18.03139889460644,5.115180102915953,-0.6540270630836669,29.75933771679055,,793.2806424362674,157.69617305126738,,,15.620133886030112,22.306372307985512,8.937656470364017,,222.97979797979798,14.951010101010104,,,,,,,,,,,,,,,,,,,,,,,,,
0,1963.0,7.166407496012759,5.37722810814916,0.9670131768815979,0.60579640947288,0.27546473134708427,20.210169977081737,19.98957219251337,34.85168688767372,90.69333485228222,27.78334606569901,7.752733860342556,3.2085565476190476,,349.7461060606061,66.4006570421193,0.1072803506765771,6.993081761006289,1.0315990089574996,19.33809796073947,3.0668000762340384,-0.8012864493996569,29.090089574995236,90.25,910.0193298368299,160.13897560510765,9.576666666666666,22.753333333333334,15.114847913093195,22.20719153802173,8.017466171145417,1001.888888888889,242.3409090909091,15.726818181818183,,,,,,,,,,,,,,,,,,,,,,,,,
0,1964.0,8.880233845302339,6.941856925418569,1.467960426179604,0.09544689317416588,0.08718243036424854,5.041689623507804,6.371212121212121,41.98055348000553,122.28983326414834,8.116184573002755,14.181818181818183,4.384876829519686,,351.80548855906,64.67397989327235,0.0034305317324185244,7.045811892510006,0.16684772250809984,17.785158185629886,4.270240137221269,-0.9336906803887935,28.473839813226608,113.48281385281386,1097.7674203463205,165.65748380026685,13.779666666666666,26.85763636363636,14.9241359348199,21.591885220125782,8.185021393177054,1004.6878306878307,216.86363636363637,16.450000000000003,,,,,,,,,,,,,,,,,,,,,,,,,
0,1965.0,8.279384118967451,6.025397326438993,1.0886223344556678,0.37742671921776394,0.21628545583769465,10.554446382804592,9.092369860653443,34.20443898308481,95.21897997835498,14.625632120781374,13.363636363636363,3.9985582010582013,,388.23418455067394,72.50877109285273,0.06959095326442266,6.204462997320139,0.31662396560355743,18.72578407986571,3.0535677474452982,-0.2278587625526401,29.03811062520246,116.78994708994708,984.7444134352644,147.03858762552642,15.057129629629628,28.995277777777773,15.77509173366316,22.41463163707041,9.03814524251259,926.775,243.9090909090909,17.90909090909091,,,,2.0,,,,,,,,,,,,,,,,,,,,,
0,1966.0,8.82640374331551,6.602588383838384,1.1953319964349378,0.42802228635561973,0.1698011864678531,15.182527657527658,11.346007696007696,36.3137693107546,104.08744689542485,13.970250120250121,14.045454545454547,3.681618480725624,,342.8013774104683,63.810460729746445,0.018738404452690163,6.480747710339547,0.311943045616515,18.01165150042701,3.3768979886326824,-0.43021144388491317,28.897747739788553,124.51547619047618,872.0470535714286,154.7697075713402,14.376157407407407,27.90013888888889,15.245310318932766,21.833697993050034,8.54343335689254,1119.8205868205869,262.68181818181813,17.809090909090912,,,,2.125,,,,,,,,,,,,,,,,,,,,,
0,1967.0,9.145904675755423,7.012360276539381,1.3749930003661346,0.17346041055718475,0.13588186007540845,6.750293255131965,7.828424801005446,39.82108031272211,117.3002119273761,9.741914537075827,14.454545454545455,3.789598845598846,,300.26928325811303,51.16158737520983,0.027829313543599257,6.525801749271136,0.34976146302676914,18.245109992048768,1.2936456400742113,-0.4683995936036751,28.727946594222107,115.7377777777778,992.501574074074,154.7652283770651,14.056079365079365,28.057407407407407,14.794638947786908,21.402198118208318,8.048226168389434,1261.935064935065,241.54545454545456,16.20909090909091,,,,2.625,,,,,,,,,,,,,,,,,,,,,
0,1968.0,8.330939996984773,6.346276194783657,0.9427521483491633,0.34353209514499844,0.2313294232649071,16.89524275008146,16.38489736070381,33.07065468113976,93.48119402985074,21.616568914956012,14.0,4.395535714285714,,353.67814313346224,67.76117192331478,0.022263450834879406,7.28416821273964,0.4460935889507318,18.474335188620902,4.21098742527314,-0.3552659245516388,28.799340342197485,127.92677248677246,1047.0604019789735,167.07636466707893,15.010277777777778,28.262,14.986160173160172,21.66641981034838,8.144656050298906,1102.3785473785472,234.5151515151515,18.264646464646468,,,,2.0,,,,,,,,,,,,,,,,,,,,,
0,1969.0,8.44127428127428,6.34951936951937,1.1476079476079475,0.35924482924482926,0.23027417027417027,13.32027898027898,14.820901875901876,38.777427905427906,104.45040848040848,19.21089947089947,17.06818181818182,4.218111055611056,,358.8318819143819,68.03133701298702,0.0,7.810856421356422,0.15680519480519478,17.460115440115437,4.189126984126984,0.3299975468975468,28.303156565656565,132.33095238095237,1161.1921398636825,172.54125476190475,14.453063492063492,27.71612373737374,14.789704047619045,21.365101356421356,8.05946215007215,1079.4781144781145,226.61111111111111,17.717777777777783,,,,1.5714285714285714,,,,,,,,,,,,,,,,,,,,,
0,1970.0,9.778502558048014,7.441317394726485,1.1558293978748524,0.15625931445603575,0.122876304023845,4.706818181818182,5.916058122205663,37.8499173553719,112.62360192837465,7.22440387481371,16.56818181818182,4.131857031857032,,356.52695230078564,67.97663646266588,0.059487027134085955,6.316557734204793,0.22049910873440287,17.562554112554114,3.744766997708174,-1.0973019409784117,28.616273236567356,121.72251082251084,1024.2864448836187,161.28334620716976,15.076666666666668,28.617083333333337,15.121156862745098,21.62080608607079,8.535005446623094,1178.837421837422,260.77272727272725,19.129545454545454,,,,2.4444444444444446,,,,,,,,,,,,,,,,,,,,,
0,1971.0,9.623279404211607,7.263097072419106,1.0691919191919192,0.4714946070878274,0.32163156993665465,11.235850025680534,14.790100154083206,34.44034668721109,106.63601951720595,22.56390600924499,20.09090909090909,4.0147405174190895,,301.885721981722,62.58740303030303,0.13357575757575757,6.278155122655122,0.5369898989898989,18.592448773448773,2.521969696969697,-0.09152474747474747,28.95536479076479,117.93428571428574,823.0814065426299,153.02222294372297,14.106285714285713,27.63795238095238,15.173334401154403,21.84979950937951,8.427834790764791,1792.525974025974,202.72727272727272,17.42727272727273,,,,1.875,,,,,,,,,,,,,,,,,,,,,
0,1972.0,10.960925039872407,8.146411483253589,1.3110047846889954,0.06866883116883117,0.10519480519480519,1.611201298701299,3.585714285714286,41.49171451355662,127.91816985645933,5.180194805194804,18.818181818181817,4.316869998688181,,322.8169554238033,62.68727272727273,0.0,5.855460858585858,0.2162247474747475,17.77231691919192,2.7254103535353535,0.2637121212121213,28.7737720959596,126.99222222222222,834.5526590371802,157.73314393939395,13.88412037037037,27.142777777777777,15.064731691919192,21.373575126262626,8.746927083333333,1438.8629629629631,244.54545454545453,18.13636363636364,,,,1.8571428571428568,,,,,,,,,,,,,,,,,,,,,
0,1973.0,10.252435381382751,7.9272455127718295,1.5895376066428697,0.1011164274322169,0.08038277511961721,1.9523125996810209,2.4910685805422648,46.30567846383636,139.86233418141313,4.088676236044657,17.727272727272727,5.010771677817132,,348.2546924393436,70.75837910353535,0.007575757575757575,5.0089804292929285,0.38939393939393935,19.23805765993266,3.186489898989899,0.9877246422558925,28.732986637205386,105.26428571428572,849.5383220188902,138.22143992003367,13.01484126984127,25.130595238095243,16.002,22.338272569444445,9.674732954545455,1737.675,231.8181818181818,19.85454545454546,,,,2.142857142857143,,,,,,,,,,,,,,,,,,,,,
0,1974.0,10.318849206349205,7.791089466089466,1.3410714285714285,0.11217532467532466,0.09588744588744588,2.8362012987012983,4.187770562770562,38.651237373737374,121.18055916305919,5.617334054834054,16.545454545454547,4.674021464646465,,306.15395348837217,54.46130937029873,0.003868471953578336,5.953019557274876,0.1257253384912959,18.473592306039112,1.9743176445304103,0.7773049645390071,28.726088007736944,111.49791666666667,828.8954479578395,145.99865516870835,12.478229166666665,24.6488125,15.214965237481197,21.862284816247584,8.69376273372018,1594.0025252525252,249.0909090909091,19.954545454545457,,,,1.6666666666666667,,,,,,,,,,,,,,,,,,,,,
0,1975.0,10.04993033786137,7.629519331243469,1.354667363288053,0.08934169278996863,0.10344827586206895,2.6175548589341693,3.903552769070011,42.93351445489377,128.63040752351097,5.497248345524207,13.545454545454543,4.937709235209235,,357.85735537190084,63.1896654040404,0.0,6.202335858585858,0.22828282828282823,17.468560606060603,3.2805134680134684,0.5363425925925926,29.19088383838384,115.71805555555554,934.2645367965367,159.97815709175083,14.636520833333334,26.94313888888889,15.012993476430973,21.35153914141414,8.714315656565656,1584.0167748917747,265.0,20.625,,,,1.5714285714285714,,,,,,,,,,,,,,,,,,,,,
0,1976.0,8.671783625730994,6.557283359914939,1.0507309941520468,0.14657097288676235,0.17729930887825623,4.543115364167996,8.064859117490697,34.10715045188729,99.40718766613503,10.68734715576821,17.363636363636363,4.04810606060606,,268.4481973140496,49.274187620889755,0.00967117988394584,6.986170212765956,0.3341715022566086,17.866247582205027,2.2359767891682782,-0.6959832366215345,28.464316569954867,126.43777777777778,1047.2302424242425,159.78949709864602,12.845277777777778,26.10183333333333,14.655138297872341,21.667819471308835,7.613420051579626,1661.1886724386725,210.0,16.7,,,,1.8333333333333333,,,,,,,,,,,,,,,,,,,,,
0,1977.0,9.151094276094275,6.869907407407407,1.4878787878787878,0.07744107744107744,0.021885521885521883,1.0656565656565657,1.4006734006734007,42.108265993266,120.70603114478115,1.7794612794612792,14.181818181818182,4.7365404040404036,,425.1419552669552,78.67689623507805,0.0043388429752066115,5.903053259871442,0.46735537190082643,18.712396694214874,4.674793388429752,0.5242194674012857,30.095165289256194,125.81416666666667,1119.0008315715293,147.45570247933884,15.397104166666667,28.268006944444444,15.945583103764925,22.668636363636367,9.180958448117538,1458.511111111111,264.54545454545456,20.090909090909093,,,,2.4285714285714284,,,,,,,,,,,,,,,,,,,,,
0,1978.0,8.654575285825285,6.545146520146521,1.1480061605061604,0.4857517482517482,0.21388611388611387,5.771765734265734,7.56530969030969,34.44016906704407,103.32546925296926,15.229245754245756,17.0,3.9463718820861677,,416.07025662025666,75.47602734663711,0.031929046563192905,6.600224369126808,0.6678967374089324,18.980955020589168,4.929965156794426,1.0304751346214762,29.292638580931264,116.62293650793649,1117.564428430648,164.7042590539542,14.200400793650791,26.209678571428572,15.221609386548414,22.054119733924615,8.314773255200084,1495.8103174603175,225.45454545454547,17.70909090909091,,,,3.0,,,,,,,,,,,,,,,,,,,,,
0,1979.0,10.147743922743924,7.672398434898435,1.6752247752247749,0.39233511586452763,0.2691622103386809,7.926024955436721,10.590017825311943,48.53549304861805,137.14724754412256,23.550802139037433,18.90909090909091,3.848771326712503,,295.6359557109557,57.835129870129876,0.1077200577200577,6.547931697931698,0.5025252525252525,17.488812544045103,1.8282241014799154,0.4985666185666185,28.20823643410853,113.02539682539683,975.2090775890777,163.23541486291487,15.973865079365078,26.56100793650794,14.677035774410776,21.00003934695795,8.487419913419913,1621.419761904762,241.8181818181818,17.800000000000004,,,,2.5,,,,,,,,,,,,,,,,,,,,,
0,1980.0,7.980969696969696,5.723090909090908,1.0342020202020203,0.4191313131313132,0.21597979797979797,8.598545454545455,9.362434343434344,33.8013797979798,92.41271111111111,14.246323232323235,,4.155467372134039,,453.8620593692022,86.809234006734,0.03782467532467532,6.648767436267437,0.6982503607503607,17.830224867724866,6.9507335257335265,0.2815091390091389,30.503000841750843,138.93998015873015,966.5273779761905,170.39859487734486,16.40884126984127,25.385555555555555,15.448877825877828,22.326138768638767,8.55826424963925,1425.6939393939392,218.1818181818182,17.663636363636368,,,,,,,,,,,,,,,,,,,,,,,,,
0,1981.0,9.201435064935065,6.954188311688312,1.1482207792207795,0.06036363636363636,0.05454545454545454,1.2036363636363636,2.077777777777778,36.7101525974026,105.64602857142856,2.888686868686869,,3.8625,,388.49048204048205,67.25226164079822,0.04306479428430648,7.007454334283602,0.49128919860627174,17.664935064935065,3.2778270509977823,-0.007016506528701525,28.77996515679442,127.03586309523808,1034.5743933843933,169.52018231091404,15.253492063492065,26.25232142857143,14.848369795516136,21.42685302502376,8.251525604476823,1537.9800865800867,224.54545454545453,17.945454545454545,,,,,,,,,,,,,,,,,,,,,,,,,
0,1982.0,10.551907025436437,7.672312056135586,1.2367371190900605,0.12083085759556347,0.1275203010497128,3.5592146959794015,6.7311398296692415,40.70412747927454,119.68500721500723,8.439339473163002,4.326725327812284,3.7594516594516594,,337.9131121119025,70.15376531091647,0.0,6.028638544917615,0.24885482734319941,17.71257340850364,2.8324750830564787,0.8217056780428873,30.183739974495786,124.6642857142857,732.4235278679655,136.21308718413368,16.01020833333333,28.5336875,15.88330217456962,21.93206399543609,9.42259688244572,1492.3844696969695,229.0909090909091,16.71818181818182,26.068863636363634,13.566818181818183,19.93363636363636,,,,,,,,19.486363636363635,21.23,23.93,9.487272727272726,13.510000000000002,15.110000000000005,13.950454545454546,16.95,19.270000000000003,18.000000000000004,21.33,11.5,13.76,14.670000000000002,17.389999999999997
0,1983.0,9.019109461966606,6.634137291280148,1.5191094619666048,0.1400742115027829,0.09313543599257884,3.0267161410018555,5.120964749536178,39.85975881261595,120.36354359925788,6.170686456400742,3.5712396069538928,3.645725108225109,,342.6862504638218,77.77692244747124,0.20280857354028084,5.818158941329673,0.6139689578713968,17.564141414141414,5.310445922641045,0.5397905888149791,29.320477950234046,136.49107142857142,776.7034765512265,152.23614252278887,14.985744047619049,28.279553571428572,15.658764755569637,21.74220620842572,9.022487153767642,1595.156655844156,250.9090909090909,17.845454545454547,25.340909090909093,13.925,20.020454545454548,,,,,,,,18.888636363636365,20.8,23.12727272727273,9.147727272727273,13.390909090909092,14.990909090909094,13.802272727272728,16.96363636363636,19.25454545454545,17.327272727272728,20.77272727272727,11.163636363636364,13.890909090909092,14.381818181818184,17.563636363636366
0,1984.0,10.106060606060606,7.533740465883323,1.4643527107812824,0.12479901051329624,0.11020408163265305,3.326365697794269,4.9601525458668325,39.79384972170686,125.74403215831785,7.069243454957741,3.856052407188771,3.533333333333333,,304.2504240682689,72.13077297363883,0.022111357477211133,4.714658782951466,0.20086228135008624,18.23578467602858,3.478923380142892,0.9154120473022913,29.744047795023405,136.91160714285715,644.3669745386193,119.67130820399115,14.28815476190476,27.875416666666666,16.590795331362404,22.63771384577482,9.86276933973885,1743.7988095238097,235.45454545454547,16.90909090909091,26.680397727272727,14.870454545454542,21.242329545454545,2.0,,,,,,,20.073295454545455,20.91818181818181,23.2,10.007102272727273,12.21818181818182,14.909090909090908,15.079829545454547,16.990909090909092,19.281818181818185,18.500000000000004,21.61818181818182,11.618181818181816,14.136363636363637,15.07272727272727,18.081818181818186
0,1985.0,8.836939393939394,6.3064898989898985,0.9297121212121213,0.39060389610389606,0.17289754689754688,8.87547619047619,10.49545598845599,32.21485555555555,91.80810353535352,16.36266305916306,3.4682825276575273,2.980653258778258,,337.90854754440954,74.12075809111523,0.023448773448773445,5.462592764378479,0.876729883872741,18.87478870336013,3.52308115165258,0.996676887926888,29.317326668040955,139.60190476190476,621.7688422688423,131.9324045729403,15.870386904761903,29.009434523809524,16.211940793994366,21.87841317941318,9.70733077372363,1583.7549603174602,244.54545454545453,16.51818181818182,27.484253246753248,16.051461038961037,21.794512987012983,1.5,,,,,,,20.930129870129868,21.66,24.15,10.971266233766233,13.49,15.27,15.666883116883117,17.02,19.22,19.17,22.390000000000004,11.89,14.43,15.06,17.96
0,1986.0,8.969722434428318,6.368067226890757,1.1567608861726508,0.11349630761395467,0.08854087089381205,3.4091673032849497,4.516424751718869,37.28169085816144,100.81085816144639,6.154570919276803,5.163510959939531,3.4002771218680308,2.266666666666666,485.13494668911335,88.42886640491292,0.0,4.215826873385012,0.2439444276653579,19.37083710862781,4.942011476895199,1.699130759421457,30.15398318735528,155.48660714285717,525.4202741702742,118.69040328534516,16.854776785714286,29.17892857142857,17.13859137051579,23.043389132185645,10.641601714822645,1444.574107142857,240.0,17.500000000000004,27.984415584415583,16.254220779220777,22.499675324675323,1.3333333333333333,,,,,,,20.496103896103897,22.236363636363635,25.09090909090909,11.15844155844156,14.2,16.063636363636363,15.838636363636363,18.35454545454545,20.427272727272733,19.73,24.630000000000003,12.73,16.059999999999995,16.45,20.3
0,1987.0,8.304477466977467,6.09843142968143,1.0020881895881895,0.08631646131646131,0.10261752136752135,2.9879065379065373,6.811713286713286,35.49362228049728,94.4922197940948,8.382736013986014,3.7494588744588744,3.6518208399787344,2.1818181818181817,391.8736913250148,77.76241809327037,0.0,5.353426308539945,0.05599173553719008,18.096797520661156,4.297985537190082,1.6556937065459791,28.994564393939392,149.48200000000003,906.3850320275932,135.32663829857012,15.077770833333332,26.214305555555555,16.202440730355505,22.50381301652893,9.351672856814902,1595.3333333333335,196.3636363636364,19.27272727272728,26.553409090909092,15.861060606060608,21.728257575757578,1.75,,,,,,,19.2275,21.2125,24.78333333333333,10.319242424242425,13.341666666666667,15.266666666666664,15.060757575757574,17.508333333333333,20.59583333333333,14.85,19.3,6.25,10.025,11.3,14.95
0,1988.0,7.954290154290153,5.959884559884559,1.140079365079365,0.13202214452214453,0.12308663558663557,4.831614219114218,6.6850163725163725,35.53242493617494,100.44850482850484,8.108442945942947,3.662398420293157,2.8220298220298217,2.2454545454545456,317.03985802727743,74.08447035287945,0.01115702479338843,6.607319952774498,0.2956537780401417,17.162381936245573,5.241724058769514,0.5150736258690806,29.348937754165025,157.89819047619045,759.8744005531506,159.00768332677424,13.87620833333333,25.965854166666666,15.44307657746294,22.291889233241502,8.409018701626657,1570.3516666666667,200.0,14.4,27.8205974025974,15.789246753246754,22.41238961038961,2.0,,,,,,,19.904207792207792,22.549999999999997,29.225,9.774597402597404,13.041666666666668,16.616666666666667,14.634935064935068,17.341666666666665,23.15833333333333,19.4,24.4,12.8,15.6,16.2,20.7
0,1989.0,10.02365342990343,7.6508526196026185,1.5934523809523808,0.19749764124764121,0.14606643356643356,5.991685397935398,5.994711538461539,43.76099442224442,134.09302253302255,10.84256993006993,5.084755720470006,3.9490510697032435,2.6272727272727274,333.4048585858586,60.0946378066378,0.3118326118326118,6.90109668109668,1.4285425685425686,17.28798460798461,2.1804136604136604,-0.9083886483886482,28.880236010902678,131.51409523809522,821.5808511948758,182.8054959114959,15.1645,27.047785714285713,14.089364822831488,20.14855776815777,7.998363732563734,1604.8214285714284,274.54545454545456,18.500000000000004,24.724242424242426,11.331656565656566,18.367555555555555,1.4,,,,,,,18.537535353535354,18.22272727272727,21.51818181818182,6.85159595959596,8.307575757575759,11.031818181818181,12.614565656565656,13.377272727272729,16.546969696969697,16.65,18.85,8.299999999999999,9.45,12.75,14.7
0,1990.0,9.16491879580115,7.087688509747334,1.649525365701836,0.0661319073083779,0.03137254901960784,1.1925133689839573,1.440285204991087,44.386078289901825,134.6085298361769,1.799465240641711,4.405407647907648,3.826569264069264,2.6181818181818177,332.8354693274205,64.24438135321468,0.0040404040404040395,5.231840628507295,0.19566859066859063,17.314603174603175,3.662951739618406,0.3250635722302389,29.32353888087222,145.1542857142857,885.9281219336219,143.79078306878307,15.031607142857144,28.427232142857143,15.590687397787399,22.275351074234408,9.020326422959755,1318.1142857142856,258.1818181818182,17.990909090909092,27.089267676767673,15.331212121212122,21.564545454545453,1.6666666666666667,,,,,,,20.45136363636364,19.07714285714286,24.045,9.469797979797978,10.126428571428573,14.175714285714285,14.92560606060606,14.682142857142857,19.11142857142857,10.0,12.2,4.4,5.6,7.2,9.6
0,1991.0,9.560701553348611,7.166813088871913,1.498103584868291,0.1051693404634581,0.06648841354723707,2.6631016042780744,3.353119429590018,42.85732966924143,131.54253713606653,4.135650623885918,4.123410576351752,4.133005050505051,2.5090909090909097,378.24324440052703,71.58224839581223,0.021276595744680847,5.785428755641522,0.23708206686930086,17.341827852998065,3.080132633324123,0.8430582419944125,28.367964907432995,137.45238095238096,798.8181680440772,148.80680175616345,17.210396825396828,29.604047619047616,15.617545400816677,21.64673390439348,9.596438319363852,925.8,219.0909090909091,20.05454545454545,27.851454545454544,15.754727272727274,21.991454545454545,1.0,,,,,,,20.407636363636364,20.788888888888888,25.367460317460313,9.848181818181818,12.973015873015873,16.999206349206347,15.184181818181818,17.080952380952382,21.57063492063492,,,,,,
0,1992.0,10.05380628441853,7.322263450834878,1.1441146155431872,0.15491651205936918,0.08033395176252317,3.4582560296846014,4.090166975881262,34.56716523838972,109.1509461966605,6.086456400742115,5.2649691358024695,3.1970710506424793,2.136363636363636,242.7360164141414,49.637079124579124,0.0049382716049382715,6.130600448933781,0.17544332210998878,15.550791245791245,1.3040684624017957,0.11909595959595953,26.96910325476992,134.25238095238097,1033.9064229504347,166.226209315376,15.857714285714284,26.187714285714286,14.30910785634119,20.214896408529743,8.349662850729517,1451.4738095238095,250.0,16.400000000000002,26.06609090909091,14.787,20.947727272727274,1.5,,,,,,,19.107090909090907,19.75454545454545,26.709090909090904,9.087272727272728,9.590909090909092,15.4,14.309181818181818,14.836363636363636,21.363636363636363,,,,,,
0,1993.0,9.004024943310657,6.548897134611419,1.0329880437023293,0.3041383219954648,0.20307668521954236,15.458446712018139,16.24448051948052,34.29878581735724,100.95454030096886,22.395315398886826,5.204644660894661,3.263381834215168,2.290909090909091,351.65349909349914,64.66154630722812,0.025826446280991733,7.1898760330578515,0.5150654269972452,15.678942837465565,3.9853822314049583,-0.6663739669421486,27.755800619834705,141.50242857142857,856.1130007390982,177.02834145021646,16.580428571428573,27.65957142857143,14.185180957300274,20.3797641184573,7.970932334710742,1468.009523809524,248.1818181818182,19.25454545454545,27.53131313131313,14.474747474747474,21.639646464646464,1.3333333333333333,,,,,,,19.60479797979798,21.585714285714285,29.37142857142857,9.313383838383839,11.642857142857144,16.671428571428574,14.350505050505053,16.557142857142857,23.87142857142857,,,,,,
0,1994.0,8.988355780022445,6.964893378226711,1.5578900112233445,0.09090909090909091,0.04778900112233445,1.917171717171717,1.762267115600449,42.809585297418636,126.18169464486131,2.7925701459034795,5.0200237670825905,3.9605902777777775,2.1545454545454543,224.6982323232323,46.942373050230195,0.0,5.951449013949015,0.22154882154882152,16.064472101972104,1.252176527176527,0.6178986291486294,27.030437710437713,132.116,1048.2981121364016,156.4056240981241,,,14.379835918710919,20.65090879028379,8.074363696488696,1423.907857142857,233.63636363636363,15.8,26.866363636363634,15.273409090909091,21.644090909090906,1.0,,,,,,,20.187272727272727,22.516666666666666,28.571428571428573,9.490909090909092,11.683333333333335,16.757142857142856,15.070454545454545,17.316666666666666,23.81428571428572,,,,,,
0,1995.0,8.26505968778696,6.092355371900827,1.12113406795225,0.1656899180484086,0.09155231560891937,4.224209071850582,3.8551457975986274,37.49650183654729,104.02836232454415,6.445197255574614,4.226071428571428,3.158849206349206,2.7375,327.1354634002361,58.81745107323233,0.06704545454545455,7.959058591871091,1.2676737614237614,15.786470358345357,3.221015211640212,-0.7192407708032708,27.735177895021646,147.50657142857142,717.9046753246753,191.6608469366282,,,13.598380366161615,20.007732683982685,7.279296566859067,1660.0357142857142,173.75,17.1,28.236727272727272,16.295333333333332,22.639590909090906,1.0,,,,,,,21.447060606060603,19.025,26.950000000000003,11.851848484848485,7.625,12.775,16.30730303030303,13.575,20.875,,,,,,
0,1996.0,9.269137806637806,6.986435786435786,1.5860209235209237,0.298989898989899,0.1988429752066115,7.907658402203857,9.984958677685949,39.62564033189033,126.17550144300147,15.495702479338842,5.462349687349688,3.195048226627174,,316.6498361998362,55.908431712962965,0.22011258417508417,7.3407565235690235,0.997895622895623,16.40341961279461,2.1082281144781145,-1.5432654671717172,27.821848695286196,141.4804761904762,853.4974055775143,176.37097064393944,,,14.066738899410774,20.2330867003367,7.784163457491583,1811.0491071428569,,,25.586727272727273,14.01290909090909,20.27436363636364,,,,,,,,20.140626262626263,,,9.99531313131313,,,15.106383838383838,,,,,,,,
0,1997.0,9.435993423698342,7.128237882336243,1.23906275873489,0.16284980957112105,0.15465308825964563,6.616774300380858,5.888793674449413,38.23407435005796,114.11910415631728,9.140656565656567,3.79469696969697,2.3327041847041845,,214.37369332863523,54.54457129738948,0.0031347962382445136,6.7221724635517734,0.2954624163715072,15.324468713105075,2.608518299881936,0.925331703736876,27.582707333070967,137.9061904761905,948.5665153817814,167.9351225895317,,,14.354353495998954,20.32742588875771,7.899156055630193,1411.4791666666665,,,26.4143771043771,15.8246632996633,21.400286195286196,,,,,,,,20.418872053872054,,,11.27170033670034,,,15.761801346801347,,,,,,,,
0,1998.0,9.563007473455233,6.933632702289418,1.4691908423251707,0.18061868686868685,0.06363636363636363,6.282654671717172,3.4502435064935066,41.612908617087726,124.07860438069393,5.412601461038961,3.6514243419415835,3.2758751536529314,1.3,341.6367534770194,74.45080932273555,0.009720152343103161,5.256141627043267,0.4684168877717264,17.660787017641855,4.351191639901317,1.7280965983015162,29.30611896615929,149.93206349206346,682.5318029029794,150.55213250774727,,,15.617531574527474,21.785562182888796,9.430985528587986,1329.9485714285715,,,27.33890909090909,16.01909090909091,21.62963636363637,,,210.0,230.0,9.35,12.5,,21.544363636363634,,,11.380727272727274,,,16.35272727272727,,,,,,,,
0,1999.0,7.344918104983039,5.248188752084856,0.9814443132624951,0.1296127946127946,0.09293939393939392,2.531,3.2755454545454548,35.90068870523416,86.08483391428196,5.313575757575757,3.8838943623426383,2.1975446428571432,1.4636363636363638,340.5987029322879,64.69523387801557,0.005121638924455825,6.5096782716501025,0.13135171156004485,17.636786014911014,4.133207571749239,1.1365500071133874,28.697854186708355,160.2404761904762,702.8010209235209,150.11870851370853,,,15.314874514765359,22.215375455948372,8.42692892201695,1465.6,270.0,15.6,26.384545454545453,15.993272727272728,21.730828282828284,4.7,,198.0,209.0,9.43,13.76,,20.634020202020203,,,11.706525252525253,,,16.15357575757576,,,,,,,,
0,2000.0,8.661161694585607,5.987942703431834,1.1522695903130684,0.15620658411356086,0.1426680599094392,2.220280881908789,4.164226003881176,35.95302528389485,96.37626592007028,8.752740458774943,4.645177582274357,2.8841422466422464,1.4909090909090912,261.7244623709623,66.60826439481927,0.013303769401330375,6.7993062154647514,0.9140434961863533,17.806579399436547,2.919782003710575,0.222839985218034,28.727021490414348,159.0118253968254,789.6890084446071,157.81490237743287,,,15.034179539295392,21.206411392839964,8.597321732129659,1501.7838095238096,,,26.641818181818184,15.37640404040404,20.755636363636363,3.363636363636364,,214.54545454545453,215.45454545454547,10.445454545454544,15.272727272727275,,19.907474747474748,,,10.285070707070707,,,15.231898989898989,,,,,,,,
0,2001.0,9.083564213564214,6.864229076479076,1.452200937950938,0.02168423364075538,0.018572825024437932,0.4417133289415898,0.6832844574780059,39.54180591630592,119.70184678932179,1.3949169110459432,3.9692674512987014,3.235578643578643,1.877272727272727,298.80457903207906,55.21938585099112,0.0009569377990430621,5.793480671375408,0.20410660359113966,16.697854093214918,1.682880349890659,0.10378673957621319,27.676448059386203,143.4455357142857,712.9317918375483,151.11008244095086,,,14.955040434419383,21.281323157941713,8.537637761069341,1240.8392857142858,,,26.605272727272727,16.084545454545456,21.75618181818182,5.2727272727272725,,242.57575757575756,233.2323232323232,11.233333333333334,15.170202020202021,,20.273090909090904,,,10.669454545454546,,,15.619272727272726,,,,,,,,
0,2002.0,10.324959879165485,7.274185783064288,1.531947984518078,0.060249554367201426,0.06622536040011767,1.2363141216082392,2.4085613415710503,41.99161757764562,124.62677286887566,3.1091399431205256,3.991000918273646,3.0833814333814336,2.1863636363636365,339.082439009139,74.37702387695379,0.008071367884451995,6.321668959285782,0.33786563903386335,15.901538077706302,3.836937465442139,1.7514189963722675,28.59361782039352,151.98690476190475,684.7796983029049,153.18208715998435,,,15.350462893285325,21.147139883481007,9.358550134185649,1333.0238095238096,,,26.571818181818184,15.215818181818184,21.183818181818182,3.8,0.0,225.45454545454547,233.63636363636363,11.781818181818181,16.09090909090909,,20.673454545454543,,,10.892,,,15.651454545454547,,,,,,,,
0,2003.0,10.710968726455453,7.90091975379586,1.6397342578758505,0.20882867132867133,0.1796931579950448,5.274322552447552,6.9042357537640555,44.37430962596891,139.26743335611755,12.375250142938823,4.148917748917749,3.5009259259259258,2.077272727272727,232.57963194330287,52.80842343148128,0.0,6.081404660536892,0.27591636505570927,16.400200186880515,1.557029309488326,1.1878810239347428,27.17209705367492,143.4270476190476,761.9438379195062,156.68628585143048,,,14.541959232227827,20.259422370662126,8.614248846195126,1271.3047619047618,,,25.650037878787874,15.613863636363638,20.79276515151515,7.545454545454546,0.0,238.1818181818182,252.72727272727275,11.10909090909091,15.031818181818181,,19.517196969696972,,,11.439469696969697,,,15.512272727272729,,,,,,,,
0,2004.0,10.45907100562273,7.31504204607653,1.7035397074190177,0.1769921436588103,0.09599666388657212,4.095407781518892,5.1929872115651925,48.86988144996766,136.1783486883487,7.83679686776017,4.6761002886002885,2.7503401360544215,2.118181818181818,269.13302376443005,58.644834480917154,0.015636681778414062,5.143610173728284,0.35068286918680613,17.38597590073968,1.1572510822510824,1.3567572519344173,27.72735726216041,146.68293650793652,651.7627325114498,138.97461163945414,,,15.39494033700333,21.14242652054857,9.517242290736386,1382.980476190476,,,26.545454545454543,15.457575757575759,21.06818181818182,6.4,0.0,230.0,225.9090909090909,10.540909090909093,14.704545454545453,,19.674242424242422,24.45555555555556,30.12222222222222,10.549999999999999,14.144444444444444,18.88888888888889,15.245454545454548,19.77777777777777,24.988888888888884,,,,,,
0,2005.0,8.662404052530103,6.006312525010004,0.9976069215565014,0.09235826735826737,0.04993912337662337,1.6247429247429246,1.8973620129870128,32.448349400366205,95.09162686286635,3.6140963203463206,4.738671236171236,3.362180814354727,2.05,287.99039442039447,71.99826814461579,0.0051846590909090905,5.833380963654402,0.16018725198412698,17.040279186958877,3.3988089601370852,1.8666340018488456,28.48808712121212,157.35059523809522,640.3521040234276,150.51922407670455,,,15.487981026785715,21.548761828666123,9.242632572939213,1290.1142857142859,,,26.25378787878788,14.833636363636366,21.165454545454548,5.181818181818182,,225.45454545454547,218.63636363636363,10.922727272727272,15.15909090909091,,19.106969696969696,22.781818181818185,28.327272727272728,10.313636363636364,13.68181818181818,16.41818181818182,14.978939393939394,18.25454545454545,23.13636363636364,,,,,,
0,2006.0,9.129597732775697,6.4421616283904415,1.068484481620075,0.22686868686868686,0.11884611884611887,4.702121212121212,3.9140049140049147,34.8224697030841,99.55922215496368,7.626399126399126,4.052586206896551,3.4409581529581534,2.0454545454545454,332.8408252261478,68.69937884559886,0.0014545454545454545,5.932658874458874,0.21191498789923982,17.074768210791834,3.5597490654577264,1.3667665512265512,29.430767631318812,159.83829365079364,679.8040442311311,143.35126542568543,,,15.536912877344875,21.65302958437013,9.185581468975467,1410.6952380952382,,,26.245757575757576,15.390454545454544,20.97878787878788,4.2,,264.5454545454545,239.54545454545453,11.990909090909092,16.331818181818186,,19.85530303030303,23.27272727272727,28.61818181818182,10.484242424242423,13.190909090909091,17.472727272727273,14.87969696969697,17.86363636363636,22.91818181818181,,,,,,
0,2007.0,8.505146729390681,5.753630268700834,0.8030345942140297,0.1321303948576676,0.023735312306740877,2.439063360881543,0.9048612951674178,31.824577492959545,85.9767373136123,1.3386275289336513,3.629467030553987,2.5241187384044528,1.8045454545454547,395.70477144142984,87.2385259208005,0.0022354694485842027,5.756060310363588,0.4289679582712369,18.789428831641946,5.12410048967426,2.173363908404892,30.07073989307596,177.33619047619047,650.3311939548547,135.6281500011828,,,16.389900669458047,23.062422305608784,9.709384113382065,1467.004761904762,,,27.552424242424248,16.75742424242424,22.35636363636364,3.1125,,245.90909090909093,247.27272727272728,11.090909090909093,16.209090909090907,,20.616666666666667,23.6,29.75454545454545,11.475606060606061,14.190909090909088,18.018181818181816,15.93878787878788,18.62727272727273,24.13636363636364,,,,,,
0,2008.0,9.33811075355323,6.439698821335989,1.1302995824234763,0.1495440351997729,0.08285746785746785,5.771822439855227,5.651636961636962,38.643152191957505,108.66560994416213,6.299532324532325,3.0359422143513055,2.1756715506715505,1.8803030303030304,273.4759377831471,66.98344454102327,0.005686789151356081,6.012138539500744,0.2929505970844553,17.328299303496156,3.156979525286612,1.0061170762745566,28.52755965163445,162.4452380952381,724.2867630298138,151.1418566145141,,,15.396763910193043,21.585033867925603,8.987310253831907,1394.9190476190477,,,26.49257575757576,15.65318181818182,21.372121212121215,3.0166666666666666,,229.09090909090912,231.22727272727275,11.67727272727273,17.53909090909091,,19.925,22.37272727272727,28.263636363636365,10.753030303030306,12.663636363636364,17.063636363636366,15.085303030303033,17.118181818181817,22.88181818181818,,,,,,
0,2009.0,11.458857645921867,7.82939168884123,1.3360142049591592,0.16642815617635762,0.09300597260238515,6.577750267318613,5.856903758921697,40.73233829116857,130.5009786446224,7.579839393292309,3.227801827801828,3.102761580822805,1.8863636363636365,292.1270193447916,59.68812966560998,0.014173228346456691,5.051793809864677,0.2124805422049516,16.437072922702846,1.5104251173148808,1.0476982422651715,27.630073598754695,141.66468253968253,774.2290876653692,148.83432491393123,,,15.208781302905319,20.760529163968137,9.414961825794505,5299.510714285714,,,25.69478114478115,14.757575757575758,20.796632996632997,4.045454545454545,,255.0,255.0,11.7,18.02272727272727,,19.644276094276094,21.71818181818182,27.272727272727263,10.273063973063975,12.38181818181818,16.218181818181815,15.045117845117845,17.363636363636367,22.245454545454542,,,,,,
0,2010.0,8.97809557173719,5.816632190331613,1.0938522299793976,0.78614411593135,0.36297340893300484,15.662317961786048,13.074103954406985,43.29395584665816,107.28296090641263,24.538347277488693,3.386484142335206,2.9164878265942096,1.7863636363636362,383.34739545454545,86.02848820233585,0.006107954545454545,6.277714364628427,0.9612909226190476,18.122615665584416,5.626596038510101,2.1105257372835498,28.69819746009199,147.75646258503403,897.792072015988,162.28049025410354,,,15.63271276098034,21.836371223394657,9.303753973890693,4448.049585137084,,,26.324675324675326,16.894155844155847,22.08073593073593,4.444444444444445,,248.1818181818182,242.72727272727275,11.622727272727273,17.509090909090908,,20.34935064935065,21.518181818181816,27.27272727272728,12.275324675324676,14.390909090909089,17.972727272727273,16.360173160173158,18.263636363636365,23.33636363636364,,,,,,
0,2011.0,10.05666653705576,7.017557525641358,1.7190098878721634,1.0258670237483796,0.13912631296352226,23.86029850563749,5.205235704218262,45.77953086611769,138.02281182891912,7.044591890667472,3.220649678604224,2.6911324786324786,1.9375757575757575,349.1155399937753,78.60947682539683,0.004436363636363636,4.694206926406927,0.2545165945165945,17.203747474747477,4.87663722943723,2.5401311688311687,29.90255206349206,161.94071428571428,772.3771506054331,137.7074966233766,,,16.196658187590188,22.22880157575758,9.953475927849928,2367.507619047619,69.72727272727273,69.37272727272726,27.081399711399712,16.412756132756133,21.932611832611833,3.9363636363636365,,236.36363636363637,236.54545454545456,11.727272727272727,16.990000000000002,,20.955108225108226,22.24545454545455,28.913636363636364,11.73508967223253,12.8,17.5,15.971069882498451,17.536363636363635,23.336363636363636,,,,,,
0,2012.0,9.873353831784064,6.457094896920478,1.0454317538619864,0.12395506792058517,0.02945798493743699,10.79301015076877,2.0835186502994723,36.194412613119006,101.76560618358913,3.0483825535195397,2.841002358075529,2.203843910226889,1.8272727272727272,401.26818999518997,72.8754681872749,0.001527883880825057,4.675523845901997,0.12171504965622613,18.58708604653983,3.930281506542011,2.0525224938460234,30.539515836637683,155.63174603174602,716.8923465983559,128.9490102404598,19.94,33.18625,16.361933691658482,22.778575075484742,9.965893351279906,1490.1632034632034,28.545454545454547,74.99999999999999,27.879332611832606,16.810660173160176,22.823795093795095,3.25,,258.1818181818182,240.0,11.65909090909091,17.513636363636365,,21.234146567717996,22.950000000000003,29.090909090909093,11.706915584415585,12.854545454545455,17.895454545454548,16.251753246753246,18.195454545454545,24.231818181818184,,,,,,
0,2013.0,10.876877859435998,7.196460032215845,1.5531616692953905,0.3811419019165498,0.09632897295940773,8.318950572119586,4.0278138528138525,42.49817969283086,130.6590415839382,7.435300207039338,2.6398545253196417,2.0069708715057555,1.8393939393939396,273.17180642402866,57.436471831409335,0.004545454545454545,7.153070286195287,0.39936537999038,15.858707611832612,1.409136002886003,0.6800838443963443,27.779517075517074,209.07539682539687,958.9555595817874,176.5816773989899,17.866833333333336,29.964666666666666,14.235618193843193,20.08930438011063,8.44174521103896,1246.516277056277,83.36363636363636,47.73636363636364,26.313333333333333,14.677012987012986,20.90376623376623,1.5,,243.1818181818182,235.45454545454547,11.427272727272728,16.95909090909091,,20.170259740259734,22.295454545454547,28.27727272727273,10.83186147186147,11.304545454545455,15.827272727272728,15.134502164502164,16.52727272727273,22.28181818181819,,,,,,
0,2014.0,10.157679706548242,6.773584443573668,1.3400757886749266,0.39294656829868096,0.10639686912414187,13.364336524195679,9.808574926756746,42.430750897211034,116.87433121733542,11.976617692072237,3.107258676995519,2.1448214285714284,2.2139393939393943,295.54598462761726,60.036779529993815,0.0032467532467532465,6.8654997036693475,0.5651624665017522,16.07409136002886,1.8838760693671408,0.8559827870542156,27.712682951968667,239.12380952380954,932.1346733474859,173.78821528421972,20.358,32.266000000000005,14.377699201839828,20.377855741728514,8.411419726602762,1567.7896825396826,107.2,62.23,25.700378787878794,14.678102453102452,20.54720418470419,6.541666666666667,,280.9090909090909,263.1818181818182,11.686363636363637,17.18181818181818,,19.80743145743146,21.5,27.159090909090914,10.734632034632034,11.077272727272728,15.400000000000002,14.847276334776335,16.259090909090908,21.768181818181816,,,,,,
0,2015.0,11.172700135200134,7.787443206193206,1.5391793579293578,0.4802713546615986,0.6773479591318786,10.194242072290852,23.182156453261978,39.835978340353336,131.79168835090027,47.897369966716695,3.517292526594852,2.28913139329806,1.9818181818181817,325.413636086136,65.510602516392,0.0999775322143743,5.133299789878737,0.8370164679375206,17.48986576289208,2.6028296751980964,0.46715488215488216,28.26002493607757,148.3057142857143,940.9081991562858,143.8444458051695,21.78,33.34,15.498848389914178,21.470496351358193,9.529063542695122,1398.5897817460323,84.3,61.62727272727273,26.56366883116883,15.796915584415583,21.925584415584417,4.15,,262.27272727272725,270.45454545454544,10.390909090909092,15.063636363636364,,20.70818181818182,22.22272727272727,28.027272727272724,11.276331168831167,11.881818181818183,16.59090909090909,16.199902597402595,17.48181818181818,22.822727272727274,,,,,,
0,2016.0,9.014440466075982,6.280093154509043,1.199104951382989,0.23021080621887074,0.07797066382924969,4.735238909835684,2.040192570243075,35.14986229956441,103.87571276762453,3.8289347296923055,3.1958439436380615,2.2364378478664193,2.0363636363636366,388.9620134680135,80.4170142870143,0.0036036036036036037,4.9858527358527365,0.4774726024726024,18.77078247078247,4.953536653536655,2.2040639015639014,29.656865534365533,177.54714285714286,721.6799457813429,137.1976041301041,,,16.315782028782028,22.706141800891807,9.9962982007982,1282.8690476190477,140.1818181818182,39.99999999999999,28.078311688311686,18.0378354978355,23.27047619047619,2.8863636363636367,,257.72727272727275,258.6363636363636,11.831818181818182,17.477272727272727,,21.859567099567098,22.78181818181818,28.83181818181818,13.242294372294372,13.136363636363637,17.95454545454546,17.398744588744588,17.972727272727273,23.663636363636364,,,,,,
0,2017.0,10.135115130162863,7.174497790726908,1.3628894640231155,0.11206206206206205,0.05045568466621098,2.933447083447083,2.653432824485456,43.8564766915662,124.55875069375068,3.118231184020657,3.8863462208289796,2.3039754689754686,2.03030303030303,299.1015928932179,60.17165059363079,0.0036003600360035998,5.218458988756019,0.22895146657522888,18.10834512022631,1.773108739445373,1.0947721915048645,28.934480590916234,164.18464285714288,726.94497068385,137.56589887560185,,,15.701139185347106,21.90040956952838,9.532349063477776,1566.75,159.1818181818182,44.06363636363636,26.497691197691193,15.706349206349206,21.749639249639248,5.15,,228.63636363636363,240.45454545454544,11.727272727272727,17.568181818181817,,20.827417027417027,22.26818181818182,28.0,11.838383838383837,12.486363636363635,16.509090909090908,16.2979797979798,17.404545454545456,22.86363636363636,,,,,,
0,2018.0,12.408849323886919,8.689602704452328,1.8186729449887347,0.24381684491978614,0.07095343680709533,4.928977272727273,3.7974316334072435,46.00226644352584,152.594262155795,6.287823355506283,3.449567099567099,1.9784920634920633,2.018181818181818,407.5328085674015,82.71770902300314,0.0,5.644402003225532,0.18454785954785954,16.21506557168322,3.622096666949608,2.1917170302464424,28.737828353563653,156.3523809523809,843.0391318964722,153.05769070254365,,,15.78813634948929,21.401748164417278,10.136835098180686,1078.107142857143,190.9,22.07272727272727,25.937121212121212,14.595454545454546,20.370454545454546,4.4818181818181815,,186.8181818181818,220.1818181818182,11.209090909090907,16.210454545454546,,19.931818181818183,23.021818181818183,27.27727272727273,10.019393939393941,13.262272727272725,17.245454545454542,14.841363636363637,18.33409090909091,22.549999999999997,,,,,,
0,2019.0,10.543850628025504,7.5258421654973375,1.8171056980786047,0.12654958677685949,0.02071057800224467,2.8228305785123964,0.7960636457164235,42.41666845264752,145.41083194050822,0.9602050598578376,3.2166535484717307,2.088807118807119,2.0,366.4748472964944,78.04362254082551,0.0018001800180017999,5.187945223093738,0.17133249039189632,16.93849456374209,4.3544647321875045,1.4240807295015216,29.066486970125588,157.22095238095235,890.5982017607861,143.1143332904719,,,16.017339280356605,22.191099338505275,9.888771987913078,1091.1857142857143,156.27272727272728,19.47272727272728,27.740909090909092,16.295818181818184,22.369090909090907,3.409090909090909,,224.54545454545456,213.63636363636365,11.400000000000002,16.763636363636362,,21.629454545454543,24.04642857142857,28.457857142857137,11.213999999999999,14.612857142857145,19.412857142857145,16.29309090909091,19.445714285714285,24.395000000000003,,,,,,
0,2020.0,12.04479452223951,8.180563052812442,1.520041755310704,0.3232170186715641,0.13268705289981886,6.958185753640299,5.651657916551533,45.210396543147155,138.8905411512478,8.716109422492401,3.6504764392695424,2.206666666666667,2.0515151515151513,336.6478403078403,63.35893082126954,0.00374714890843923,4.964843907585843,0.17697881066302115,16.47097326649958,2.3391095162147795,1.931548433645208,28.405659033948503,142.95238095238096,853.0882655638013,147.9205597061242,,,15.456627496159754,21.50884231411863,9.538690980465173,1201.0892857142856,130.8181818181818,33.25454545454545,25.831818181818182,16.418181818181814,21.479545454545455,4.166666666666666,,228.1818181818182,240.45454545454544,10.927272727272726,16.97727272727273,,20.51818181818182,22.11818181818182,25.454545454545453,11.943181818181817,14.736363636363636,17.818181818181817,16.370454545454546,18.527272727272727,21.745454545454542,,,,,,
0,2021.0,11.404648842777334,7.806151902101623,1.7200319233838786,0.8696236559139784,0.41137566137566134,19.116551459293394,15.68121693121693,45.63225525405693,144.12473509511042,28.991898148148145,3.7671842650103513,2.0227619047619045,2.176190476190476,111.27434021801491,65.78687629399586,0.009316770186335404,6.408850931677019,1.143090062111801,16.375646997929604,2.7962991718426506,0.7237836438923395,28.088589544513457,162.63,1250.48784606866,167.85422101449277,,,14.64873861283644,20.52676863354037,8.778315476190475,1146.925,152.66666666666666,18.866666666666667,27.784523809523805,17.366666666666667,23.03452380952381,3.482142857142857,,220.71428571428572,240.0,10.835714285714285,17.257142857142856,,22.747619047619047,22.442857142857147,25.785714285714285,13.414285714285715,14.928571428571429,17.914285714285715,18.00357142857143,18.942857142857143,22.014285714285712,,,,,,
