,YEAR,DP01,DP10,DP1X,DSND,DSNW,EMSD,EMSN,EMXP,PRCP,SNOW,DYFG,DYTS,AWND,CDSD,CLDD,DT00,DT32,DX32,DX70,DX90,EMNT,EMXT,EVAP,HDSD,HTDD,MNPN,MXPN,TAVG,TMAX,TMIN,WDMV,WDFG,WSFG,HX01,LX01,MX01,DYHF,TSUN,WDF2,WDF5,WSF2,WSF5,PSUN,HN01,HN02,HX02,LN01,LN02,LX02,MN01,MN02,MX02,WDF1,WSF1
0,1960.0,10.508927108927109,6.96068796068796,0.6027709527709527,4.190381615381616,1.456229606229606,67.97158944658945,46.39564174564175,26.28825211575212,82.26902538902539,125.40323635323637,7.5419552669552665,3.1448578042328044,,186.32130355276908,33.918830830627705,0.6059659090909091,11.03499053030303,2.479245580808081,15.034177714646464,1.2618371212121213,-4.857736742424242,26.92632417929293,,1383.8549169030202,254.71344730790042,,,10.951470880681818,17.756096275252524,4.107971827651515,,,,,,,,,,,,,,,,,,,,,,,,
0,1961.0,12.492496392496392,8.784425095106913,0.6698543880362063,2.053062478062478,0.931034606034606,46.15904053404054,32.16645964145964,27.304506591892956,103.95871940121941,72.13591253591254,6.9494283494283495,3.001556776556777,,185.11930415263748,37.179558110377776,0.09348321928967089,8.827146464646466,0.8261053154495778,14.652040900811391,1.3447921841364465,-3.556285027696318,27.81546448087432,,1264.7927529761905,213.2537389113619,,,12.31138665341944,18.80641554893194,5.737631801889867,,,,,,,,,,,,,,,,,,,,,,,,
0,1962.0,11.316044372294373,7.745468073593074,0.6776176948051947,2.722244447021233,1.1773564728921873,54.936778499278496,43.67889835858586,27.703516865079365,92.75523867501546,100.24343241084311,6.5255563572230235,2.836892736892737,,189.37674783549787,34.61859651199495,0.3159068362193362,9.975868055555555,1.3066101866883117,15.069401605339106,1.298383951118326,-4.639804912968975,27.463709246482683,,1156.832404692082,226.99363044507572,,,11.85045371685606,18.56298158482143,5.152537794237014,,,,,,,,,,,,,,,,,,,,,,,,
0,1963.0,9.22393736867421,6.272496898812688,0.6594238120553909,3.1239081714745427,1.0407124340752658,45.73277592613875,35.01943869797852,26.02523936102883,79.66851548062074,78.306273863796,9.143441558441557,3.0386584741423452,,148.6983620689655,23.972118824055443,0.7500823120541431,11.522277605024085,2.6886267097534704,15.035432798813082,0.8871674491392801,-5.711455145011484,26.104920634920635,,1447.273576238576,257.2205779119159,,,10.458577515598643,17.627742983151435,3.2392847184114792,,,,,,,,,,,,,,,,,,,,,,,,
0,1964.0,10.459977141835552,7.20652670829662,0.6318079658787623,1.9561653194396558,0.9482268960145067,41.43661584236805,27.439009564673288,26.435238414486204,85.42570489981993,69.18852430755085,15.96969696969697,3.8603968253968253,,194.3684487734488,36.529706465919695,0.1232768865121806,9.705998535777947,0.8516908212560387,15.694561557605034,2.5086350042871786,-4.548059587471352,27.426828167806427,,1305.678124426079,215.75493607291403,,,12.342725575078518,19.63346637179246,5.019597031236737,,,,,,,,,,,,,,,,,,,,,,,,
0,1965.0,10.029592120417806,6.514829818499543,0.3971722467135311,1.339690482809749,0.6417894541747753,22.128894449077936,18.939639514410157,21.993616902974704,71.5545037531276,39.95834425513325,15.666666666666664,4.082407407407407,,197.1490148024019,38.41778778040141,0.2178451178451178,8.78305785123967,0.9268994053084961,15.423927040972496,1.713950653723381,-4.119722550177095,27.152318367659277,139.70238095238096,1354.0310899733945,211.36844412742138,14.554880952380952,26.73654761904762,12.5196996097337,19.44589600004373,5.669552778870961,1787.7261904761904,,,,,,4.7444444444444445,,,,,,,,,,,,,,,,250.45454545454544,13.122727272727273
0,1966.0,10.571679410931745,6.991430661757765,0.5129967903332389,2.2651455026455025,0.9448325851103628,59.895542728876066,30.936141507669284,24.871982677239686,80.60531247049938,67.7002034231201,17.39393939393939,3.021513605442177,,194.18145454545459,34.8893882548428,0.15267611176702084,9.917831999650183,1.4407254361799817,14.269945668809306,2.2035238751147843,-4.2986763741309195,27.670216942148762,134.92857142857142,1400.9993473193474,229.8527303336394,13.336428571428572,24.937142857142856,11.786664873846691,18.654998125191305,4.922969981197254,1819.4285714285716,,,,,,4.754545454545455,,,,,,,,,,,,,,,,244.54545454545456,12.168181818181818
0,1967.0,11.478372528372526,7.804613704613705,0.8145548145548144,2.0092413842413843,1.019150319150319,53.14550687050687,48.4263104013104,28.9067862992863,99.93441870441872,95.59493649493649,17.333333333333332,3.4349616858237546,,148.98003508588187,25.611054018445323,0.28069096764748935,9.405673714369367,1.220055628751281,14.35679988288684,0.6212999560825647,-4.357497542714935,26.693252818035425,114.47857142857143,1301.7575589584546,230.66720245937637,12.70440476190476,24.94345238095238,11.461398184746011,18.194073195725366,4.730120542903152,1730.5714285714287,,,,,,4.269360269360269,,,,,,,,,,,,,,,,240.0,13.118181818181817
0,1968.0,11.055330339442488,7.300283205890683,0.6219012555461153,2.041003492872652,0.8929360359266899,39.29281129047484,32.76886353521868,26.32106566330865,84.95150166552034,68.65620153470621,17.484848484848488,3.432328869047619,,175.22319727891156,36.771548194156885,0.32264257481648784,9.318098165924253,1.7973309701570572,15.491838153794676,1.808831587092457,-4.009878651943869,26.796928968776797,116.17142857142855,1394.780980710466,229.85069556852164,13.027142857142856,25.483571428571423,11.893851098981532,18.681787727168164,5.2043989219315305,1487.4285714285716,,,,,,5.008658008658009,,,,,,,,,,,,,,,,255.9090909090909,12.931818181818182
0,1969.0,10.744978082713933,6.997112635791882,0.6316657137411854,2.350634376106074,1.0863595523972882,43.623420185684346,29.326277600805906,25.98163426720031,83.03343815513627,78.0930055269678,18.484848484848488,4.193371546149324,,218.6980358270202,38.394188205585266,0.06189839572192513,10.28887403446227,1.4077306680247859,15.368124522536291,1.4971039173245053,-3.556543374925728,25.952100628130044,139.2625,1360.6350768882858,234.79584595959597,15.264464285714284,28.230357142857144,11.746519496434939,18.30633895679484,5.158708704693999,1309.8392857142858,,,,,,6.454545454545454,,,,,,,,,,,,,,,,247.2727272727273,12.295454545454547
0,1970.0,11.388106701190813,7.672144677752154,0.7509716659249369,1.5279831020485224,0.7842530781783118,25.02048758614179,24.57098049925153,29.1180419684158,93.28913676147322,50.41418119782606,18.212121212121215,4.585859788359788,,198.75660812672177,42.64161271096054,0.1613965744400527,8.270047263525525,1.200291737248259,15.754205617249095,1.6237812911725955,-3.414889474454692,26.8237879833532,143.94,1517.3192290552586,204.37268105485498,13.793333333333337,26.46666666666667,12.87907438777004,19.381697931697932,6.407839941861681,1337.232142857143,,,,,,4.8181818181818175,,,,,,,,,,,,,,,,237.27272727272728,12.495454545454546
0,1971.0,10.988046255477448,7.502233011636682,0.6573090008869825,1.9769020480029655,0.9164303586321935,42.94899684922621,41.968186451672686,26.78364271813813,88.5772589260892,79.5251876563803,18.72727272727273,3.7581828133552277,,154.2014036195286,30.69872763347763,0.22179186228482003,9.266008678332623,1.0467278417982644,14.621165884194054,0.5865414710485133,-2.979491392801252,27.45551749893299,128.95535714285714,1188.639794034091,213.5964963924964,11.921428571428573,24.08,12.102389754689757,18.708462903684737,5.7529874448712475,984.25,,,,,,5.766666666666667,,,,,,,,,,,,,,,,237.72727272727275,11.886363636363635
0,1972.0,13.480669621383907,9.12839380196523,0.9614268535697106,1.605249089534804,0.7807345564488423,30.008845255273826,22.34850099635814,31.493784099498384,114.68131883460453,55.94471071256785,20.333333333333332,3.8676792556102897,,130.0448836136541,26.574881275440976,0.1315136660724896,9.131094028520499,1.127378260214081,13.716975727423488,0.5988655208804463,-4.183235665478313,26.28771483491633,114.66428571428571,1230.1455180840665,231.87231305593244,14.093333333333334,25.38333333333333,11.394963892657922,17.572153135835972,5.326394087938205,1227.5178571428573,,,,,,6.124242424242424,,,,,,,,,,,,,,,,256.8181818181818,11.15909090909091
0,1973.0,12.172911255411254,8.442252525252526,0.6681818181818181,1.258769513314968,0.7148084415584415,24.070471671986823,23.52858116883117,26.896801298701295,99.59546129148629,53.52447041847042,18.606060606060606,3.369444444444444,,198.18346622064803,36.440765501333686,0.07834205595399624,8.063284766642976,1.2698396782955608,14.28057094049741,1.4079693998811644,-2.58980885615214,26.741115143026907,125.45000000000002,1204.280641389262,204.43559633127813,15.801999999999998,27.94,12.568890867549959,18.496825158093543,6.286231564041265,931.8000000000001,,,,,,5.736363636363635,,,,,,,,,,,,,,,,257.27272727272725,12.118181818181817
0,1974.0,11.856386784511784,7.9963165885040866,0.7017781986531987,1.3023685515873016,0.8084370490620492,23.60478332431457,26.006278559403558,27.43333866943242,96.20382966570467,57.92939363876864,17.393939393939394,3.1505291005291003,,138.90623543123542,28.307792976604457,0.025974025974025972,9.45477163929545,0.7109074617139133,15.036290322580646,0.7281606386445096,-2.764740488788108,26.928625773867708,112.28,1069.456306289496,212.97000514512808,16.73,29.9,12.376174021319182,18.859840705441517,5.609963466868229,1619.5,221.25,18.508333333333333,,,,6.375757575757576,,,,,,,,,,,,,,,,261.3636363636364,13.049999999999999
0,1975.0,12.631990113905008,8.690301955727486,0.8792069632495165,1.3015210333145115,0.7535682916117699,22.1948722473179,20.870833333333334,29.451562432839026,107.1429948420374,46.491054567413265,19.606060606060606,3.8829223356009073,,179.7468089990817,33.3192797017797,0.09370941558441558,9.833524981962483,0.9238576238576238,14.557647907647908,0.8793650793650793,-3.46601810515873,26.77121693121693,123.925,1301.4470693779904,217.42821548821547,16.89166666666667,25.965,11.993361632194967,18.343654401154403,5.469235615079365,1703.6071428571427,229.09090909090912,18.759090909090915,,,,6.6060606060606055,,,,,,,,,,,,,,,,219.54545454545453,11.395454545454545
0,1976.0,10.591638916638917,7.356005106005107,0.6200854700854701,1.7974406545835118,1.007899640042497,30.99955005312148,26.71380286380286,24.601459373959376,86.23580058830059,69.68690476190476,14.969696969696969,3.100253968253968,,125.4790217223253,21.932458720696424,0.21401980635851603,11.094294907601359,1.225211127670144,13.785680576254348,0.6158552740519954,-5.268058813945911,26.465357675111775,134.60285714285715,1302.018850108225,244.74561558205,,,10.916685674070921,17.914692333167743,3.947023000744775,1917.428571428572,270.0,18.245454545454542,,,,6.112121212121212,,,,,,,,,,,,,,,,250.90909090909093,11.60909090909091
0,1977.0,11.528722363205121,7.703152626428488,0.7275895241412483,2.176118326118326,0.8562295028204119,42.876772596090774,22.05815787747606,27.18804224511121,92.35578784561544,50.895725108225115,15.272727272727272,3.201211926211926,,197.44098797036293,39.78370061451958,0.4665890136229119,8.805497468633062,1.5180319201870929,15.724789769617356,1.5692528735632183,-4.4600348521534965,27.68178708264915,128.89523809523808,1482.5815744820654,209.64543675672988,,,12.481745826491514,19.22846283649301,5.658248336879693,2136.8571428571427,244.02272727272725,20.48318181818182,,,,4.666666666666667,,,,,,,,,,,,,,,,255.0,12.836363636363636
0,1978.0,11.007430655763988,7.4321420554753885,0.8254681738015072,3.437741301907969,1.0301046176046176,53.070901875901875,20.44015512265512,27.373798500881836,94.8397475949976,62.31308722142055,19.515151515151512,3.416218734968735,,168.67319090909092,38.41040084687625,0.621425080296048,9.333818600754084,1.856622430392922,14.613871738461903,1.0275116504624702,-3.5865866033607974,25.716298937856312,116.77777777777779,1415.9015085694034,234.79750449459468,12.343333333333334,24.051666666666662,11.697663425827358,18.228872802971164,5.183420553460876,1607.0,261.8181818181818,16.631818181818183,,,,6.587121212121212,,,,,,,,,,,,,,,,246.8181818181818,10.472727272727273
0,1979.0,12.594379185109522,8.585770627624559,0.8058846895925548,2.3320167971853363,0.8831914652139371,41.3892861196232,24.744387697196686,28.758830722959942,105.7526872659176,68.40683236863012,17.848484848484855,3.324497354497354,,120.68708846708847,27.406234272550062,0.5794898133881184,8.947115219996576,2.141666666666667,13.538854057819576,0.31556948798328105,-4.0073035439137135,26.026099791013586,105.47916666666667,1399.370909090909,235.36797492468546,13.75888888888889,26.313888888888886,11.308111155413787,17.272882575757578,5.167656736860126,1358.4642857142858,235.22727272727275,16.995454545454546,,,,6.568350168350169,,,,,,,,,,,,,,,,205.9090909090909,10.836363636363636
0,1980.0,11.154379910213244,7.592718855218855,0.8042508417508417,2.576888728555395,0.969179894179894,39.25834054834054,29.56341590508257,27.87941217732885,95.38624054032387,66.74492544492544,17.124579124579125,3.5878824690049176,,159.60173853923854,35.52992099567099,0.586872826626925,10.049652260307997,2.689186798864218,13.404379625750595,1.3767193827677697,-4.575833747309158,26.08896115533212,126.37482142857141,1166.9833613916946,256.12979515392016,15.132624999999999,28.32420833333334,10.940321861471862,16.82780750477121,4.761180700447094,1442.114880952381,253.63636363636363,19.527272727272724,,,,6.090909090909091,,,,,,,,,,,,,,,,259.949494949495,11.953030303030303
0,1981.0,11.878366866719137,8.191710940574577,0.6391077987668896,2.2556932966023875,1.1813561753902664,34.819065656565655,25.10049070247934,25.504487775482094,95.41900338613408,78.85457128099175,17.03030303030303,3.4839091192032368,,137.21139683875793,28.665165404040405,0.3192718855218855,10.191911976911976,2.539441287878788,13.016370738636365,0.4408183396464646,-4.08290373977874,24.789955018939395,115.67071428571428,1319.1585908189033,243.11916895141894,13.618333333333334,26.299444444444447,11.119561339586339,16.39853957544192,4.73992104978355,1335.9494047619046,263.8636363636364,17.004545454545458,,,,4.333333333333333,,,,,,,,,,,,,,,,263.6363636363636,10.91818181818182
0,1982.0,11.514570919276801,7.99266615737204,0.6765215176979883,1.433003933896791,0.8139077853363568,26.944831392152818,26.386262282690854,27.061630591630596,94.74229131652662,53.19737682951968,8.968698662448663,3.952842565597668,,121.0507401541548,27.746288651824365,0.04997088681299206,8.840219234956077,0.7547892720306514,15.310946285515252,0.4073841866945316,-3.5865329991645782,26.928879061551477,119.25964285714285,1092.8082533670033,193.283719851577,13.815976190476192,26.053880952380954,12.486930166324901,18.8732170846395,5.657022708285866,1201.3392857142858,249.54545454545456,16.800000000000004,,,,7.249831649831651,,,,,,,,,,,,,,,,245.45454545454544,10.222727272727273
0,1983.0,11.771699134199133,8.094288119288118,0.7743025493025493,1.8036547447261733,0.8052390400604685,34.638145914931634,30.655264807943382,26.990824915824916,98.54143011750156,63.06179438947296,8.53816232500443,3.0998095238095242,,150.15200216450216,38.50802159526297,0.3538096482061999,9.136594392197841,1.4497823058167882,13.854619470567744,1.8658089515848133,-3.9809495820271685,26.947700714036923,115.48095238095239,952.2349516049989,216.13948319400907,13.169285714285715,25.46642857142857,12.058391980146292,18.214106017067223,5.354566962730756,1360.6253968253968,225.0,18.436363636363637,,,,4.591582491582492,,,,,,,,,,,,,,,,236.8181818181818,11.877272727272729
0,1984.0,12.164207551707554,8.232020889163746,0.8692786710643853,1.5959484298770013,0.7227964165464165,31.630670222634507,24.89909769463341,29.829484212877073,103.42720800694013,55.29319684944684,8.375352879443788,2.6203757693553613,3.4454545454545453,149.65131497344265,32.03537209759937,0.16206152433425158,8.287118588482224,1.0577649932913091,14.477863218652693,0.8752784739626844,-3.6367555424373603,27.152417913470543,111.32111111111111,1118.395173553719,209.21796733569462,13.8275,23.790000000000003,12.18158567493113,18.46751160097213,5.6546847173029,1320.611111111111,267.95454545454544,16.145454545454545,,,,4.970454545454545,,,,,,,,,,,,,,,,255.90909090909088,10.568181818181818
0,1985.0,11.414643458393456,7.70424482924483,0.8048069985569984,2.8223965848965844,1.030904280904281,46.193915343915336,29.0049062049062,30.513886183261178,99.89606421356422,74.59585137085138,8.343475665748393,3.082961837217156,3.6363636363636367,138.5286466942149,29.02535581377687,0.44421407052985995,8.364193311561733,1.9924746230780714,15.136966960242823,0.7449805941185251,-3.9029275208222574,26.990329899985078,112.5904761904762,1204.6234086825125,214.60292853345481,13.068968253968253,25.218253968253965,11.737952804992279,18.08078281584316,5.240466317308422,1360.4841269841272,242.1818181818182,17.45909090909091,,,,4.6000000000000005,,,,,,,,,,,,,,,,225.9090909090909,10.745454545454546
0,1986.0,12.105865549179503,8.321243162522233,0.6453354139400651,1.4331533776301217,0.777247139165744,29.48609810731904,23.47211441659116,26.938087897244877,97.39840930064766,57.627341521527576,8.00100164592352,2.9850975413475416,3.336363636363637,179.18919860810482,36.00110970479615,0.10764057035243474,8.04614058258126,1.1572727272727272,14.771893939393939,1.1007557720057721,-4.37417051874679,26.783492063492062,161.9857142857143,1006.7928852247968,205.83465264020347,13.267142857142858,26.407142857142865,12.469339019737324,18.495369336219333,6.114881563822243,1592.2857142857142,267.95454545454544,16.540909090909093,,,,5.072727272727272,,,,,,,,,,,,,,,,222.72727272727275,10.536363636363635
0,1987.0,10.020655055538777,6.717412077586497,0.6643616396523373,1.9954943957850935,0.9318781670525856,48.60034606866002,41.07494043424276,26.058497390852036,82.90107583308165,85.10667304271956,9.130559563892897,2.856333009394234,3.409090909090909,203.4118153759821,45.82430674786607,0.014329738058551618,9.349104238511018,0.7430375180375179,15.489676527176528,2.3295147907647906,-2.081885868368919,26.509867424242422,149.86031746031748,936.1380677071468,200.52561486536064,14.345912698412699,27.101507936507932,12.972913438256658,19.45026063011063,6.190570156773547,1340.4682539682542,243.4090909090909,17.240909090909092,,,,4.690909090909091,,,,,,,,,,,,,,,,220.0,10.136363636363637
0,1988.0,9.802955146705147,6.500724506974507,0.5274320586820586,1.1690854119425549,0.6866762866762867,18.528148835291695,16.47722162097162,24.261171236171236,77.39470328282827,41.696476671476674,7.427931096681097,2.6088145896656534,3.4863636363636363,158.8112201805287,41.861778434858785,0.22488481304270777,10.14440900230374,1.372427666495463,13.583226331107689,2.950184043828112,-3.2021588693957113,27.938822547508988,130.39746031746031,1437.5632089765581,226.3848830138116,14.842857142857143,27.797619047619047,12.377856237816765,18.769628060263656,5.183684077618288,1248.161904761905,253.63636363636363,16.82272727272727,,,,4.2592592592592595,,,,,,,,,,,,,,,,235.45454545454544,10.259090909090911
0,1989.0,13.317153239714216,9.21179477703868,1.0778054939640305,2.5039942103966495,1.100280241438778,36.41113574772112,23.380761887164326,31.03016198571077,118.53975424981522,73.66238605567875,8.605663044438554,3.291731266149871,2.9,137.140939125474,32.63789334018148,0.9284540318438622,10.170475945899675,2.934441264949739,13.241986450461026,0.8342235918507105,-4.27032271871255,26.39405929757624,95.14380952380952,1133.4218950373297,249.56108286252353,13.428095238095237,25.156000000000002,10.586359955487074,16.631868234402134,4.654469268960795,1221.904761904762,288.4090909090909,16.227272727272727,,,,5.466666666666666,,,,,,,,,,,,,,,,251.8181818181818,9.904545454545456
0,1990.0,11.70935606060606,8.396767676767677,0.916199494949495,0.7957837872394835,0.5053445850914206,20.55632683069392,22.310292801432045,29.143992424242423,106.68879743867242,38.639598516813706,7.934591103341104,3.393804112554113,3.1909090909090914,140.77875140291806,31.910297930039313,0.05815047021943573,7.867470891177788,0.46431556948798325,14.84148380355277,0.7681426332288401,-1.773660247798179,27.738479188436084,126.9,995.5828425767105,181.29734450415486,14.315,27.666666666666668,13.150595480668757,19.45585941309648,6.448788749564611,1149.0,255.6818181818182,17.81818181818182,,,,4.633333333333334,,,,,,,,,,,,,,,,249.09090909090912,11.15909090909091
0,1991.0,10.940508745996551,7.220209499172913,0.7222494984690107,0.9878851010101009,0.6182940516273849,19.01238005050505,14.818512283327099,27.916829224298738,89.0310926336536,37.079080932784635,8.179392986468459,3.1204931972789116,3.1454545454545455,234.43129045557615,43.117263930027086,0.056112852664576794,8.251489028213166,0.8492656590114217,15.214684985447699,1.6571196223738598,-2.217133838383839,27.350808936825885,149.21666666666667,1006.5376381461674,192.56246291233134,14.205,28.54833333333333,13.20165974399164,19.25451168464304,6.6073885841170314,1398.3333333333333,281.6590909090909,16.029545454545456,,,,4.669696969696969,,,,,,,,,,,,,,,,275.0,10.195454545454547
0,1992.0,13.03362281350086,8.125776933094008,0.5726247668320839,1.7007192738674222,0.889155932143737,29.430569807421662,25.857391862879666,24.232677911519374,91.52541019955653,64.25776009221131,8.160670615933775,2.7539021164021165,3.0681818181818183,116.01061462842712,23.32341434394066,0.07793726741095161,8.634302929039771,1.2310888648388647,13.334003126503125,0.3516239778739779,-3.4407406774512035,25.85456439393939,102.62,1254.9399254911755,224.11057947900056,14.444,27.28,11.483886914255336,17.50293300865801,5.396481937166148,681.0,253.63636363636363,15.490909090909092,,,,5.15530303030303,,,,,,,,,,,,,,,,272.27272727272725,9.809090909090909
0,1993.0,11.928593760736616,8.095026369133512,0.8009259259259258,2.5115192623913556,1.2994332863518911,67.89062426591498,54.676752995066956,29.21305366591081,100.46898658857482,130.2802443035001,7.065296998083883,2.63377065111759,3.231818181818182,175.57032776747062,38.53671385514127,0.22185565330726617,8.851580319322254,1.772866022866023,13.767423687423687,1.8252086802086802,-2.6334078690127076,26.493572816072813,154.26,1167.0292271925605,218.26704597821535,16.3175,31.3475,12.068855589303169,17.934587595737593,5.661500651678072,655.0,267.95454545454544,18.38181818181819,,,,4.0129629629629635,,,,,,,,,,,,,,,,231.8181818181818,10.790909090909091
0,1994.0,10.637716232896956,7.401128322815071,0.9025808863158261,1.1523629148629149,0.5217622655122656,19.703998316498314,16.35547438672439,30.641444870390657,106.18327039760777,39.3430765993266,8.615422679172678,3.21526951058201,3.290909090909091,151.39255636724386,31.416187169312174,0.08770491803278688,9.092512360135311,0.8952706791416468,13.778560373318438,1.0603308429921332,-1.9047975658221559,26.65031321277289,,1437.05961406518,205.21418434343434,15.26,32.1,11.97520863790126,18.377892414932738,5.4401891041563175,,280.22727272727275,17.03181818181818,,,,5.232323232323232,,,,,,,,,,,,,,,,222.72727272727275,10.277272727272727
0,1995.0,10.96782531194296,7.159164332399626,0.5973240811476105,2.565610304727952,1.1318716577540109,49.81261098378745,41.708033273915625,26.981010737628385,88.90504800101859,94.71243909685086,7.835266099249149,3.2805317460317465,3.377272727272727,161.95041228612658,35.82599720862016,0.4909753270409008,11.025866392259834,2.486423188804141,13.122075631599442,1.3881788405597928,-3.653499929032716,26.050147506814177,,1102.2696666666668,251.73476018971922,,,10.810012502069878,16.876276724157677,4.408460512620348,,237.95454545454547,17.195454545454545,,,,4.818518518518519,,,,,,,,,,,,,,,,240.0,10.490909090909092
0,1996.0,13.203060365560365,9.15387506012506,1.165268759018759,2.050710594315245,1.2601018394121843,36.69512651431256,35.49994941201838,35.44749158249159,126.32544961105306,95.95893126668989,8.470904051856433,3.3449372140861504,2.672727272727273,150.93626487093155,28.627185076208512,0.4021606171606172,10.008453213453214,2.20490675990676,12.842802197802198,0.5549300699300698,-4.900222055722055,26.109190809190807,,1161.2133820968304,240.8487310042388,,,10.763625702075702,16.74902732267732,4.61559995004995,,251.42857142857144,16.34285714285714,22.05,14.166666666666666,18.166666666666668,5.7318181818181815,,207.9090909090909,208.33333333333331,11.32909090909091,16.22727272727273,,18.58333333333333,,,12.05,,,14.716666666666669,,,260.0,9.2
0,1997.0,11.263866145931363,7.4015618137900745,0.6562817617165443,1.1465945165945166,0.6876543209876543,28.033240339907003,22.77895903479237,26.53617667356798,89.38001352813853,53.141728395061726,8.814245566261697,2.261344537815126,2.5409090909090906,114.3197673853924,26.335130878108817,0.016027926322043966,9.463772706052119,1.1013622136861572,12.212992602077108,0.7007575757575757,-1.9895996732026144,25.93510812348841,,1186.2107227446882,226.67879498769204,,,11.442229134835754,17.142306266894295,5.16583599651982,,,,21.154545454545453,12.81818181818182,16.972727272727273,6.62962962962963,,215.45454545454544,216.86363636363637,11.686363636363637,16.057727272727277,,16.91818181818182,,,9.845454545454546,,,13.009090909090908,,,,
0,1998.0,11.216611678504881,7.470835259670212,0.6772040796312642,1.3286770768913625,0.6721574344023323,27.456345157110466,21.101683010866687,26.11844796788971,92.48709722047101,48.96400189946108,8.204354256854257,3.514666005291005,2.623340548340548,152.67691172811863,33.10783656672545,0.026748971193415638,8.631008497675165,0.9616048610024513,13.524827013682437,1.1069038056989862,-1.8802031781661412,27.724858438081334,,916.9550815514453,214.09202755063868,,,12.117466280975542,18.512369647420854,5.881498102720325,,,,19.447474747474747,9.850505050505049,14.294949494949497,6.05,,251.25541125541122,249.12698412698413,12.964105339105341,20.994552669552668,,16.21717171717172,,,7.791919191919192,,,11.301010101010101,,,,
0,1999.0,9.850141525141526,6.2152899184149195,0.6238050144300146,1.5819654268633863,0.8899582560296846,31.592657625820888,30.603124539859234,27.23179643273393,77.2990251068376,76.87048325823835,6.7951759660093,2.3823478835978835,3.076623376623377,168.33422124976474,33.74595895176252,0.025026737967914436,9.48680417621594,1.205838214073508,14.464222052457348,1.9221445547916138,-2.303887021475257,27.47827599524658,,1013.833484192575,214.03286285473786,,,12.095501026420672,18.902600131567777,5.088737093625329,,,,21.248484848484843,13.466666666666663,17.55757575757576,3.3499999999999996,,249.09090909090904,272.72727272727275,13.081818181818184,17.12207792207792,,16.742424242424242,,,10.124242424242427,,,13.65454545454545,,,,
0,2000.0,11.51712801087801,6.927437839937839,0.9169264763014764,1.7416001533189034,0.6620212542087542,28.537323006854255,18.14926346801347,31.070099310411806,94.43243638306139,44.169999473905726,8.630024509803922,3.216034999858529,3.064772727272727,141.37378589720137,30.129038390550022,0.16040868454661558,9.535622232173957,1.8908580882718815,14.48248619196895,0.4105869864490555,-2.1379948499776082,26.579073327694015,,1071.5924058852538,222.48157517869728,,,11.710364042726109,17.859108017780436,5.40114954139092,,,,21.38787878787879,12.182424242424242,16.403636363636362,4.65,,249.26136363636365,240.6818181818182,13.846022727272729,18.658522727272732,,16.710909090909094,,,8.503030303030302,,,13.015151515151516,,,,
0,2001.0,10.385113821796065,6.6400510444902965,0.6492420870925544,0.7702680982383954,0.46901725886874407,20.165372965868016,17.647186504364722,25.544409650577872,83.83173807500911,32.43000514337148,8.742609272447982,4.088381321520856,3.0136363636363637,139.33763199509775,30.037889071337347,0.001044932079414838,8.833990977094425,0.8928915781188508,14.592366850321396,0.6610947133674406,-1.8023370403542818,27.121760789715328,,1115.1314065101567,200.8241874409116,,,12.39779468328606,18.894242440640166,5.778872626096764,,,,20.86848484848485,13.014545454545456,17.44363636363636,5.782407407407407,0.0,253.97727272727275,237.84090909090907,13.83636363636364,17.98181818181818,,17.823030303030304,,,10.454545454545455,,,14.295151515151515,,,,
0,2002.0,11.804778554778553,7.838869463869464,0.9227078477078476,1.3287190758840244,0.6495656119367459,19.023962377828358,19.305962794364856,30.093569347319352,104.54717268842268,45.51685001710775,7.549949609473419,4.049797178130511,3.1499999999999995,196.39981414141417,42.88086953135249,0.04436216093519464,9.460094524701267,1.2179398317038768,14.072880895633705,2.0105290464841024,-2.033899022325988,27.480288519221105,,1015.8962220893143,221.16705082480647,,,11.924936556577006,18.338013518005088,5.724553699109879,,,,21.409090909090907,12.884848484848483,17.157575757575756,4.392592592592593,0.0,241.3636363636364,249.31818181818187,13.840909090909088,18.981818181818184,,17.97878787878788,,,10.663636363636364,,,14.072727272727272,,,,
0,2003.0,14.130015830986707,9.684506297370374,1.2182154415164124,2.8295220243673853,1.2380550720756909,59.72228209934396,33.16133053658827,34.59739184494039,133.16854401154401,96.6632153642463,9.308861195993549,3.923163118061078,2.9352272727272735,131.043836351442,28.29273504890172,0.005499438832772166,8.380421677088343,1.560566378066378,13.959349446849446,0.37821909571909573,-1.147789722623056,25.787369087702423,,1106.1306715969215,208.51012233445564,,,12.07051299502966,17.797953338945003,6.129685854577522,,,,20.55454545454545,12.851515151515153,16.83636363636364,6.224242424242424,0.0,253.4090909090909,247.49999999999997,14.219318181818181,20.086363636363636,,17.139393939393937,,,10.193939393939393,,,13.739393939393937,,,,
0,2004.0,12.330136314602333,8.206196500371258,1.1463539696549403,1.4777320331444044,0.49676663542642924,25.052519673911426,19.24725346245965,35.81702741702742,117.43124140153266,38.86771061126731,8.854586602633479,3.664830195644149,2.8374999999999995,138.85675139425138,30.06864279975075,0.2110158568023736,7.993526355043208,0.9139902232598863,14.789703617231705,0.32187849603579943,-2.3761916922029283,26.618179750960653,,1240.8892809629394,199.61279548734092,,,12.481397546897547,18.434969733450075,6.34396176856851,,,,21.427272727272733,13.118181818181817,17.130303030303033,6.934848484848485,0.0,241.3636363636364,237.95454545454544,13.85,21.420454545454543,,17.845454545454547,,,10.22121212121212,,,14.090909090909092,,,,
0,2005.0,11.235254066322028,7.261362235391361,0.5923597976996035,2.267287008524122,1.1112126418827448,36.97274698382946,31.942303372458014,26.074288971546252,90.02352078477078,86.94616674848633,8.621031746031745,3.277122414622415,2.7965909090909093,221.48253831753829,43.695370425029516,0.026033057851239664,9.134725911714547,1.6922922405876948,14.727461301324938,1.5416322314049589,-1.3365455283353012,26.60830566214089,,1031.250221655981,218.78388487144167,,,12.368669339498886,18.34578154515938,6.162546897546898,,,,20.80606060606061,12.396969696969698,16.960606060606057,5.037878787878788,,270.9090909090909,249.5454545454545,13.155681818181817,17.928409090909092,,17.0030303030303,,,9.387878787878789,,,13.615151515151517,,,,
0,2006.0,11.833307161248337,7.425386215092098,0.6588334323628441,0.9238050609184628,0.5532620014578777,17.168383020187143,16.430269186712486,25.543716436069378,93.33020281801532,40.79218473393731,8.604116994116996,3.6774708120162667,2.9545454545454546,145.1521226746227,30.31811800268697,0.07058764989799472,8.848887479059892,1.0534992784992785,13.405752102303827,1.0948947604120018,-1.8649554245243898,27.34281165513924,,1155.6068008658008,215.41970381151413,,,12.003028847589192,18.121642438340718,5.815977247847937,,,,21.290909090909093,13.406060606060606,17.14242424242424,5.508964646464647,,250.6818181818182,256.9318181818182,14.174999999999999,18.65681818181818,,17.651515151515152,,,10.648484848484848,,,13.936363636363632,,,,
0,2007.0,10.472556184189846,7.003763947823355,0.8135249239209635,1.9555844907407405,0.8561477873977874,34.34829282407407,28.57157662938913,29.447888181675307,94.40287300886817,72.47574442340067,8.146108477060857,3.638967405143875,2.7397727272727272,168.4146453667106,40.328989898989896,0.41038793248095573,8.937493707842544,1.9662119534212557,15.728230813114536,2.024007517030773,-2.7612378771099704,27.429766183428974,,1132.2443114889495,216.0747977281117,,,12.228444452833987,18.754093283331656,5.64229918369744,,,,21.954545454545457,13.921212121212122,17.73939393939394,4.282954545454546,,258.06818181818187,258.5227272727273,13.330681818181816,18.71477272727273,,18.0,,,10.309090909090909,,,14.006060606060608,,,,
0,2008.0,12.076487093153759,7.994681665136211,0.7295498272771,1.40541792145053,0.8428462815559591,27.700984613212878,25.835876429424818,28.7940080093868,101.78356796536796,61.24757948145045,7.8915751906823335,3.713606701940035,2.91125,126.40910755910758,28.79581146562628,0.07667548500881834,9.054311189496373,1.3404129478203552,14.40330153385709,0.9272041401671031,-1.9351672812783922,26.921558797855095,,969.4370337662338,218.76476916430622,,,11.836514532449717,18.252873292002917,5.390613199900237,,,,20.615151515151517,12.518181818181816,16.91515151515151,5.027777777777778,,266.02272727272725,264.43181818181824,13.9625,19.981818181818184,,16.82121212121212,,,9.487878787878786,,,13.360606060606065,,,,
0,2009.0,12.158650623217552,7.8180534251400395,0.6939371214961767,1.724419486409282,0.821627344877345,43.554009850693525,38.37304112554113,27.615549391553326,98.11832936228285,81.16628932178932,8.109175084175083,2.951933251933252,2.8579545454545454,128.95528919256535,25.093217358772915,0.07967550282365098,8.463839452728342,1.5039540021021505,13.091782908449575,0.3119154508043397,-2.183986113337965,26.12134876097839,,1185.9119099445156,217.3421240624944,,,11.645914533340461,17.657402201022574,5.576241978871609,,,,20.454112554112555,13.102164502164504,17.008658008658006,4.313257575757575,,247.27272727272725,232.72727272727275,13.750000000000005,20.014772727272728,,16.857070707070708,,,10.11969696969697,,,13.658585858585859,,,,
0,2010.0,10.655383197049865,6.856370679584966,0.6846935912412104,4.855548128342246,1.7540060147536782,95.43849029510795,50.10126700921093,30.774803190636522,90.83395552828624,185.49634866690943,7.396539519181029,3.0398857917150597,2.7136363636363634,195.35516203703708,40.85895639430014,0.14032106782106782,10.160107774170275,3.557986562049062,14.31381854256854,1.7219854797979797,-2.333255275974026,25.58620819805195,,1215.4127922077923,242.8972811147186,,,11.279401736111112,17.372384974747476,5.200619331709957,,,,20.224242424242423,13.642424242424243,16.836363636363632,4.246338383838384,,254.43181818181813,247.72727272727275,13.735227272727274,19.33409090909091,,17.312121212121212,,,10.833333333333334,,,14.187878787878788,,,,
0,2011.0,13.322387995602282,9.092260759522665,1.123975297189583,4.430126191890897,0.7812664459723284,58.49124862066038,31.891774184421244,33.03892699672461,123.27080833645795,56.47369917664036,7.053225436179982,3.436192511192511,2.8192929292929296,195.27471061971065,39.764471715453844,0.04153439153439153,8.512682522503951,0.6993055555555556,13.901660740053599,1.5130029031814745,-0.9147867707689137,27.24941128976843,,1070.4259125631313,202.59070831615472,,,12.721881197175842,18.7712370301656,6.6406721509310795,,279.0,21.18,21.711255411255408,13.784415584415584,17.632034632034628,5.3963383838383825,,261.02272727272725,255.68181818181816,14.94886363636364,21.172727272727276,,18.43376623376624,15.968253968253968,19.207936507936505,11.383116883116884,9.812698412698413,11.806349206349205,14.836796536796536,12.306349206349205,14.944444444444443,,
0,2012.0,11.264999761487363,7.492289780926144,0.8514713248184322,2.1889850889850893,0.8961858164983164,65.33641173641175,38.95590803872054,29.186612405042155,97.00753252667188,71.81140572390572,6.899320270372901,2.840419501133787,2.5864646464646466,154.36863782755088,38.92078141268015,0.004602991944764096,9.158464847388897,0.8900273074323708,13.994759530202568,1.6806162894770489,-1.2683763950536102,27.545204029444534,,1201.0767240902169,211.05405825890006,,,12.364656227738505,18.741629769667746,5.91044817067602,,220.9090909090909,21.83636363636364,19.954545454545453,13.972727272727274,17.09090909090909,4.237531565656566,,252.95454545454547,271.4204545454545,14.212499999999999,21.003636363636364,,18.545454545454543,,,12.818181818181818,,,15.79090909090909,,,,
0,2013.0,12.662753813646672,7.990233328179755,0.7639078927025356,2.720332445332445,1.352420687203296,40.31048507048507,33.30040153083631,28.094134070294782,101.20441119267207,97.75244473722734,8.857245777098717,3.5950680272108846,2.8151515151515154,150.7424319465845,34.98086755451339,0.04775533108866442,9.953616021324354,1.862630772005772,13.96946047779381,0.5943883277216611,-2.070415113435947,26.478219296135965,2486.0000000000005,1102.4661352329263,229.1643114177489,,,11.677216279862112,17.438307198973863,5.844156675885842,,267.27272727272725,18.61818181818182,17.972727272727273,12.57272727272727,15.30909090909091,4.115584415584416,,249.09090909090907,245.2020202020202,14.789772727272728,21.30770202020202,,16.8,,,11.763636363636362,,,14.254545454545452,,,,
0,2014.0,12.601882248410027,7.954028045000268,0.746720177970178,3.646658249158249,1.634667608625942,65.82465067340068,69.66763618326118,27.578338544171878,94.56947110717566,145.80417468334133,7.68476957070707,3.094727891156463,3.104761904761905,148.7416846361186,30.989393834828622,0.14950540602714515,9.359431269213877,1.7806721458895372,13.82403695338478,0.4933025911286781,-2.3397551602986386,26.202846058933012,1523.25,1198.6900687199868,230.44583024865636,,,11.564640650814564,17.648911752096534,5.571743360102056,,289.09090909090907,23.57272727272728,17.71818181818182,12.281818181818185,14.854545454545455,4.212121212121212,,242.95454545454547,242.39772727272725,14.727272727272725,20.47306818181818,,16.354545454545455,,,10.80909090909091,,,13.563636363636364,,,,
0,2015.0,12.477350503726651,8.111901783232058,0.8457514198339887,3.47125192814848,1.3108596468890585,64.7359581031995,51.78968253968254,28.82588062803659,105.34288490775099,118.1627493421611,7.722865560365562,3.578798185941043,2.934949494949495,154.76460125060123,37.478509888804005,0.8360867074102368,7.989414098972922,1.7630050505050507,14.488971649265766,0.8149955436720142,-2.598826553348612,26.70010047958577,1849.5,1356.230253441444,212.05030228758164,,,12.277240211993892,18.535737018292167,5.939591821577117,,272.72727272727275,19.67272727272728,19.154545454545453,12.418181818181818,16.045454545454547,4.152272727272727,,270.52272727272725,262.6136363636364,13.521590909090907,19.3925,,17.418181818181818,,,11.172727272727274,,,14.454545454545457,,,,
0,2016.0,12.488028063890132,8.037408568443052,0.8079576553714484,1.2465431627196335,0.5980127808699237,27.372466259230965,21.087048031333747,31.412584900731453,100.70354343187675,47.47303854875284,7.625482093663912,3.5287784679089023,2.986868686868687,208.8863771134526,47.14778764204546,0.14881628787878787,8.046224522005772,1.358203125,15.48839172979798,1.6259193497474747,-1.794997068903319,27.832964409722223,,973.1323934257832,195.73233935335497,,,13.243870997925683,19.408466698232324,6.983905162112192,,287.27272727272725,21.827272727272728,19.85454545454545,13.572727272727274,16.79090909090909,3.3931818181818185,,273.9772727272727,270.68181818181813,14.163636363636368,20.17954545454546,,18.581818181818186,,,12.272727272727272,,,15.454545454545457,,,,
0,2017.0,12.12411553963278,7.538927762850176,0.9139336716922923,0.9637244291656055,0.5789625850340135,20.238158899923604,18.675106679035252,29.633186949544708,100.67156809240143,41.674066171923315,8.93466810966811,3.0918058132343837,3.0939393939393947,155.59591158336613,32.137760804769,0.06956035767511176,7.851825633383009,1.301109455207816,14.955294750786555,0.5495777446597119,-1.5810245901639346,27.38866492796821,,1161.1596298701297,198.33884914720983,,,12.659743334989239,18.76404752442457,6.563230625931445,,252.72727272727272,21.42727272727273,19.89090909090909,12.92727272727273,16.227272727272727,4.956277056277055,,267.84090909090907,259.88636363636357,13.884090909090908,19.77727272727273,,17.990909090909092,,,12.11818181818182,,,15.072727272727274,,,,
0,2018.0,15.12158290984378,10.203610013175231,1.3379666227492313,1.9282548297473674,0.9469119769119767,35.484544808425404,37.67160173160173,36.137865800865804,143.19758319217016,77.0839466089466,9.62795954045954,3.0942460317460316,2.972424242424242,250.59340214816632,51.30860203015375,0.010971786833855798,9.265332512315272,1.2113636363636364,14.750574712643678,1.354532392894462,-0.8074600064686271,28.051394984326024,,1306.4536582090745,210.85469939543214,,,12.898249944021495,18.442118033786137,7.390206374085685,,269.09090909090907,17.8,18.97142857142857,13.185714285714289,16.242857142857144,4.214772727272727,,233.75,251.93181818181816,12.860227272727276,18.1770202020202,,18.014285714285712,,,12.400000000000002,,,15.228571428571428,,,,
0,2019.0,12.199949741616408,8.1665914332581,0.7765299515299516,0.9571417961123843,0.638025038025038,18.833734402852052,19.874051324051322,28.856365794699126,104.59689665273,42.16225186225186,7.289314058956917,4.042218771566597,2.89959595959596,199.96886147186146,45.972242063492075,0.05534221525600836,8.291008608249989,0.9923440065681445,15.534352764094141,1.6312378713240785,-1.8160237224461364,27.933712059013786,,1084.3658429096154,192.3128099965169,,,13.295596046673634,19.519002015226153,6.891616273573171,,240.0,20.236363636363635,20.67,13.62,16.999999999999996,4.363636363636364,,256.7045454545455,258.97727272727275,13.719318181818183,19.653409090909093,,18.67,,,11.650000000000002,,,15.239999999999998,,,,
0,2020.0,13.475863072501726,8.695379970169887,0.9702865994882802,1.5695783593510868,0.9306036556036555,29.877743342516073,35.95460557960558,30.469964591897366,111.05859665078154,79.01297047859549,7.500386136497247,3.9826190476190475,2.928058361391695,169.7062894906512,43.89574572253144,0.01038961038961039,8.505569083694082,0.8620078334364051,13.510435348381776,1.5478567563388996,-1.073653756957328,26.94533201917131,,894.3587902837901,203.1815643037518,,,12.64823328308596,18.619774563234387,6.647325061842919,,293.6363636363636,20.59090909090909,19.33636363636364,12.763636363636364,15.936363636363636,4.09469696969697,,244.0909090909091,253.97727272727275,13.555681818181819,19.451136363636365,,17.28181818181818,,,10.60909090909091,,,13.72727272727273,,,,
0,2021.0,12.709327217125384,8.087745740498034,0.8699432066404543,4.632374338624339,1.4344422700587085,49.031150793650795,28.746836268754073,32.515091743119264,104.90513728013727,101.24611872146119,8.516612554112553,3.1210317460317456,2.7219047619047627,80.32342403628115,48.60021604938271,0.08544973544973544,8.886463844797179,1.5637125220458556,15.279365079365082,1.3855820105820105,-1.1006349206349206,27.69276895943563,,1495.8649007936508,204.36052028218694,,,12.718993827160496,18.937768077601408,6.468353615520282,,274.0,20.640000000000004,19.37142857142857,12.857142857142858,16.057142857142857,4.816326530612245,,270.1785714285715,265.0,14.096428571428572,19.694642857142853,,17.385714285714283,,,11.2,,,14.157142857142857,,,,
