,State,1984,1985,1986,1987,1988,1989,1990,1991,1992,1993,1994,1995,1996,1997,1998,1999,2000,2001,2002,2003,2004,2005,2006,2007,2008,2009,2010,2011,2012,2013,2014,2015,2016,2017,2018,2019,2020,2021
0,CO,2.27,2.3600000000000003,3.2964334236025414,3.3432921775936486,3.531891943840474,3.407550383644134,3.459750484613766,3.386712831439394,3.298123042472121,3.295270030284693,3.2750000000000004,4.27,4.409090909090908,4.563636363636364,3.137348484848485,3.2846195286195288,3.2707272727272727,3.3194805194805186,3.3624242424242423,3.053320707070707,3.0270202020202017,3.8296969696969696,4.427940115440116,6.792424242424243,7.240954785954787,7.217165775401069,4.475989304812835,4.967748917748918,4.036289081289082,3.8361776859504135,4.685982880755609,3.660642292490118,12.44842309651133,8.507165350988878,2.2127946127946125,2.1181896344396347,2.616833166833167,2.710780952380952
1,SC,3.054545454545455,3.227272727272727,2.793939393939394,3.009090909090909,3.0318181818181817,3.0363636363636366,2.8,2.8227272727272723,3.086363636363637,3.177272727272727,3.1636363636363636,3.3318181818181816,3.0,2.913636363636364,2.431414141414142,2.7166391184573,2.707740037740038,2.6681818181818184,2.786363636363636,2.723116883116884,2.6951048951048957,2.764335664335664,2.639610389610389,2.7175324675324686,2.8992784992785,2.557142857142857,2.3344155844155847,2.551948051948052,2.2993506493506493,2.4915584415584413,2.6952380952380954,2.6674675324675325,2.693506493506493,2.658831168831169,2.6803896103896103,2.6089610389610387,2.6402597402597405,2.6979591836734693
2,IA,3.7527789802789804,3.6489666506333163,3.2964334236025414,3.3432921775936486,3.531891943840474,3.407550383644134,3.459750484613766,3.386712831439394,3.298123042472121,3.295270030284693,3.9008335509654963,3.8,3.5213966308102673,3.340371188372756,4.1364898989898995,4.617190082644629,4.628925619834711,4.553719008264463,4.696694214876033,4.540495867768595,4.595041322314049,4.419834710743801,4.4702479338842975,4.4846280991735545,4.405041322314049,4.226446280991735,4.1710743801652885,4.2113131313131325,4.107727272727272,4.259090909090909,4.496363636363637,4.323674242424242,4.3873737373737365,4.284848484848484,4.062727272727273,4.244318181818183,4.25469696969697,4.000892857142857
3,NE,4.573737373737374,4.573737373737373,4.317171717171719,4.256565656565656,4.641414141414142,4.362626262626263,4.485858585858586,4.497979797979798,4.306060606060607,3.778787878787879,3.760727272727273,4.58,4.547727272727274,4.340909090909092,4.363092463092462,4.542337662337663,4.5925252525252525,4.4409090909090905,4.711616161616161,4.455555555555557,4.446464646464647,4.535858585858588,4.531313131313131,4.477777777777779,4.584949494949496,4.2242424242424255,4.312626262626264,4.128335301062574,4.239090909090908,4.268398268398268,4.715584415584416,4.308838383838384,4.547626262626261,4.423636363636363,4.369949494949497,4.3783838383838365,4.546212121212121,4.353650793650794
4,KY,3.372727272727273,3.3363636363636364,3.036363636363636,3.2363636363636363,3.2909090909090906,3.027272727272727,3.2909090909090915,3.145454545454545,2.9909090909090907,2.972727272727273,3.0454545454545454,2.863636363636364,2.4363636363636365,2.2,2.2464646464646463,2.5181818181818185,2.431060606060606,2.4242424242424243,2.475757575757576,2.333333333333333,2.372727272727273,2.190909090909091,2.0454545454545454,2.0484848484848484,2.188181818181818,2.075757575757576,1.9424242424242424,2.1303030303030304,1.8606060606060608,1.984848484848485,2.2606060606060603,2.136363636363636,2.109090909090909,2.2484848484848485,2.254545454545455,2.2212121212121207,2.187878787878788,2.1809523809523808
5,MO,4.5636363636363635,4.469696969696969,4.387878787878788,4.364393939393938,4.414646464646465,4.412121212121213,4.463636363636363,4.206060606060606,4.072727272727273,4.235690235690235,4.078787878787879,4.031060606060606,4.468181818181818,4.168181818181819,3.4424963924963925,3.722459893048129,3.711704545454545,3.601136363636364,3.6297682709447407,3.588770053475936,3.7086096256684487,3.4823529411764707,3.608021390374331,3.433475935828877,3.5533689839572187,3.469625668449198,3.3155080213903743,3.3907024793388434,3.1341794569067303,3.2414841597796142,3.2614306328592044,3.296796536796537,3.1527646595828416,3.307078905942542,3.215194805194806,3.1865254820936646,3.200013670539987,3.296867167919799
6,WI,3.7527789802789804,3.6489666506333163,3.2964334236025414,3.3432921775936486,3.531891943840474,3.407550383644134,3.459750484613766,3.386712831439394,3.298123042472121,3.295270030284693,3.9008335509654963,3.7840529506501728,3.5213966308102673,3.340371188372756,3.6262731481481487,3.655866355866357,3.4797607655502403,3.4521531100478464,3.559808612440192,3.4507177033492824,3.4688995215311005,3.2602870813397127,3.2555555555555564,3.3464646464646464,3.2277777777777787,3.141786283891547,3.0518660287081336,3.2157894736842105,3.114832535885167,3.199043062200957,3.4331578947368415,3.4632535885167464,3.3669856459330143,3.4593301435406696,3.29933014354067,3.3461244019138747,3.3555023923444973,3.1490225563909777
7,GA,2.6727272727272724,2.4111111111111114,2.209090909090909,2.6272727272727274,2.6727272727272724,2.7818181818181817,2.872727272727273,2.6818181818181817,2.5363636363636366,2.590909090909092,2.975,3.7840529506501728,3.5213966308102673,3.340371188372756,2.175,2.3484848484848486,2.186038961038961,2.2854545454545456,2.468954545454546,2.267272727272727,2.452272727272727,2.435454545454546,2.349545454545455,2.2568181818181814,2.3427272727272728,2.2568181818181814,2.1022727272727275,2.245909090909091,2.1340909090909093,2.2136363636363643,2.082272727272727,2.3113636363636365,2.3536363636363635,2.3347727272727274,2.342136363636364,2.3518181818181816,2.445,2.3769047619047616
8,SD,3.7527789802789804,3.6489666506333163,3.2964334236025414,3.3432921775936486,3.531891943840474,3.407550383644134,3.459750484613766,3.386712831439394,3.298123042472121,3.295270030284693,3.9008335509654963,3.7840529506501728,3.5213966308102673,3.340371188372756,4.308118386243387,4.5465202020202025,4.757575757575757,4.563030303030303,4.8466666666666685,4.650303030303031,4.713333333333334,4.742848484848484,4.639285714285714,4.65020202020202,4.691666666666666,4.357993265993267,4.374060606060606,4.454060606060606,4.458787878787878,4.485454545454545,4.822207792207792,4.469480519480519,4.8343506493506485,4.633376623376624,4.4246753246753245,4.517532467532468,4.50787878787879,4.503809523809523
9,WV,3.4454545454545453,3.6363636363636367,3.336363636363637,3.4090909090909087,3.4863636363636363,2.9,3.190909090909092,3.145454545454545,3.0681818181818183,3.231818181818182,3.2909090909090915,3.377272727272727,2.672727272727273,2.5409090909090906,2.6233405483405483,3.076623376623377,3.064772727272727,3.0136363636363637,3.1499999999999995,2.935227272727273,2.8374999999999995,2.7965909090909093,2.9545454545454546,2.7397727272727272,2.91125,2.8579545454545454,2.7136363636363634,2.8192929292929296,2.5864646464646466,2.8151515151515154,3.1047619047619053,2.934949494949495,2.986868686868687,3.0939393939393947,2.9724242424242417,2.89959595959596,2.9280583613916944,2.7219047619047627
10,AL,3.0181818181818185,2.9399999999999995,2.927272727272728,2.7818181818181817,2.7,2.6636363636363645,2.881818181818182,2.872727272727273,2.7909090909090906,2.809090909090909,2.9975757575757576,3.5333333333333337,3.5213966308102673,3.340371188372756,2.266666666666666,2.3829545454545453,2.4397306397306395,2.3537662337662337,2.5054545454545454,2.4445454545454544,2.5836363636363635,2.459090909090909,2.3486471861471863,2.2071139971139973,2.3852602952602955,2.3010156510156508,2.033555555555556,2.177597402597403,2.035384615384616,2.14,2.054918831168831,2.23126159554731,2.1961769480519484,2.2968073593073592,2.3155988455988457,2.2817460317460307,2.4268831168831166,2.353571428571429
11,NY,4.318181818181818,4.0,4.127272727272728,4.172727272727273,4.245454545454545,4.0181818181818185,3.136363636363636,3.5454545454545454,4.363636363636363,3.745454545454545,11.736363636363635,8.272727272727273,3.96,3.9375,3.2137272727272728,3.543083778966132,3.3466735537190084,3.46155303030303,3.6041666666666665,3.395454545454545,3.369696969696971,3.3477272727272727,3.41905303030303,3.3312727272727267,3.225710227272728,3.1289393939393944,3.2569128787878787,3.0045454545454544,2.9190585858585854,3.1410909090909094,3.3003393939393937,3.19789494949495,3.262109090909091,3.3010909090909086,3.0918881118881125,3.0749650349650346,3.13062937062937,3.0084249084249084
12,RI,5.1,3.53,4.609999999999999,4.725,4.525,4.975,4.922222222222222,5.15,3.298123042472121,3.295270030284693,3.9008335509654963,3.7840529506501728,3.5213966308102673,3.340371188372756,3.588888888888889,3.53,3.5454545454545463,3.338636363636364,3.609090909090909,3.4363636363636365,3.427272727272728,3.4090909090909087,3.4227272727272733,3.1772727272727272,3.0759090909090907,3.2409090909090907,3.2909090909090915,3.1000000000000005,2.913636363636364,3.145454545454545,3.3545454545454545,3.1818181818181817,3.2818181818181817,3.3181818181818183,3.2954545454545463,3.3045454545454547,3.2863636363636366,3.1142857142857143
13,MT,3.5090909090909097,3.804545454545455,3.368181818181818,3.0590909090909086,3.536363636363636,3.163636363636364,3.6967532467532473,3.427272727272728,3.1727272727272733,3.25,4.022895622895623,2.93030303030303,3.3090909090909086,3.2181818181818183,3.602304292929293,3.759204545454545,3.5954545454545452,3.6338842975206607,3.8090909090909095,3.639669421487604,3.918181818181818,3.781313131313132,3.796818181818182,3.6545454545454548,3.6856060606060614,3.496212121212121,3.3578787878787875,3.775984848484848,3.661363636363636,3.5825757575757584,4.278409090909091,3.5652892561983482,3.761157024793389,3.706611570247934,3.4876033057851243,3.5074380165289263,3.7981818181818174,3.735064935064935
14,IL,3.7527789802789804,3.6489666506333163,3.233333333333333,3.02,3.3636363636363638,2.9818181818181824,3.3090909090909086,2.9909090909090907,3.036363636363637,2.827272727272728,3.0700000000000003,3.1333333333333333,3.5213966308102673,3.340371188372756,3.3597222222222234,3.798664772727273,3.8216042780748674,3.7732620320855617,3.881283422459892,3.8358288770053455,3.8203208556149737,3.657754010695186,3.7288770053475946,3.604812834224598,3.704064171122994,3.5475935828877003,3.429946524064172,3.682878787878789,3.54040404040404,3.5414141414141422,3.787878787878789,3.7151515151515153,3.5747474747474737,3.796969696969696,3.595959595959596,3.6570707070707065,3.613939393939394,3.582539682539683
15,MA,3.7527789802789804,3.6489666506333163,2.466666666666667,2.6818181818181817,3.190909090909092,3.2363636363636363,3.3181818181818183,3.0,2.5363636363636366,2.7272727272727275,3.6545454545454543,3.5000000000000004,3.82,3.340371188372756,3.3132748538011696,3.4590909090909085,3.4549407114624517,3.289328063241107,3.513715415019763,3.3107992973210365,3.359920948616601,3.3193675889328063,3.3893280632411065,3.3047430830039524,3.16798418972332,3.197183794466403,3.378902064119455,3.1715810276679837,3.0110671936758893,3.2133596837944665,3.3662055335968377,3.303596837944664,3.433596837944664,3.428102766798419,3.363873517786561,3.3590513833992093,3.424584980237154,3.3443064182194617
16,FL,3.3647727272727272,3.4056818181818183,3.069128787878788,3.4119318181818183,3.314204545454545,3.1636363636363636,3.25125,3.2221590909090905,3.214204545454545,3.354545454545455,3.0801136363636363,3.3103693181818183,3.5804545454545456,3.337770562770563,3.111878453524795,3.0383143939393937,3.150381593714928,3.2444444444444445,3.1804940711462453,3.1125889328063243,3.3388267288267284,3.259417249417248,3.137522727272727,3.0938131313131314,3.1557954545454545,2.9747564935064936,2.9998977166624217,2.882947118241236,2.9879095904095907,3.061451048951049,2.9323207792207797,3.093144991582492,3.1779087224831897,3.1749630230880226,3.0667676767676766,3.145111688311688,3.30207175925926,3.298164682539683
17,TN,3.7527789802789804,3.6489666506333163,2.266666666666666,2.1818181818181817,2.2454545454545456,2.6272727272727274,2.6181818181818177,2.5090909090909097,2.136363636363636,2.290909090909091,2.1545454545454543,2.7375,3.5213966308102673,3.340371188372756,1.3,1.4636363636363638,1.4909090909090912,1.877272727272727,2.1863636363636365,2.0772727272727267,2.118181818181818,2.05,2.0454545454545454,1.804545454545455,1.8803030303030304,1.8863636363636365,1.7863636363636362,1.9375757575757573,1.8272727272727272,1.83939393939394,2.2139393939393943,1.9818181818181817,2.0363636363636366,2.03030303030303,2.018181818181818,2.0,2.051515151515152,2.176190476190476
18,NH,3.7527789802789804,3.6489666506333163,3.2964334236025414,3.3432921775936486,3.531891943840474,3.407550383644134,3.459750484613766,3.386712831439394,3.298123042472121,3.295270030284693,5.69,1.9,3.5213966308102673,3.340371188372756,2.129712301587302,2.3181818181818183,2.217676767676768,2.1383838383838385,2.2232323232323243,2.068686868686869,2.1464646464646457,2.0424242424242425,2.04040404040404,2.004040404040404,1.885858585858586,1.8828282828282827,2.043434343434344,1.7049090909090907,1.6448686868686866,1.7204040404040402,1.9372727272727268,1.8590909090909091,1.9227272727272728,1.9090909090909087,1.8419090909090912,1.8930129870129868,2.128282828282828,2.14984126984127
19,ME,3.7527789802789804,3.6489666506333163,2.4333333333333336,2.7,3.1545454545454543,2.7181818181818183,2.590909090909091,2.963636363636364,3.354545454545455,3.1181818181818186,3.2181818181818183,3.2545454545454544,3.463636363636364,3.527272727272727,2.9468013468013465,2.98,2.9966450216450222,2.832900432900433,2.8945165945165945,2.743896103896104,2.7121212121212124,2.7061279461279466,2.5727272727272728,2.640909090909091,2.5348484848484847,2.5803030303030305,2.6181818181818186,2.624242424242424,2.3659090909090907,2.591919191919192,2.475,2.4795454545454545,2.3977272727272725,2.4556818181818185,2.5420454545454545,2.5761363636363646,2.582954545454545,2.5904761904761906
20,KS,5.781818181818182,5.336363636363637,5.590909090909093,5.00909090909091,5.5545454545454565,5.454545454545454,5.827272727272727,5.972727272727273,5.199999999999998,4.654545454545455,4.909090909090909,4.8090909090909095,4.945454545454545,4.663636363636363,4.2021632996633,4.365252525252527,4.429595959595959,4.240123456790123,4.321212121212121,4.122222222222222,4.272222222222221,4.1328282828282825,4.260492139439508,4.029545454545453,4.290287081339712,4.1129186602870815,4.060526315789474,3.782683982683984,3.8038311688311692,3.9374458874458873,4.1192640692640685,3.771168831168831,3.837532467532468,3.879761904761904,3.7542640692640687,3.8187012987012983,4.0182659932659925,4.073148148148148
21,OK,3.7527789802789804,3.6489666506333163,3.2964334236025414,3.3432921775936486,3.531891943840474,3.407550383644134,3.459750484613766,3.386712831439394,3.298123042472121,3.295270030284693,3.9008335509654963,3.7840529506501728,3.5213966308102673,3.340371188372756,4.1490277777777775,4.413363636363635,4.4400808080808085,4.3100000000000005,4.377272727272727,4.289090909090909,4.3136363636363635,4.170727272727272,4.159090909090909,3.8424242424242414,4.377272727272728,4.071969696969697,4.135454545454545,4.602818181818182,4.207272727272728,4.263636363636364,4.458545454545455,4.1691818181818165,4.258181818181819,4.319090909090908,4.317090909090909,4.24,4.2309090909090905,4.298571428571429
22,LA,4.0181818181818185,3.699999999999999,2.9030303030303024,2.8181818181818183,3.1000000000000005,3.2863636363636366,3.1000000000000005,3.0727272727272723,2.9090909090909087,3.0454545454545463,3.728181818181818,3.8090909090909086,2.9090909090909087,2.806060606060606,2.8878423120089787,2.705252525252525,2.9320936639118456,2.7781818181818183,2.9470247933884286,2.833388429752066,2.897272727272727,2.6905714285714284,2.62755994005994,2.3073970473970475,2.647094155844156,2.5775974025974024,2.4858114478114466,2.735151515151515,2.4046320346320345,2.627948717948718,2.6883405483405483,2.601363636363636,2.4123737373737373,2.620639730639731,2.5284319384319387,2.5702062289562293,2.5741230486685027,2.598484848484848
23,AZ,3.7527789802789804,3.6489666506333163,2.1,2.3363636363636355,2.609090909090909,2.645454545454545,2.863636363636364,2.5454545454545454,2.6,2.4909090909090903,2.8181818181818183,3.3090909090909086,3.545454545454545,3.4909090909090907,3.1024170274170286,2.9627813852813847,3.1707467532467533,2.9346590909090917,3.0887784090909087,3.0674431818181818,3.043636363636364,2.910227272727272,4.250378787878788,4.665050505050504,4.706007442849548,4.80090909090909,3.1318013468013466,3.215791245791245,2.9787878787878785,2.9428434723171564,3.0150611376927166,3.782005012531328,4.852950558213717,4.54812834224599,3.0026737967914436,3.0812834224598937,3.021212121212121,3.2860119047619047
24,CT,3.7527789802789804,3.6489666506333163,3.2964334236025414,3.3432921775936486,3.531891943840474,3.407550383644134,3.459750484613766,3.386712831439394,3.298123042472121,3.295270030284693,3.9008335509654963,3.7840529506501728,3.5213966308102673,3.340371188372756,2.3714285714285714,2.684242424242424,2.9454545454545453,2.8418181818181814,3.0345454545454538,2.9381818181818184,2.8549090909090906,2.8432323232323236,2.824727272727273,2.88,2.834545454545455,2.7587272727272727,2.9127272727272726,2.6345454545454543,2.547272727272728,2.7381818181818183,2.9127272727272726,2.809090909090909,2.9478181818181817,2.976363636363636,2.804545454545455,2.9163636363636365,2.9745454545454546,2.877142857142857
25,OH,3.7527789802789804,3.6489666506333163,3.2964334236025414,3.3432921775936486,3.531891943840474,3.407550383644134,3.459750484613766,3.386712831439394,3.298123042472121,3.295270030284693,3.9008335509654963,3.7840529506501728,3.5213966308102673,3.340371188372756,3.1432539682539686,3.3976604278074864,3.3491978609625668,3.3921925133689843,3.5058823529411764,3.3663101604278083,3.3828877005347597,3.2310160427807486,3.2442780748663105,3.2278074866310162,3.330534759358289,3.1693850267379675,3.0320855614973263,3.2034090909090915,3.0357219251336898,3.1836229946524064,3.4509090909090907,3.3517112299465244,3.383262032085561,3.4820855614973265,3.3622816399286983,3.368342245989305,3.3588235294117643,3.24390756302521
26,DE,3.7527789802789804,3.6489666506333163,3.2964334236025414,3.3432921775936486,3.531891943840474,3.407550383644134,3.459750484613766,3.386712831439394,3.298123042472121,3.295270030284693,3.9008335509654963,3.7840529506501728,3.5213966308102673,3.340371188372756,2.7222222222222223,3.0100000000000007,3.136363636363636,2.97,3.2,2.7818181818181817,3.0545454545454542,2.9000000000000004,3.0181818181818185,3.1,3.2,3.0090909090909093,2.8454545454545457,2.9,2.7181818181818183,2.963636363636363,3.636363636363636,3.145454545454545,3.127272727272727,3.05,3.2,3.0181818181818185,3.036363636363636,3.042857142857143
27,MS,2.454545454545455,2.545454545454546,2.5090909090909093,2.4954545454545456,2.45,2.4,2.3590909090909093,2.3318181818181816,2.190909090909092,2.040909090909091,2.2454545454545456,2.4727272727272727,2.440909090909091,2.2772727272727282,2.454680735930736,2.521212121212121,2.404080808080808,2.4932034632034634,2.671985157699444,2.5550649350649346,2.7136363636363634,2.6368181818181813,2.6259740259740263,2.311688311688312,2.5636363636363635,2.4610389610389607,2.3287012987012985,2.587922077922078,2.423766233766234,2.4792207792207788,2.6220779220779216,2.709437229437229,2.567532467532468,2.645454545454545,2.614646464646465,2.5287012987012987,2.6727272727272724,2.748979591836735
28,CA,2.8337662337662337,2.6417207792207797,2.4236868686868687,2.4280519480519485,2.4103896103896103,2.5608391608391607,2.7137310606060603,2.584772727272727,2.4620037105751402,2.4765512265512264,2.6151851851851853,2.446124188311688,2.638358585858586,2.8597796143250687,2.877921032268858,2.9190867693326714,2.9131224406224403,2.9711733615221987,3.0328928823114882,3.0209778012684985,3.0,2.8823564593301434,2.8076457157469816,2.829384836739488,2.7118814582607684,2.7481382793451763,2.757954125977382,2.7405027014329337,2.7286761734997027,2.6671786833855804,2.850923351158645,2.836456508607672,2.9045387429108365,2.909282106782107,2.910640136302787,2.9540991237677985,2.7617760942760943,3.201815476190476
29,AK,4.3136363636363635,4.288636363636363,4.301212121212121,4.430909090909091,4.423636363636363,3.9318181818181817,3.9045454545454543,3.9,4.152272727272727,3.911363636363636,4.246136363636364,4.256818181818181,3.645454545454545,3.057575757575758,3.3464768373389067,3.4864359028068703,3.5025839035516464,3.4071847507331383,3.4963049853372437,3.5362910353535355,3.5858783143939386,3.5743663911845736,3.5877840909090906,3.2649696969696973,3.2102138047138045,3.2555209235209235,3.2433299663299664,3.29507499234772,3.1990422077922083,3.2116856060606063,3.3187580348943984,3.4580681818181818,3.4456935425685424,3.4452394916911047,3.4425610948191587,3.027789432789433,2.9935616161616165,2.9466765873015874
30,TX,4.08080808080808,3.906060606060605,3.7307692307692313,3.7608391608391614,3.9559440559440566,4.2713286713286704,4.084475524475524,3.728030303030304,3.625,4.109917355371899,3.925734265734266,4.097552447552447,4.4471074380165305,3.9159090909090906,3.9441402662993568,3.932274374176548,4.113581818181818,3.9397240259740265,4.076948051948052,3.8896428571428565,3.832246998284735,3.7024699828473406,4.044242424242425,3.6330207645461887,4.1322181867097125,4.030589429402991,3.8606741221741214,4.284739583333333,3.790034327651515,3.915196408529741,4.191151026392962,3.8409797123780174,3.890417508417507,4.062147306397306,4.058629397422502,4.069984848484848,4.021780945043658,4.111707021791767
31,WA,3.227272727272727,3.254545454545455,3.1858585858585857,3.018181818181818,3.018181818181818,3.0515151515151517,2.8045454545454547,2.918181818181818,2.9254545454545453,2.7575757575757582,3.681454545454545,4.456363636363637,2.086818181818182,1.9327272727272728,3.132473785473785,3.1913030303030308,2.7876060606060604,2.910511363636364,2.7494037008742893,2.8398622589531684,2.675085227272727,2.6664772727272728,2.8488352272727275,3.5974517906336088,3.5597061524334253,2.565548996458088,2.4441601731601734,2.596924603174603,2.4395598845598854,2.311522147885784,2.7592613636363645,2.5705440771349863,2.901575757575758,2.798014243820696,2.942988505747127,2.7754231974921635,2.9830385132109267,3.1602040816326533
32,NJ,3.7527789802789804,3.6489666506333163,2.8666666666666667,3.1909090909090905,4.0,3.407550383644134,3.459750484613766,3.386712831439394,3.298123042472121,3.295270030284693,3.83,3.825,3.8,3.340371188372756,2.6546296296296297,2.6742911255411257,2.633578643578644,2.4470707070707074,2.645454545454546,2.5393939393939395,2.4828282828282835,2.4895959595959587,2.573737373737374,2.4161616161616166,2.380707070707071,2.3193041526374865,2.4826262626262627,2.233232323232324,2.1594725028058366,2.342348484848485,2.4656565656565657,2.384918630751964,2.4434343434343435,2.5242424242424244,2.5320202020202016,2.4283838383838385,2.4420875420875423,2.412698412698413
33,HI,3.7527789802789804,3.6489666506333163,3.4166666666666665,3.3090909090909086,3.8409090909090913,3.427272727272727,3.707792207792208,3.2898989898989903,3.440909090909092,4.004545454545456,3.822727272727273,3.836363636363635,3.4596363636363643,3.58,3.9064646464646464,3.4170454545454545,3.731363636363637,3.8431818181818183,3.2818181818181817,3.3268181818181817,3.390909090909091,3.285909090909091,3.425757575757576,3.556060606060606,3.161851851851852,3.132727272727273,3.2907407407407416,2.8200841750841747,2.6400432900432897,2.4783712121212123,3.087792207792208,3.5127272727272727,3.838636363636364,3.64090909090909,3.115909090909091,3.3350000000000004,3.0933333333333337,3.839285714285714
34,IN,3.7527789802789804,3.6489666506333163,3.2964334236025414,3.3432921775936486,3.531891943840474,3.407550383644134,3.459750484613766,3.386712831439394,3.298123042472121,3.295270030284693,3.9008335509654963,3.7840529506501728,3.5213966308102673,3.340371188372756,2.9852222222222213,3.475595238095239,3.4744588744588762,3.506926406926407,3.506926406926405,3.4731601731601724,3.514718614718616,3.272727272727273,3.2463203463203465,3.203030303030303,3.3242424242424238,3.2142857142857144,2.9281385281385286,3.2051948051948047,3.0233766233766226,3.115584415584416,3.3147186147186147,3.297835497835498,3.1705627705627704,3.3004329004329014,3.2716017316017316,3.2240692640692648,3.171957671957672,3.038775510204081
35,PA,2.9939393939393937,3.3000000000000007,3.0492424242424243,3.147727272727273,3.2445454545454546,2.95,3.1272727272727274,3.033030303030303,3.2454545454545456,3.266666666666667,6.583636363636364,5.101818181818183,3.1272727272727274,3.632727272727273,2.626515151515152,2.966010101010101,2.9691172595520423,2.939802371541502,3.081818181818183,2.970237154150197,2.8400826446280987,2.8332231404958685,2.9071496212121204,2.8422243265993266,2.791628787878788,2.700757575757576,2.858238636363636,2.659050505050504,2.485858585858586,2.7088203463203464,2.887191558441558,2.7244669913419908,2.8476325757575762,2.908915239350023,2.887549407114624,2.810759771629337,2.875138339920949,2.8050931677018642
36,VT,3.7527789802789804,3.6489666506333163,3.2964334236025414,3.3432921775936486,3.531891943840474,3.407550383644134,3.459750484613766,3.386712831439394,3.298123042472121,3.295270030284693,3.9008335509654963,3.7840529506501728,3.5213966308102673,3.340371188372756,1.5088888888888887,1.8590909090909091,1.7063636363636363,1.5922727272727273,1.7545454545454549,1.6204545454545456,1.6140909090909092,1.5613636363636365,1.7939393939393935,1.72,1.6484848484848484,1.6545454545454543,1.8303030303030308,1.415909090909091,1.3376623376623378,1.7,1.9151515151515155,1.8454545454545448,1.9666666666666668,1.9727272727272729,1.8909090909090909,1.945454545454545,2.051515151515152,1.9190476190476191
37,NM,4.1454545454545455,4.003030303030303,3.259090909090909,3.0090909090909093,3.295454545454545,3.5227272727272725,3.5454545454545463,3.359090909090909,3.3045454545454547,3.6000000000000005,3.167575757575758,3.642424242424242,4.398690476190477,3.8346320346320346,4.054119113210022,4.21301652892562,4.1786013986013995,4.087132867132866,4.091883116883117,4.124935064935065,3.999220779220779,3.953766233766234,4.178321678321678,3.9904895104895104,4.2034965034965035,4.0881118881118885,7.977212121212121,14.385016835016836,15.739937384044527,11.284326685219545,6.425972222222222,4.597630147630149,13.256126075570519,14.441650633317295,2.3713068181818184,2.4226055194805194,2.772181818181818,3.0505291005291006
38,MD,3.7527789802789804,3.6489666506333163,3.2999999999999994,3.4,3.3454545454545457,2.8454545454545457,2.9909090909090907,3.1,3.2454545454545456,3.327272727272728,3.4090909090909087,3.2909090909090915,3.3363636363636364,3.9,3.643030303030303,3.543181818181818,3.307575757575758,3.5574074074074065,3.784848484848485,3.699696969696969,3.121212121212121,3.363636363636364,2.8474747474747475,2.8849494949494945,3.3729292929292933,3.389450056116724,3.49949494949495,3.386636363636363,3.2903030303030305,3.2383333333333333,3.3133636363636363,3.5000962000962,3.551717171717172,3.4833766233766235,3.522606060606061,3.2488429752066112,3.2929752066115707,3.3245887445887443
39,VA,4.1,4.0181818181818185,3.1083333333333334,3.4833333333333334,3.5409090909090915,3.6377272727272727,3.710454545454545,3.413636363636363,3.238636363636364,3.243181818181818,3.54090909090909,3.734090909090909,4.048484848484848,4.0,2.9714466089466085,2.5247727272727274,2.519480519480519,2.86,3.092727272727273,3.0382727272727275,2.680303030303031,2.5984848484848486,2.84309090909091,2.759279811097993,2.91357733175915,2.795061983471074,2.7228282828282837,2.700247933884297,2.6867768595041315,2.8700826446280985,2.980165289256199,2.926446280991736,2.924517906336088,2.8859504132231404,2.878347107438017,2.770615243342516,2.8537190082644632,2.887878787878788
40,NC,3.2090909090909085,3.227272727272727,2.853030303030303,2.9431818181818183,3.1590909090909087,3.2159090909090917,2.9477272727272723,2.7750000000000004,2.9,3.0590909090909086,3.1431818181818185,3.1704545454545454,3.2159090909090917,3.1,2.814074074074074,2.9330481283422465,2.854366028708134,2.7584415584415583,2.9696536796536805,2.9419047619047616,2.783205741626794,2.905741626794258,2.7255000000000003,2.790836940836941,2.934793388429753,2.801446280991734,2.7459740259740264,2.826575276575277,2.627705627705628,2.8264069264069263,2.9163636363636365,2.8989431818181814,2.9750454545454543,2.9264090909090914,3.4068698893698888,3.4185380116959045,3.4521291866028707,3.4887218045112776
41,MN,3.7527789802789804,3.6489666506333163,3.2964334236025414,3.3432921775936486,3.531891943840474,3.407550383644134,3.459750484613766,3.386712831439394,3.298123042472121,3.295270030284693,3.9008335509654963,3.7840529506501728,3.5213966308102673,3.340371188372756,3.3706818181818186,3.5726136363636365,3.4147474747474758,3.4379509379509376,3.5616161616161626,3.5131313131313124,3.6303030303030304,3.412121212121212,3.1136363636363638,3.190909090909092,3.0340909090909087,3.034242424242424,3.1171717171717166,3.314636363636363,3.1772727272727272,3.2900000000000005,3.703636363636364,3.7230681818181823,3.674545454545455,3.6081818181818175,3.3341313131313126,3.439090909090909,3.5129740259740263,3.3054761904761905
42,AR,3.7527789802789804,3.6489666506333163,3.2964334236025414,3.3432921775936486,3.531891943840474,3.407550383644134,3.459750484613766,3.386712831439394,3.298123042472121,3.295270030284693,3.9008335509654963,3.7840529506501728,3.5213966308102673,2.4142857142857137,2.9667789001122338,2.7574431818181817,2.7861291486291484,2.6636363636363645,2.8939393939393936,2.7903409090909093,2.7833333333333337,2.6386363636363646,2.9566433566433568,2.6209790209790214,2.8936363636363636,2.5821212121212125,2.473011363636364,2.809943181818182,2.582364824717766,2.4885026737967912,2.665548128342246,2.613101604278075,2.5155080213903744,2.647534165181224,2.6491978609625666,2.5475935828877008,2.554125286478228,2.6284873949579826
43,NV,4.142857142857143,3.866666666666666,2.8045454545454547,3.0545454545454547,3.3409090909090917,3.2636363636363632,3.3084175084175085,3.1818181818181817,3.018181818181818,3.206969696969697,3.2776094276094283,3.5148148148148146,4.084848484848485,2.9291125541125544,2.9986435786435783,3.1179545454545456,2.9111111111111114,3.003939393939394,3.037929292929293,3.3843636363636365,3.4727272727272727,3.2711363636363635,2.733901515151515,2.8442760942760947,2.134030303030303,2.3323140495867767,2.2580606060606057,2.262090909090909,2.2041414141414144,2.0838383838383843,2.200808080808081,2.160606060606061,2.2692929292929294,2.305050505050505,2.2375757575757573,2.288439955106622,2.2677777777777783,2.439417989417989
44,WY,3.7527789802789804,3.6489666506333163,3.2964334236025414,3.3432921775936486,3.531891943840474,3.407550383644134,3.459750484613766,3.386712831439394,3.298123042472121,3.295270030284693,4.4300000000000015,2.9,3.5213966308102673,3.340371188372756,3.465486111111112,3.765001443001444,3.8921251475796934,3.2711538461538465,3.4381118881118886,3.4102564102564106,3.817832167832168,3.3738150738150736,3.43993006993007,5.565384615384616,6.791818181818183,5.065462315462316,5.0481993006993005,5.39034965034965,4.871703703703703,4.13,3.5848484848484854,3.375524475524476,4.50201048951049,4.997727272727274,3.445804195804196,3.4102097902097905,3.5832245532245537,3.5998168498168486
45,ID,3.7527789802789804,3.6489666506333163,3.2964334236025414,3.3432921775936486,3.531891943840474,3.407550383644134,3.459750484613766,3.386712831439394,3.298123042472121,3.295270030284693,3.9008335509654963,3.7840529506501728,0.625,0.981818181818182,2.3795443272005765,2.555448933782267,2.4308585858585854,2.169095719095719,2.2249639249639257,2.3522248803827748,2.783333333333333,3.0710317460317462,3.2139928698752227,3.0316883116883124,3.3337662337662337,6.605303030303031,5.765011509654367,3.7700252525252522,1.9333939393939399,1.625650826446281,2.0768181818181817,1.9791027154663519,2.11375,2.07380303030303,2.262008978675645,2.2155996944232235,2.357007575757576,2.453333333333333
46,UT,3.7527789802789804,3.6489666506333163,3.2964334236025414,3.3432921775936486,3.531891943840474,3.407550383644134,3.459750484613766,3.386712831439394,3.298123042472121,3.295270030284693,3.9008335509654963,3.7840529506501728,3.5213966308102673,3.340371188372756,3.0109722222222226,3.213636363636364,3.2208391608391604,3.248251748251749,3.234965034965035,3.3405594405594417,3.2671328671328665,3.1486868686868683,2.8834090909090917,2.823468013468013,2.851984126984127,2.8453968253968256,3.0356506238859184,2.992471590909091,3.078674985145573,2.9324242424242417,3.1724598930481283,3.0326203208556155,3.176604278074866,3.163770053475936,3.139358288770054,3.0808556149732618,3.0824915824915826,3.2630952380952376
47,OR,3.872727272727272,3.4181818181818184,3.5909090909090917,3.563636363636363,3.472727272727272,3.407550383644134,3.459750484613766,3.386712831439394,3.298123042472121,3.295270030284693,4.83,6.1,3.5213966308102673,3.340371188372756,2.4055092592592597,2.6739393939393943,2.4364646464646467,2.391363636363636,2.3787662337662336,2.349727272727273,2.197272727272728,2.2495000000000003,2.373684210526316,2.1058373205741634,2.1050717703349284,2.1228468899521533,2.1366666666666663,2.1023923444976083,2.1910526315789483,1.9685273790536952,2.4250717703349283,2.2064354066985645,2.387878787878788,2.417676767676768,2.273686868686869,2.225757575757576,2.213333333333333,2.456878306878308
48,MI,4.03030303030303,4.20909090909091,3.827272727272728,3.9878787878787882,3.9606060606060614,3.6181818181818186,4.387878787878788,4.345454545454545,4.20909090909091,3.9727272727272727,4.084848484848485,4.0,4.0900757575757565,3.867099567099567,3.7723737373737385,3.84250505050505,3.812229437229436,3.870725108225108,3.967748917748918,3.783722943722944,3.925301062573789,3.683357383357384,3.725541125541127,3.745021645021644,3.685021645021644,3.5291774891774903,3.5298701298701305,3.62,3.484992784992786,3.6745550745550735,3.7459797979797975,3.74025974025974,3.7079220779220794,3.83064935064935,3.3967588932806323,3.490237154150197,3.567325428194992,3.3200828157349904
49,ND,4.857575757575758,5.112121212121212,4.6757575757575776,4.648484848484848,5.548484848484848,4.890909090909091,4.5,4.642424242424242,4.909090909090909,4.875757575757576,4.927272727272726,4.627272727272726,5.129696969696969,4.8792207792207805,4.4733506493506505,4.867272727272726,4.6490909090909085,4.4727272727272736,4.787272727272726,4.494545454545455,4.674545454545455,4.7727272727272725,4.612727272727272,4.467272727272729,4.58909090909091,4.247272727272727,4.196363636363637,4.416363636363637,4.212727272727273,4.203636363636364,4.618181818181818,4.42909090909091,4.772727272727273,4.68,4.289272727272727,4.449772727272726,4.756818181818184,4.635714285714286
