,State,1963,1964,1965,1966,1967,1968,1969,1970,1971,1972,1973,1974,1975,1976,1977,1978,1979,1980,1981,1982,1983,1984,1985,1986,1987,1988,1989,1990,1991,1992,1993,1994,1995,1996,1997,1998,1999,2000,2001,2002,2003,2004,2005,2006,2007,2008,2009,2010,2011,2012,2013,2014,2015,2016,2017,2018,2019,2020,2021
0,CO,22.44611111111111,25.413906349206343,23.28849579831933,24.847328431372556,24.447118055555553,24.388183673469392,24.980156349206357,25.98443055555556,26.024751984126983,24.49378354978355,24.817476190476192,24.87110317460317,25.70386904761905,25.5317316017316,25.727116402116398,25.959380952380954,25.14103174603175,27.05373809523809,25.293129251700677,24.78969387755102,23.981805555555553,25.392797619047624,24.56219047619048,24.125892857142855,26.108482142857145,25.04333333333333,22.462539682539678,23.40761904761905,23.021904761904764,23.669821428571428,22.90190476190476,24.45095238095239,22.888714285714286,24.80742857142857,24.811805555555555,24.133142857142854,21.694628571428577,24.376547619047624,23.69833333333333,25.039523809523807,24.723452380952377,25.31333333333333,22.81,26.66666666666667,24.6225,24.43666666666667,26.4146,25.97183333333333,25.14725,25.211722222222214,25.204166666666666,25.180000000000003,22.15,22.655,26.97623907775231,27.161797473214875,26.31189700176367,27.735833333333336,28.26233333333333
1,SC,23.350619637494635,27.708571428571428,28.56258928571428,29.278,26.834444444444447,28.625000000000004,29.42375,31.14,31.034285714285712,30.58142857142857,30.012857142857147,29.325714285714287,29.69833333333333,27.728571428571428,28.654285714285717,29.75,22.09,27.19,25.6599677049627,15.83,26.363141235215746,26.352007585685506,26.004561463095136,28.255,26.23983086344411,26.113868422442216,26.316580369542585,25.3,26.68806035359846,25.576001580860968,26.05690144188004,19.78,26.64120608109106,26.79000000000001,29.721666666666664,27.57,31.716,30.54,29.352,27.6825,26.706,29.1225,27.195589364303153,27.149559472687145,27.13394677340011,25.959227142599467,26.382610306771426,26.855539104678694,27.108922149911812,26.87122366329966,26.806752326118325,26.479616002660535,27.345583287237453,27.38351127188843,22.9575,23.47090909090909,20.48,23.021818181818183,29.231764904572945
2,IA,25.135,28.98466666666667,26.802523809523805,26.999693877551017,25.035793650793646,25.74007936507937,27.009888888888888,26.64033333333333,26.823892857142855,26.057523809523808,26.384047619047607,25.092202380952376,26.10494047619048,24.020452380952378,25.18836904761905,26.3208253968254,26.27,28.29546666666667,28.6896,27.3936,27.337277777777768,27.29138888888889,25.745142857142852,26.476857142857128,27.239841269841275,27.92768253968254,26.395773809523806,26.38909523809524,25.86238095238095,25.87066666666667,25.073412698412696,27.772222222222233,26.688547619047608,26.201214285714286,27.929166666666664,28.117089285714286,27.129166666666666,28.24166666666667,28.061190476190475,25.65142857142857,26.80833333333333,27.62614285714286,29.628750000000004,28.705714285714286,29.667500000000004,28.302857142857146,25.6025,26.855539104678694,27.108922149911812,26.87122366329966,26.806752326118325,26.479616002660535,27.345583287237453,27.38351127188843,26.97623907775231,27.161797473214875,26.31189700176367,26.750134990928192,29.231764904572945
3,NE,24.64033333333333,26.792075630252103,25.91887936507937,26.61570684523809,26.297392063492065,27.078803030303035,27.640957482993198,27.075261904761906,27.336880952380948,27.2028537414966,27.17400170068027,26.673623809523807,27.743257142857146,28.36255555555556,28.15240306122449,27.95803174603175,26.601944444444445,27.432261904761905,26.288092592592587,26.524185185185186,28.348523809523808,26.452720238095235,28.39623809523809,28.0008492063492,28.246444444444442,28.961861111111112,28.56144444444445,27.82488888888889,31.896,26.53238888888889,28.312305555555554,27.908,31.305100000000003,28.24033333333333,28.423333333333336,28.885,31.299800000000005,33.489583333333336,27.22866666666667,32.06472222222221,29.058166666666665,23.31900000000001,28.850666666666665,28.96125,30.7315,29.713125,28.17733333333333,28.864,31.71533333333333,27.974,27.43,26.479616002660535,27.345583287237453,27.38351127188843,26.97623907775231,27.161797473214875,26.31189700176367,26.750134990928192,29.231764904572945
4,KY,26.825,28.9125,27.83457142857143,27.55026190476191,26.95583333333333,28.07041666666667,28.96083333333333,30.055476190476192,30.322678571428572,26.985619047619053,27.768809523809534,28.05419047619048,28.691746031746028,27.75087301587301,29.340714285714284,27.64142857142857,26.63642857142857,26.66866666666667,28.59595238095239,28.63916666666667,28.32007936507937,27.69051587301588,27.87722222222222,28.98614285714286,29.12942857142857,27.766904761904765,27.73,27.51928571428572,31.06125,27.81946428571429,31.748214285714283,39.1,29.51,29.016666666666666,26.974285714285717,26.899519095632645,26.619270088068898,27.182685670862057,27.135224686545282,27.11187958971467,28.9825,28.75,28.710000000000004,28.349000000000004,30.517142857142854,30.21,28.322857142857146,30.648571428571444,29.86285714285714,30.004285714285718,27.89428571428572,28.00142857142857,29.272857142857127,31.44857142857143,31.376666666666665,29.825,30.457142857142863,29.712857142857146,32.204
5,MO,24.852222222222213,26.493000000000002,28.220595238095235,26.47934523809524,26.82857142857143,28.340000000000003,27.982888888888887,28.41821428571428,28.430571428571433,29.90203333333334,28.975365079365076,27.41485952380952,29.06722222222221,27.79725,28.19242857142857,28.914603174603176,25.82600276121411,27.70333333333333,25.964285714285715,27.84166666666667,27.321666666666665,29.525,20.696666666666676,28.028666666666666,27.39833333333333,28.574,26.536,29.91650000000001,30.44375,29.30333333333333,29.599,28.407630952380966,29.17857142857143,27.699666666666666,27.68998571428572,30.25141666666667,29.535818452380948,28.915972222222226,29.444875,24.75125,28.686,23.827625,25.322404761904764,28.88585714285714,29.15458333333333,25.959227142599467,26.92625,26.855539104678694,24.243125,24.712962962962962,17.84,26.52,27.49288888888889,26.24019047619048,25.159523809523808,17.557767857142856,27.29714285714286,22.10416666666667,19.1125
6,WI,18.8,26.510205525176605,24.78833333333333,25.536,24.748,23.72041666666667,24.495,24.463166666666666,24.531666666666666,25.3395,26.968000000000004,25.754,26.332,25.62983333333333,25.42466666666667,25.66875,25.44,23.421,23.35883333333333,22.62333333333333,24.063000000000002,22.75708333333333,24.08283333333333,24.08775,24.865,27.97625,25.70625,28.805,27.70625,24.204666666666668,25.71733333333333,24.403333333333336,27.86541666666667,26.2525,25.59,29.425,27.3825,26.320000000000004,29.286666666666665,28.61,25.59333333333333,22.7,24.76,27.04000000000001,26.106666666666666,25.959227142599467,26.382610306771426,26.855539104678694,27.108922149911812,26.87122366329966,26.806752326118325,26.479616002660535,27.345583287237453,27.38351127188843,26.97623907775231,27.161797473214875,26.31189700176367,26.750134990928192,29.231764904572945
7,GA,25.207777777777785,28.39357142857143,27.03444444444445,30.33160714285714,26.747070707070712,28.18125,25.91909090909091,21.74413636363636,26.066161904761906,25.922090909090908,26.152929292929286,24.10159090909091,25.801565656565657,25.29789141414141,28.32948412698413,29.908188888888887,26.11846428571429,26.835,27.296777777777766,28.30289682539683,27.819630952380948,28.687276190476194,28.88091269841269,28.854086850649352,28.68334415584416,27.00638798701298,26.459776785714283,27.373293650793656,27.015625,24.936262626262625,26.390476190476193,29.214533333333332,29.32428571428572,28.696785714285717,28.082,26.222,24.74,29.355,27.135224686545282,27.11187958971467,27.055188019979514,26.396516123621165,27.195589364303153,27.149559472687145,27.13394677340011,25.959227142599467,26.382610306771426,26.855539104678694,27.108922149911812,26.87122366329966,26.806752326118325,26.479616002660535,27.345583287237453,27.38351127188843,26.97623907775231,27.161797473214875,26.31189700176367,26.750134990928192,29.231764904572945
8,SD,22.446,24.683888888888887,24.283222222222232,26.306653061224488,24.93081632653061,24.98186309523809,28.1648125,28.16452083333333,27.00294940476191,27.04933333333333,26.68739417989418,25.86468253968254,26.03625925925926,27.043809523809525,27.098452380952377,25.645,25.423875,26.6054,26.678285714285717,27.240200000000005,25.40425238095238,24.923333333333336,26.461357142857146,25.409349206349212,27.54405555555555,27.16426666666667,27.20490476190476,27.510539682539683,28.02744444444444,25.136111111111113,25.35527777777777,26.427277777777785,27.368777777777787,26.98873015873016,27.32633333333333,28.067142857142862,27.95119047619048,29.05083333333333,29.263333333333332,29.27333333333333,26.425,31.60142857142857,35.575,35.70533333333333,34.650999999999996,30.826999999999998,33.014,26.93666666666667,25.32144444444444,31.69,24.99666666666667,29.8625,27.345583287237453,27.38351127188843,26.97623907775231,27.161797473214875,26.31189700176367,26.750134990928192,29.231764904572945
9,WV,23.350619637494635,26.510205525176605,26.736547619047624,24.937142857142852,24.943452380952376,25.483571428571423,28.230357142857148,26.46666666666667,24.08,25.38333333333333,27.94,29.9,25.965,25.777985050666754,26.45575413262852,24.051666666666666,26.31388888888889,28.32420833333334,26.29944444444445,26.053880952380954,25.46642857142857,23.79000000000001,25.218253968253965,26.407142857142862,27.101507936507932,27.79761904761905,25.156,27.66666666666667,28.54833333333333,27.28,31.3475,32.1,26.64120608109106,26.419505035890033,26.01405728845728,26.899519095632645,26.619270088068898,27.182685670862057,27.135224686545282,27.11187958971467,27.055188019979514,26.396516123621165,27.195589364303153,27.149559472687145,27.13394677340011,25.959227142599467,26.382610306771426,26.855539104678694,27.108922149911812,26.87122366329966,26.806752326118325,26.479616002660535,27.345583287237453,27.38351127188843,26.97623907775231,27.161797473214875,26.31189700176367,26.750134990928192,29.231764904572945
10,AL,23.350619637494635,26.510205525176605,26.008871321306838,26.44953066215324,25.883434131757095,26.002912751743906,26.691174669070627,26.286510887052547,26.559354048869007,25.712648890865154,26.155518624560433,25.784338272943064,26.12517339798364,25.2425,22.5225,27.95133333333333,24.709027777777766,22.386742424242424,24.20346590909091,25.219777777777786,25.26136363636364,26.86772727272727,26.448454545454545,26.127272727272725,25.53909090909091,25.29818181818181,26.38444444444445,26.768181818181823,27.058000000000003,26.95,27.914444444444445,27.28100000000001,29.959,25.445,26.01405728845728,20.4,33.83,28.61,27.135224686545282,27.11187958971467,27.055188019979514,26.396516123621165,27.195589364303153,27.149559472687145,27.13394677340011,25.959227142599467,26.382610306771426,26.855539104678694,27.108922149911812,26.87122366329966,26.806752326118325,26.479616002660535,27.345583287237453,27.38351127188843,26.97623907775231,27.161797473214875,26.31189700176367,26.750134990928192,29.231764904572945
11,NY,17.810000000000006,24.34729166666667,24.47752083333333,23.71485416666667,24.14208333333333,24.701904761904764,26.896428571428572,25.58333333333333,25.289960317460324,24.88613333333333,24.35906802721089,23.381309523809534,24.54885714285714,22.62080272108844,23.84725,22.687703703703704,23.273369047619052,24.070999999999998,23.06358843537415,24.203666666666663,24.69333333333333,23.528142857142853,23.99376190476191,23.35621693121693,24.05008333333333,23.96483333333333,23.313523809523808,22.49285714285714,24.16975,26.019375,23.818285714285718,25.94816666666667,24.28258333333333,23.1835,24.393166666666666,24.4845,23.40916666666667,22.78708333333333,21.112166666666667,26.61133333333333,26.49325,25.248,25.3985,24.118,26.078000000000007,26.438,30.77,26.855539104678694,27.108922149911812,23.71666666666667,26.97,26.332000000000004,27.134,29.244,27.784,25.99,24.92,25.16333333333333,28.01
12,RI,23.350619637494635,26.510205525176605,26.008871321306838,26.44953066215324,25.883434131757095,26.002912751743906,26.691174669070627,26.286510887052547,26.559354048869007,25.712648890865154,26.155518624560433,25.784338272943064,26.12517339798364,25.777985050666754,26.45575413262852,26.43115556287435,25.82600276121411,25.96812834636177,25.6599677049627,25.741225145909933,26.363141235215746,26.352007585685506,26.004561463095136,26.661362673938093,26.23983086344411,26.113868422442216,26.316580369542585,26.236300357108707,26.68806035359846,25.576001580860968,26.05690144188004,26.40122057078826,26.64120608109106,26.419505035890033,26.01405728845728,26.899519095632645,26.619270088068898,27.182685670862057,27.135224686545282,27.11187958971467,27.055188019979514,26.396516123621165,27.195589364303153,27.149559472687145,27.13394677340011,25.959227142599467,26.382610306771426,26.855539104678694,27.108922149911812,26.87122366329966,26.806752326118325,26.479616002660535,27.345583287237453,27.38351127188843,26.97623907775231,27.161797473214875,26.31189700176367,26.750134990928192,29.231764904572945
13,MT,20.8325,22.56,24.88366666666667,24.999000000000002,22.53175,23.28325,26.011111111111113,25.922375,24.00466666666667,21.9605,24.788222222222213,23.490111111111126,25.09953333333333,24.52,23.11833333333333,24.496166666666664,25.0236,25.4515,27.172976190476195,25.446714285714286,26.594166666666666,26.611125,25.456291666666665,22.520875,26.2405,25.37,26.5225,26.065119047619053,25.6865,24.40625,23.95625,25.30920833333333,26.75666666666667,24.91,24.475277777777766,25.076166666666666,24.28433333333333,25.15908333333334,24.71233333333333,24.77333333333333,26.743333333333336,19.075,16.89,25.39,24.426666666666666,25.6,26.382610306771426,26.855539104678694,27.108922149911812,26.79666666666667,27.7675,25.27,25.275,23.694000000000006,25.255,26.934,27.9625,26.828000000000007,31.315
14,IL,25.87,30.9,28.430000000000003,27.26475,26.55616666666667,26.457142857142852,27.516571428571428,26.90025396825397,28.030555555555555,27.593888888888888,27.22714285714286,26.69440476190476,27.589666666666666,27.08166666666667,27.16107142857143,27.294642857142854,28.89,26.835,26.660416666666666,29.165555555555557,28.040555555555557,28.28726984126985,27.108976190476195,28.882,27.03833333333333,29.203125,27.76958333333333,25.614285714285717,29.865,27.8975,26.05690144188004,18.95,27.09,29.66025,27.10533333333333,29.47039285714286,26.511968253968266,26.722222222222207,26.575714285714284,26.737619047619052,26.913,23.5185,23.6225,24.89,26.673000000000002,25.724166666666665,22.65232142857143,26.36,25.94875,28.20208333333333,26.80883333333333,26.26083333333333,25.86642857142857,27.05559523809524,24.834166666666665,25.82133333333333,22.723333333333336,26.750134990928192,29.231764904572945
15,MA,23.350619637494635,26.510205525176605,26.008871321306838,26.44953066215324,25.883434131757095,26.002912751743906,26.691174669070627,26.286510887052547,26.559354048869007,25.712648890865154,21.83333333333333,25.56333333333333,25.98333333333333,25.676,24.504,27.466666666666665,27.112,27.835,23.89,24.91666666666667,26.363141235215746,26.352007585685506,26.004561463095136,26.661362673938093,26.23983086344411,26.113868422442216,26.316580369542585,26.236300357108707,24.910000000000004,25.576001580860968,26.05690144188004,26.40122057078826,19.02,26.419505035890033,26.01405728845728,26.899519095632645,26.619270088068898,27.182685670862057,27.135224686545282,27.11187958971467,27.055188019979514,26.396516123621165,27.195589364303153,27.149559472687145,27.13394677340011,25.959227142599467,22.000416666666666,23.15666666666667,22.65333333333333,22.368333333333336,22.53,21.94333333333333,22.50666666666667,22.46,21.97166666666667,22.96333333333333,21.70666666666667,22.445000000000004,23.65
16,FL,26.14166666666667,29.77636363636363,30.631029220779208,29.31754545454545,30.040990909090908,29.49266363636364,28.06759031877213,29.47138016528925,30.806386363636364,30.251262626262626,29.901590909090906,29.6479393939394,30.86842873176207,29.710841750841755,30.32290796857464,29.47110774410775,28.034486066017323,27.149624368686858,27.963695346320343,29.90649350649351,30.703077922077927,29.906565656565657,31.132847866419286,31.15065127465128,31.11487445887446,30.347581168831173,31.276896103896107,31.10030681818181,30.959244318181817,30.214653409090914,30.161399711399714,30.17126136363636,30.61561647727273,29.64527272727273,31.42807407407407,29.10718181818181,29.90534632034632,31.623696969696976,32.345454545454544,31.175,27.055188019979514,26.396516123621165,27.195589364303153,15.52,26.605,25.959227142599467,26.382610306771426,26.855539104678694,27.108922149911812,26.87122366329966,26.806752326118325,26.479616002660535,27.345583287237453,27.38351127188843,26.97623907775231,27.161797473214875,26.31189700176367,26.750134990928192,29.231764904572945
17,TN,22.75333333333333,26.85763636363636,28.995277777777765,27.90013888888889,28.057407407407414,28.262,27.71612373737374,28.61708333333333,27.637952380952377,27.142777777777766,25.13059523809525,24.6488125,26.94313888888889,26.10183333333333,28.26800694444445,26.209678571428572,26.56100793650794,25.38555555555555,26.25232142857143,28.5336875,28.279553571428572,27.875416666666666,29.009434523809524,29.17892857142857,26.214305555555555,25.965854166666666,27.047785714285716,28.427232142857147,29.60404761904761,26.18771428571429,27.65957142857143,26.40122057078826,26.64120608109106,26.419505035890033,26.01405728845728,26.899519095632645,26.619270088068898,27.182685670862057,27.135224686545282,27.11187958971467,27.055188019979514,26.396516123621165,27.195589364303153,27.149559472687145,27.13394677340011,25.959227142599467,26.382610306771426,26.855539104678694,27.108922149911812,33.18625,29.964666666666666,32.266000000000005,33.34,27.38351127188843,26.97623907775231,27.161797473214875,26.31189700176367,26.750134990928192,29.231764904572945
18,NH,23.350619637494635,26.510205525176605,26.008871321306838,26.44953066215324,25.883434131757095,26.002912751743906,26.691174669070627,26.286510887052547,26.559354048869007,25.712648890865154,26.155518624560433,25.784338272943064,26.12517339798364,25.777985050666754,26.45575413262852,26.43115556287435,25.82600276121411,25.96812834636177,25.6599677049627,25.741225145909933,26.363141235215746,26.352007585685506,26.004561463095136,26.661362673938093,26.23983086344411,26.113868422442216,26.316580369542585,26.236300357108707,26.68806035359846,25.576001580860968,26.05690144188004,26.40122057078826,26.64120608109106,26.419505035890033,26.01405728845728,26.899519095632645,26.619270088068898,27.182685670862057,27.135224686545282,27.11187958971467,27.055188019979514,26.396516123621165,27.195589364303153,27.149559472687145,27.13394677340011,25.959227142599467,26.382610306771426,26.855539104678694,27.108922149911812,26.87122366329966,26.806752326118325,26.479616002660535,27.345583287237453,27.38351127188843,26.97623907775231,27.161797473214875,26.31189700176367,26.750134990928192,29.231764904572945
19,ME,17.8175,24.2605,26.2975,29.17,25.8675,25.21,26.691174669070627,26.286510887052547,26.559354048869007,20.97,26.155518624560433,20.6,23.10333333333333,27.64,26.45575413262852,25.572,27.07,25.44,25.39,25.741225145909933,26.13,26.352007585685506,26.004561463095136,26.661362673938093,26.23983086344411,26.113868422442216,26.316580369542585,26.236300357108707,26.68806035359846,25.576001580860968,26.05690144188004,26.40122057078826,26.64120608109106,26.419505035890033,16.62,23.454,24.412,22.234,23.43200000000001,22.856,27.674,29.85,25.56333333333333,22.526,21.606,23.608,26.382610306771426,26.855539104678694,27.108922149911812,21.243333333333336,18.802,19.42,27.345583287237453,27.38351127188843,26.97623907775231,27.161797473214875,26.31189700176367,26.750134990928192,29.231764904572945
20,KS,25.56375,28.06559523809524,27.08508503401361,27.44976984126984,25.759598639455785,26.688531746031746,26.85211111111111,27.597976190476192,27.000684523809525,26.34881547619048,26.080505952380953,25.414357142857146,26.92355357142857,24.90431216931217,25.647928571428572,28.09807482993197,28.57625,26.40916666666667,27.008714285714287,29.290194444444452,30.12266666666667,28.258404761904764,26.587777777777767,32.379999999999995,26.871666666666666,30.19233333333333,29.271809523809534,29.879047619047622,29.68044444444445,29.109365079365077,28.089440476190475,30.763600000000004,29.8319,30.7725,32.83,27.671,27.058809523809533,29.58333333333333,30.12333333333333,31.13600000000001,27.055188019979514,26.396516123621165,27.195589364303153,27.149559472687145,27.13394677340011,25.959227142599467,26.382610306771426,26.855539104678694,32.330000000000005,27.92583333333333,36.925,24.26,27.345583287237453,27.38351127188843,36.0075,35.36199999999999,21.301666666666666,29.74,36.865
21,OK,27.83142857142857,29.949964285714287,27.98353395061729,27.57904541446208,28.037203869047623,27.95903968253968,30.515866402116398,27.22933035714286,28.78998324514991,28.820497354497352,29.566396825396822,29.164761904761896,27.786,29.627257142857147,31.960639880952385,31.34971428571429,30.00062500000001,26.13750000000001,27.599722222222233,27.292619047619052,29.83658333333333,25.19271428571429,27.20888888888889,28.169107142857147,28.59267857142857,24.512222222222213,30.92196428571428,27.782057142857145,30.30386111111111,28.825047619047623,29.67730555555555,28.761492063492064,28.71566666666667,28.915352380952392,25.87187500000001,30.646785714285716,28.636875,26.90142857142857,29.72357142857143,30.7075,29.642976190476194,29.755714285714284,29.978571428571428,30.335,28.12516666666667,28.780714285714282,30.43257142857142,28.06750000000001,30.00542857142857,26.87122366329966,26.806752326118325,31.460000000000004,27.345583287237453,27.38351127188843,26.97623907775231,32.248000000000005,34.372,26.750134990928192,29.231764904572945
22,LA,25.65833333333333,27.93600000000001,26.913636363636364,26.46654545454545,26.24909090909091,28.904242424242426,27.915,27.36772727272727,27.573181818181826,27.18727272727273,26.46275,25.51085227272727,27.77630681818182,26.674,27.297142857142862,27.85272727272727,25.434444444444445,22.832,26.3425,29.861,16.65633333333333,28.325,31.256666666666675,31.22125,25.69,26.113868422442216,26.316580369542585,26.236300357108707,26.68806035359846,25.576001580860968,26.05690144188004,26.40122057078826,26.64120608109106,26.419505035890033,26.01405728845728,26.899519095632645,26.619270088068898,27.182685670862057,27.135224686545282,27.11187958971467,24.6475,26.68200000000001,29.337777777777767,27.468888888888888,25.015,29.521166666666666,29.72811688311689,36.18333333333333,33.385714285714286,26.87122366329966,26.806752326118325,26.479616002660535,27.345583287237453,27.38351127188843,26.97623907775231,27.161797473214875,26.31189700176367,26.750134990928192,29.231764904572945
23,AZ,22.16833333333333,24.372647907647906,25.99761458333333,26.8093125,25.408214285714287,26.47900264550265,26.567647907647906,26.704065656565657,25.40776666666667,26.570203703703708,26.10990750915751,26.091997252747248,27.289712301587304,27.03288194444445,27.113077441077447,27.045484415584426,26.80854497354497,26.563320512820514,27.993684981684986,26.633896890987806,27.653327272727275,27.3655,28.73152292152293,27.76463636363637,28.12078696051424,30.38156198347107,27.88251515151515,27.45735606060606,28.983854545454545,27.610196969696965,28.88608787878788,29.143262626262626,28.346457070707068,30.110434343434342,27.92382424242424,29.31451948051949,28.44570454545455,24.55954545454545,28.82650000000001,27.62454545454545,27.94181818181818,27.28181818181817,27.39454545454545,27.04181818181818,27.179090909090906,26.175454545454546,25.78090909090909,25.475454545454546,24.08363636363636,25.555,26.32,25.23909090909091,30.203000000000007,29.91,29.135,27.161797473214875,26.31189700176367,26.750134990928192,29.231764904572945
24,CT,23.350619637494635,26.510205525176605,26.008871321306838,26.44953066215324,26.258000000000006,26.85,27.653333333333336,27.6075,28.4725,25.712648890865154,27.5875,25.784338272943064,26.72,25.777985050666754,26.45575413262852,28.34,25.82600276121411,25.96812834636177,25.6599677049627,25.741225145909933,26.363141235215746,26.352007585685506,26.004561463095136,26.661362673938093,26.23983086344411,26.113868422442216,26.316580369542585,26.236300357108707,26.68806035359846,25.576001580860968,26.05690144188004,26.40122057078826,26.64120608109106,26.419505035890033,26.01405728845728,26.899519095632645,26.619270088068898,27.182685670862057,27.135224686545282,27.11187958971467,27.055188019979514,26.396516123621165,27.195589364303153,27.149559472687145,27.13394677340011,25.959227142599467,26.382610306771426,26.855539104678694,27.108922149911812,26.87122366329966,26.806752326118325,26.479616002660535,27.345583287237453,27.38351127188843,26.97623907775231,27.161797473214875,26.31189700176367,26.750134990928192,29.231764904572945
25,OH,24.1825,26.384285714285717,26.334523809523805,25.39833333333333,25.47273809523809,27.288,26.490357142857146,25.52809523809525,26.437142857142852,24.74315476190476,25.133571428571425,24.805,25.280476190476193,25.06142857142857,26.856904761904758,25.64916666666667,27.768,27.723214285714285,25.52917460317461,27.1269387755102,27.265047619047607,26.36289795918368,25.526452380952378,25.905297619047623,24.454523809523806,24.64142857142857,27.47642857142857,22.934285714285718,24.934285714285718,22.24571428571429,23.74571428571429,23.85,24.54714285714286,24.866666666666664,24.63666666666667,25.78,25.062857142857148,23.021428571428572,23.547142857142855,23.67142857142857,23.56571428571429,26.396516123621165,27.195589364303153,27.149559472687145,27.13394677340011,25.959227142599467,26.382610306771426,26.855539104678694,27.108922149911812,26.87122366329966,26.806752326118325,26.479616002660535,27.345583287237453,27.38351127188843,26.97623907775231,27.161797473214875,26.31189700176367,26.750134990928192,29.231764904572945
26,DE,29.36,32.4025,33.156666666666666,31.5875,32.473333333333336,33.00333333333333,32.06333333333333,31.025,32.625,28.16333333333333,32.5225,31.835,33.45,29.515,30.083,29.362857142857145,28.465,29.27482142857143,26.527285714285718,24.959047619047624,28.41428571428571,27.730000000000004,28.40142857142857,27.955714285714286,28.99333333333333,26.85,27.467142857142854,28.315999999999995,26.68806035359846,22.77,23.53,25.43,27.286,27.36333333333333,20.88,26.899519095632645,26.619270088068898,27.182685670862057,27.135224686545282,27.11187958971467,27.055188019979514,26.396516123621165,27.195589364303153,27.149559472687145,27.13394677340011,25.959227142599467,26.382610306771426,26.855539104678694,27.108922149911812,26.87122366329966,26.806752326118325,26.479616002660535,27.345583287237453,27.38351127188843,26.97623907775231,27.161797473214875,26.31189700176367,26.750134990928192,29.231764904572945
27,MS,23.350619637494635,26.510205525176605,26.008871321306838,26.44953066215324,25.883434131757095,26.002912751743906,26.691174669070627,26.286510887052547,26.559354048869007,25.712648890865154,26.155518624560433,25.784338272943064,26.12517339798364,25.777985050666754,26.45575413262852,29.71,25.82600276121411,25.96812834636177,25.55666666666667,26.72,26.631,28.366363636363634,24.15888888888889,27.180555555555554,28.538888888888888,20.33,24.275,21.0,26.68806035359846,25.576001580860968,26.05690144188004,30.5,23.04818181818181,25.79,26.01405728845728,26.899519095632645,17.118333333333332,30.85833333333333,30.06875,25.082,30.898000000000003,30.62187500000001,34.39309523809524,31.33,29.350416666666664,27.972222222222214,27.81,34.81928571428571,32.57714285714285,29.57428571428572,24.45,26.479616002660535,27.345583287237453,27.38351127188843,26.97623907775231,27.161797473214875,26.31189700176367,26.750134990928192,29.231764904572945
28,CA,22.197202380952387,23.874895887445888,23.64416012396695,24.214961093073594,24.666713131313127,24.12371387790953,24.498643458393456,23.85066355866356,23.673916464646464,24.472066484955374,24.49462139917696,25.09381790431791,24.370776666666664,24.533741106719365,24.670722451790628,24.58287121212121,24.617590476190475,21.064124579124574,23.80214802789803,23.936649991983323,22.657582887700528,24.121379679144386,24.59537554112554,24.616275365259746,24.82054065205628,24.07709040404041,24.22614820075757,25.39851740089975,24.575162089646454,24.760115355233,23.907398565486805,23.30035531788473,23.95026704545453,24.333851010101014,25.069425505050503,25.033772885101012,22.595665800865802,24.42020303030303,23.32164817821068,23.931935683364248,23.759143434343446,24.958951221397648,25.012578512396693,24.14980165289257,23.88178145087236,23.722223484848485,23.83704343434343,24.77027272727273,23.769612794612797,25.479725829725822,26.43728535353535,25.53875,28.91465909090909,25.478084415584416,21.46252813852814,23.86132756132757,24.021974025974032,24.150577200577196,26.69091836734693
29,AK,23.350619637494635,18.185,18.257777777777786,20.69444444444445,20.19055555555556,19.251666666666665,16.593541666666667,17.939999999999994,17.983333333333334,18.906666666666673,17.374333333333333,20.299000000000003,18.821000000000005,19.593333333333334,21.145625,18.371833333333328,20.150444444444442,20.085,19.896666666666672,18.55,20.93,18.951,17.6705,20.377,21.101333333333333,17.105,24.8675,20.4515,16.7,19.598333333333336,21.495,20.17875,19.67525,20.346666666666668,19.54,26.899519095632645,26.619270088068898,27.182685670862057,27.135224686545282,27.11187958971467,27.055188019979514,26.396516123621165,27.195589364303153,27.149559472687145,27.13394677340011,25.959227142599467,26.382610306771426,26.855539104678694,27.108922149911812,26.87122366329966,26.806752326118325,26.479616002660535,27.345583287237453,27.38351127188843,26.97623907775231,27.161797473214875,26.31189700176367,26.750134990928192,29.231764904572945
30,TX,26.632444444444445,27.383129292929297,28.256874777183604,27.83574361259656,27.226478121551647,26.85298849607183,26.68686688311688,26.98191622103387,27.065904280904284,28.20447811447812,27.60884090909091,27.009281043517884,27.669556353003717,27.045419588744586,28.37058181818182,27.86637916666667,26.504256012506012,24.463665015540013,25.83801250601251,27.708611712361716,27.69611625874126,27.27626584813655,28.82370672239637,27.956357297464447,26.43912012987013,27.766073461891647,29.062503520923524,29.06513797313797,26.92923941336441,26.595898212898213,26.01036636363636,27.703846445824713,28.33566807829852,27.47211288600289,26.568717584003306,28.80402249770432,28.012798611111112,29.486968855218848,28.076610959216215,28.27330756545043,28.865809363476032,27.559290704665703,30.37678537252222,28.306144300144297,29.05646011904762,27.71798593073593,27.71358189033189,27.52346939317993,29.16632186948853,29.205437421837424,27.405,28.58766003787879,23.110186688311693,29.174042632204394,29.186707900432896,29.22600282234105,28.69883008658009,29.617164975649352,31.64915343915344
31,WA,23.38214285714286,23.860469387755103,24.37845238095238,24.24414484126984,25.259396825396824,24.349642857142854,23.982702380952386,24.447945578231288,24.548214285714284,24.996734693877553,24.37558035714286,25.66583333333333,24.794,25.42975,23.4205,21.124,24.893554421768712,24.115183673469385,23.907102040816326,23.288292517006802,24.08676190476191,23.808857142857146,23.427210884353734,23.782959183673462,24.15833333333333,23.66087301587302,24.29123809523809,25.121020408163265,25.05895833333333,25.49058333333333,24.84525,26.49541666666667,25.65861904761905,24.83583333333333,24.686,25.95438888888889,24.378722222222233,24.49444444444445,25.49144444444445,25.50325396825397,26.45,26.14316666666667,25.329960317460323,26.282777777777767,25.25666666666667,25.28653333333333,25.076266666666665,23.08166666666667,24.24113333333333,25.22966666666667,25.97026666666667,26.273066666666665,28.02393333333333,25.32944444444445,25.58222222222223,27.37453333333333,27.798400000000004,25.226944444444445,26.388666666666666
32,NJ,23.350619637494635,27.54166666666667,27.935,25.727142857142855,26.14,27.868666666666666,26.569047619047623,26.72238095238095,26.367,24.64541666666667,27.912,27.057722222222214,28.660555555555558,27.59800000000001,26.11333333333333,25.28333333333333,26.25833333333333,30.86,24.795714285714286,26.396666666666665,27.41,26.821666666666665,26.178571428571423,26.06333333333333,16.63,25.825714285714287,26.316580369542585,26.236300357108707,26.68806035359846,25.576001580860968,26.05690144188004,26.40122057078826,26.64120608109106,26.419505035890033,26.01405728845728,26.899519095632645,26.619270088068898,27.182685670862057,27.135224686545282,27.11187958971467,27.055188019979514,26.396516123621165,27.195589364303153,27.149559472687145,27.13394677340011,21.67333333333333,11.29,26.855539104678694,27.108922149911812,26.87122366329966,26.806752326118325,26.479616002660535,27.345583287237453,27.38351127188843,26.97623907775231,27.161797473214875,26.31189700176367,26.750134990928192,29.231764904572945
33,HI,23.350619637494635,32.1775,31.56363636363637,31.08909090909091,32.062,33.05090909090909,31.769090909090906,30.91363636363636,30.69636363636364,30.46,31.44090909090909,30.73090909090909,30.02272727272728,31.55545454545455,31.888181818181817,30.721818181818186,31.13636363636364,32.15181818181818,31.83181818181818,30.4,30.72727272727273,32.10909090909091,32.92363636363636,33.48818181818181,32.22727272727272,33.28181818181818,32.192,31.20818181818182,33.35454545454546,32.688181818181825,32.61636363636364,32.12636363636364,32.45727272727272,31.86090909090909,31.915454545454544,30.92727272727273,30.39181818181818,32.361111111111114,33.7525,32.621111111111105,33.39363636363636,32.251999999999995,31.42,32.527,32.199090909090906,33.2825,32.971,33.644000000000005,31.961818181818185,31.926363636363643,33.382222222222225,34.21000000000001,27.345583287237453,27.38351127188843,26.97623907775231,27.161797473214875,26.31189700176367,26.750134990928192,29.231764904572945
34,IN,22.9825,27.449960317460324,26.59875,25.886285714285716,26.000317460317454,25.01355555555555,26.391904761904765,23.807142857142853,29.509166666666665,26.637059523809533,27.585011904761906,25.689166666666665,25.04133333333333,27.064,26.520357142857147,25.721041666666665,25.82600276121411,24.13733333333333,26.56104761904761,27.053555555555548,25.919126984126983,27.61353174603175,25.21185714285714,25.645833333333336,27.692142857142855,26.44373015873016,24.763928571428572,25.416802721088434,27.84063095238095,25.61384920634921,27.903952380952386,24.802619047619054,26.75851190476191,25.461,25.231374149659864,27.35097959183673,30.736428571428576,29.27,28.74466666666667,30.35388888888889,25.07476190476191,26.726285714285716,27.37514285714286,21.229,26.98111111111111,24.15625,28.35833333333333,30.495416666666664,28.994777777777767,27.566666666666666,26.555,25.249666666666666,28.321,28.21833333333333,28.441666666666666,29.41,28.070555555555558,27.298666666666673,29.805
35,PA,23.350619637494635,26.510205525176605,26.008871321306838,26.44953066215324,25.883434131757095,26.002912751743906,26.691174669070627,26.286510887052547,26.559354048869007,25.712648890865154,26.155518624560433,14.7625,13.915,14.622,23.9475,23.55,22.020888888888887,22.389333333333337,21.443222222222214,21.65733333333333,25.808000000000003,22.914,18.801666666666666,18.298333333333336,20.292,20.562,23.11,22.93166666666667,21.428,20.15,21.17,25.106,24.835,21.8325,26.01405728845728,26.899519095632645,26.619270088068898,27.182685670862057,27.135224686545282,27.11187958971467,24.616000000000003,24.425,26.82,25.162,27.13394677340011,25.959227142599467,26.382610306771426,26.855539104678694,27.108922149911812,26.87122366329966,26.806752326118325,26.479616002660535,27.345583287237453,27.38351127188843,26.97623907775231,27.161797473214875,26.31189700176367,26.750134990928192,29.231764904572945
36,VT,23.350619637494635,26.510205525176605,26.008871321306838,26.44953066215324,25.883434131757095,26.002912751743906,26.691174669070627,26.286510887052547,26.559354048869007,22.81,21.33,24.586,23.92833333333333,22.05,21.132,22.86333333333333,23.20166666666667,22.87,21.36571428571429,23.115,21.638571428571424,23.14,20.928571428571427,20.964285714285708,21.625714285714285,20.947142857142858,23.091666666666665,21.07571428571429,21.85571428571429,20.47428571428572,22.335,22.52666666666667,23.27666666666667,22.128571428571423,22.375714285714285,23.911428571428576,23.907142857142855,23.405,23.94857142857143,22.74142857142857,24.55833333333333,22.99,23.19142857142857,22.0,22.81571428571429,21.393333333333327,26.382610306771426,26.855539104678694,27.108922149911812,26.87122366329966,26.806752326118325,26.479616002660535,27.345583287237453,27.38351127188843,26.97623907775231,27.161797473214875,26.31189700176367,26.750134990928192,29.231764904572945
37,NM,23.375625,26.29213203463204,24.41571875,26.45545021645021,26.21489583333333,24.776599927849933,25.870595460095462,25.38254334554335,25.767468420468425,26.81278388278389,26.481258741258745,25.6044536019536,25.58982128982129,27.161004273504272,27.284928004535146,27.16020181405896,26.477680555555555,26.421664141414148,27.40966214088941,26.996643250688706,27.035452380952385,28.284938271604943,27.73653503787879,27.15147976190476,25.23152232142857,27.56138888888889,27.560803571428576,26.18175694444445,26.35196296296296,26.893735714285718,26.505779100529104,25.807547619047607,25.679565476190486,26.326035714285716,25.15627551020409,25.428408163265306,25.775408163265304,26.886607142857137,26.27957482993197,27.214081632653066,27.325374149659858,25.12333333333333,27.269420634920635,27.456380952380947,28.07469047619048,28.221547619047623,26.694365079365074,25.77025,22.124571428571425,23.71216666666667,26.23638888888889,22.3515,26.67616666666667,29.274285714285718,27.717142857142854,27.888571428571424,26.915714285714284,27.412857142857145,28.824
38,MD,26.385,31.608,28.657023809523807,26.04357142857143,26.527142857142852,27.587857142857146,27.998809523809534,27.68333333333333,29.02666666666667,23.48357142857143,28.9,27.204285714285717,27.1,27.021428571428572,27.877142857142854,27.69571428571428,26.431428571428572,27.48142857142857,24.61125,25.0075,24.85250000000001,24.551250000000003,25.845,26.3175,25.5425,22.682857142857145,22.77,23.30428571428572,23.85,20.674,24.7575,26.40122057078826,27.675,25.7275,27.32142857142857,25.54,26.86,27.48166666666667,27.03,28.872857142857146,27.032857142857146,25.42777777777778,27.436250000000005,23.695555555555558,29.86,26.23333333333333,26.515,25.898888888888887,24.436,24.06333333333333,26.806752326118325,26.479616002660535,27.345583287237453,27.38351127188843,26.97623907775231,27.161797473214875,26.31189700176367,26.750134990928192,29.231764904572945
39,VA,22.60875,29.330222222222233,29.469166666666666,31.182500000000005,25.3825,25.054642857142852,28.665714285714284,28.685,26.094285714285718,23.1575,24.08527777777777,26.81190476190476,27.258730158730163,26.39428571428572,27.99523809523809,27.44126984126985,25.954285714285717,27.06919642857143,21.81571428571429,28.792071428571425,28.889285714285712,27.153214285714284,28.518809523809523,28.521666666666665,26.992,21.50444444444444,24.990357142857146,25.35976190476191,25.99619047619048,24.9005,24.923809523809524,25.156071428571426,28.585952380952378,28.157857142857146,26.395714285714284,27.318571428571428,28.16142857142857,29.834285714285716,31.01857142857143,31.135714285714286,30.15142857142857,32.9,34.55,35.035,27.13394677340011,25.959227142599467,26.382610306771426,26.855539104678694,27.108922149911812,26.87122366329966,26.806752326118325,26.479616002660535,27.345583287237453,27.38351127188843,26.97623907775231,27.161797473214875,26.31189700176367,26.750134990928192,29.231764904572945
40,NC,21.61000000000001,26.17632575757576,25.66565259740259,24.995404906204904,24.71875064935065,25.5947012987013,26.319127272727275,26.466280303030306,26.13544155844157,25.936924242424244,25.966980952380954,25.6008937950938,26.11691111111111,26.22883333333333,27.58482638888889,25.14933333333333,23.89701388888889,26.343888888888888,24.907902777777768,26.477683080808077,25.66650000000001,26.681094426406922,28.123914141414147,26.940108946608945,25.735595959595962,27.350388888888887,27.695375,25.7855,25.25950000000001,23.94227272727273,27.26355555555555,24.48954545454545,27.026666666666664,27.38784722222222,25.86063636363636,27.68151515151516,26.927166666666665,27.43801587301587,21.88409090909091,25.35333333333333,26.965000000000003,28.50222222222222,31.96,32.125,27.13394677340011,25.959227142599467,26.382610306771426,26.855539104678694,27.108922149911812,26.87122366329966,26.806752326118325,26.479616002660535,27.345583287237453,27.38351127188843,26.97623907775231,27.161797473214875,26.31189700176367,26.750134990928192,29.231764904572945
41,MN,23.605,28.58388888888889,18.093333333333334,25.87,25.2025,23.204,25.21,24.64,24.626,24.044,23.924,24.47,22.338,26.915,22.513333333333332,22.946,22.564,23.928,24.41,21.56,29.05,26.352007585685506,26.004561463095136,26.661362673938093,26.23983086344411,26.113868422442216,21.73,26.278,26.768,25.0925,26.135,21.87333333333333,26.196,26.419505035890033,26.01405728845728,26.899519095632645,26.619270088068898,27.182685670862057,27.135224686545282,27.11187958971467,27.055188019979514,26.396516123621165,27.195589364303153,27.149559472687145,27.13394677340011,25.959227142599467,26.382610306771426,26.855539104678694,27.108922149911812,26.87122366329966,26.806752326118325,26.479616002660535,27.345583287237453,27.38351127188843,26.97623907775231,27.161797473214875,26.31189700176367,26.750134990928192,29.231764904572945
42,AR,25.68555555555556,27.80240740740741,28.26633333333333,27.22333333333333,26.82048148148148,27.563666666666666,28.589047619047623,26.92733333333333,26.5975,27.99,28.168888888888887,29.982499999999995,31.727142857142855,23.76250000000001,27.65833333333333,27.33285714285714,26.499142857142864,25.1975,26.704,29.111428571428572,29.57500000000001,28.37,29.36000000000001,28.72,26.23983086344411,26.113868422442216,26.316580369542585,26.236300357108707,26.68806035359846,25.576001580860968,26.05690144188004,26.40122057078826,26.64120608109106,26.419505035890033,26.01405728845728,26.899519095632645,26.619270088068898,27.182685670862057,27.135224686545282,27.11187958971467,27.055188019979514,26.396516123621165,27.195589364303153,27.149559472687145,27.13394677340011,25.959227142599467,26.382610306771426,26.855539104678694,27.108922149911812,26.87122366329966,26.806752326118325,26.479616002660535,27.345583287237453,27.38351127188843,26.97623907775231,27.161797473214875,26.31189700176367,26.750134990928192,29.231764904572945
43,NV,20.394583333333333,25.643500000000003,24.41136363636364,24.61403409090909,27.040719696969692,24.16294285714286,27.226742424242424,24.94930735930736,26.05519805194805,24.9282683982684,23.13107954545455,24.656944444444445,23.178875,22.19666666666667,27.147142857142853,26.43,20.365,23.523750000000003,24.33787121212121,23.76027272727273,23.99743441558441,24.378030303030304,25.434,28.12570707070707,26.444141414141413,26.356414141414138,27.39648148148149,27.520888888888887,25.75460606060606,26.43825757575758,26.66509090909091,26.17272727272728,26.49362962962963,26.22068181818182,26.072222222222226,29.51,27.361666666666665,29.096,29.0525,27.14142857142857,28.58666666666667,26.680000000000003,27.95666666666667,35.51600000000001,30.564,22.9025,25.275178571428576,27.09007575757576,26.59530303030303,25.88080808080809,27.600025974025968,25.909454545454544,26.96954545454545,27.130227272727275,24.61727272727273,23.64090909090909,24.33363636363637,28.41090909090909,29.469999999999995
44,WY,23.8665,25.58663333333333,24.54583333333333,25.94125757575757,25.5701,23.19868333333333,24.95066666666667,25.04893333333333,25.21133333333333,24.2685,24.2895,24.62670833333333,24.779416666666666,25.06157142857143,26.53493333333333,26.60533333333333,27.1538,27.858666666666664,25.58333333333333,25.07933333333333,26.519333333333336,26.86033333333333,26.71066666666667,28.702,25.45826530612245,26.04215986394557,25.171391156462587,26.49473809523809,25.724023809523807,27.368000000000002,25.881999999999998,28.7165,26.9295,30.585,29.520000000000003,28.188,28.51,29.02,28.0375,28.328000000000007,29.875,25.94250000000001,27.206,28.538,28.48200000000001,25.959227142599467,26.382610306771426,26.855539104678694,27.108922149911812,26.87122366329966,26.806752326118325,26.479616002660535,27.345583287237453,27.38351127188843,26.97623907775231,27.161797473214875,26.31189700176367,26.750134990928192,31.745
45,ID,22.28,23.74833333333333,23.48833333333333,25.892000000000003,24.50333333333333,22.98833333333333,23.22571428571429,23.654857142857146,23.87583333333333,22.80442857142857,23.262888888888888,25.02616666666667,25.8675,25.59625,26.69,26.84225,27.400533333333332,27.202,27.811875,23.384,25.474000000000004,25.59625,25.58333333333333,29.56044444444445,27.5275,29.200416666666666,28.54366666666667,26.50433333333333,27.186875,25.7675,24.26,26.62458333333333,25.14208333333333,25.79083333333333,23.80442857142857,24.89392857142857,23.84166666666667,23.115277777777766,25.528,23.92333333333333,25.39833333333333,24.81750000000001,23.411666666666665,26.52333333333333,24.517142857142854,22.838571428571424,27.95666666666667,24.07333333333333,25.135,26.768,30.13,26.266666666666666,28.906666666666666,30.016666666666666,26.97623907775231,27.7,24.64333333333333,28.8,29.231764904572945
46,UT,24.47,26.791224702380948,24.644802827380953,26.90793837535014,24.83923308270677,25.754757936507936,27.55574735449736,26.8470882936508,26.882721288515405,26.27981084656085,26.977260582010583,26.75271726190476,26.75789814814815,25.811342592592588,26.92812531328321,27.72189523809525,27.533500000000004,25.686407407407412,27.323994708994714,25.37987962962963,26.08979166666667,27.13800952380952,27.18160952380952,26.12701190476191,26.740767857142853,26.942304761904758,27.065061904761905,27.366703869047623,26.662768707482986,27.468253968253965,27.041579365079368,27.120642857142855,28.94377142857143,23.28392857142857,28.633333333333336,27.71129166666667,26.262561904761906,29.05842857142857,29.56726190476191,29.43308928571429,28.98491428571429,29.08383333333333,26.52590476190477,25.68625,25.8125,25.49375,27.54583333333333,26.854285714285716,30.495,26.87122366329966,32.7,29.16,32.7425,32.7125,31.338750000000005,32.13666666666667,31.9825,30.3675,34.67666666666667
47,OR,17.5975,18.751590909090904,21.000625,22.73583333333333,19.55909090909091,19.32636363636364,18.486363636363638,17.57393939393939,21.312813852813854,23.0459126984127,24.6872077922078,25.441299319727893,23.897797619047623,23.984866666666665,25.159268707483,24.393343915343923,25.90244217687075,25.998173469387755,24.414018140589572,23.50321933621934,24.319024943310666,25.153726190476192,26.06996825396825,23.76023636363637,25.31414285714286,24.225027777777786,25.555642857142853,26.16376984126984,24.451999999999998,24.64026303854876,24.350086734693882,26.4359126984127,27.360190476190475,25.58643333333333,23.0791,25.76025000000001,25.62925,26.92825,26.498000000000005,25.64412500000001,27.625,25.693416666666664,25.00950000000001,25.658,25.417375,22.58462500000001,24.09033333333333,22.292428571428577,23.7045,25.723666666666666,25.1995,25.70216666666667,25.315,25.47875,25.76875,27.502,25.92875,26.71666666666667,29.04
48,MI,20.393333333333327,23.376746031746034,22.371666666666666,23.70733333333333,24.55722222222222,24.662777777777766,25.20966666666667,24.381761904761905,25.078714285714284,23.10619047619048,24.692714285714285,24.150396825396825,24.595317460317464,23.846761904761905,23.473174603174602,23.618333333333336,22.78833333333333,28.3575,26.36000000000001,24.12166666666667,26.363141235215746,24.532,19.22,22.21666666666667,28.4725,27.36333333333333,26.316580369542585,26.236300357108707,26.68806035359846,25.576001580860968,22.88000000000001,21.815,22.91,24.26250000000001,24.7375,25.794,26.4125,20.854000000000006,23.608,24.8755,24.20444444444445,23.743333333333336,25.84133333333333,27.07625,25.14958333333333,26.9125,24.745,25.27,26.515,28.06333333333333,24.65,24.246666666666666,27.345583287237453,27.38351127188843,26.97623907775231,27.161797473214875,26.31189700176367,26.750134990928192,29.231764904572945
49,ND,20.165,21.049629629629628,22.05183333333333,23.08128333333333,25.88366666666667,24.55008333333333,28.15613333333333,27.42306666666666,25.255375000000004,25.09825,24.5705,25.172875,24.82075,25.96562500000001,25.18725,24.899125,26.831875,24.305750000000003,25.608833333333337,24.301666666666666,27.2925,26.49444444444445,22.909,25.34033333333333,25.851999999999997,26.495,22.75716666666667,24.51041666666667,25.34825,21.919,21.3875,23.925,24.13,23.405,23.840000000000003,23.6,22.405,23.07666666666667,23.95666666666667,23.01,22.5625,20.22,22.52666666666667,23.185,22.575,17.13,22.63,14.43,23.31,26.87122366329966,26.806752326118325,26.479616002660535,27.345583287237453,27.38351127188843,26.97623907775231,27.161797473214875,26.31189700176367,26.750134990928192,29.231764904572945
